[2026-05-14 15:21:17] ERROR: 
Matrix Ego:
[[4.19377603e-01 3.88031655e-01 4.72956127e-01 1.74382642e-04]
 [2.51414013e-01 2.14401862e-01 2.18016184e-01 4.82895313e-03]
 [1.34414770e-02 1.03544306e-01 2.33902511e-01 4.62600659e-03]
 [3.44354723e-01 3.00503828e-01 4.42914187e-01 2.24774157e-01]]
Matrix Adv:
[[4.19377879e-01 3.88031655e-01 4.72956147e-01 4.81810913e-01]
 [2.54989580e-01 2.14454911e-01 2.18076763e-01 8.17539510e-02]
 [5.22029063e-01 1.03777863e-01 2.34299096e-01 6.35326482e-02]
 [1.00755883e-49 0.00000000e+00 0.00000000e+00 0.00000000e+00]]
--------------------------------------------------
[2026-05-14 15:21:17] ERROR: 
Matrix Ego:
[[4.19377603e-01 3.88031655e-01 4.72956127e-01 1.74382642e-04]
 [2.51414013e-01 2.14401862e-01 2.18016184e-01 4.82895313e-03]
 [1.34414770e-02 1.03544306e-01 2.33902511e-01 4.62600659e-03]
 [3.44354723e-01 3.00503828e-01 4.42914187e-01 2.24774157e-01]]
Matrix Adv:
[[4.19377879e-01 3.88031655e-01 4.72956147e-01 4.81810913e-01]
 [2.54989580e-01 2.14454911e-01 2.18076763e-01 8.17539510e-02]
 [5.22029063e-01 1.03777863e-01 2.34299096e-01 6.35326482e-02]
 [1.00755883e-49 0.00000000e+00 0.00000000e+00 0.00000000e+00]]
--------------------------------------------------
[2026-05-14 15:21:17] ERROR: 
Matrix Ego:
[[4.19377603e-01 3.88031655e-01 4.72956127e-01 1.74382642e-04]
 [2.51414013e-01 2.14401862e-01 2.18016184e-01 4.82895313e-03]
 [1.34414770e-02 1.03544306e-01 2.33902511e-01 4.62600659e-03]
 [3.44453984e-01 3.00503828e-01 4.42914187e-01 2.24774157e-01]]
Matrix Adv:
[[4.19377879e-01 3.88031655e-01 4.72956147e-01 4.81810913e-01]
 [2.54989580e-01 2.14454911e-01 2.18076763e-01 8.17539510e-02]
 [5.22029063e-01 1.03777863e-01 2.34299096e-01 6.35326482e-02]
 [9.06802949e-50 0.00000000e+00 0.00000000e+00 0.00000000e+00]]
--------------------------------------------------
[2026-05-14 15:21:17] ERROR: 
Matrix Ego:
[[4.19377603e-01 3.88031655e-01 4.72956127e-01 1.74382642e-04]
 [2.51414013e-01 2.14401862e-01 2.18016184e-01 4.82895313e-03]
 [1.34414770e-02 1.03544306e-01 2.33902511e-01 4.62600659e-03]
 [3.44453984e-01 3.00503828e-01 4.42914187e-01 2.24774157e-01]]
Matrix Adv:
[[4.19377879e-01 3.88031655e-01 4.72956147e-01 4.81810913e-01]
 [2.54989580e-01 2.14454911e-01 2.18076763e-01 8.17539510e-02]
 [5.22029063e-01 1.03777863e-01 2.34299096e-01 6.35326482e-02]
 [9.06802949e-50 0.00000000e+00 0.00000000e+00 0.00000000e+00]]
--------------------------------------------------
[2026-05-14 15:21:17] ERROR: 
Matrix Ego:
[[4.19377603e-01 3.88031655e-01 4.72956127e-01 1.74382642e-04]
 [2.51414013e-01 2.14401862e-01 2.18016184e-01 4.82895313e-03]
 [1.20973293e-02 1.03544306e-01 2.33902511e-01 4.62600659e-03]
 [3.44453984e-01 3.00503828e-01 4.42914187e-01 2.24774157e-01]]
Matrix Adv:
[[4.19377879e-01 3.88031655e-01 4.72956147e-01 4.81810913e-01]
 [2.54989580e-01 2.14454911e-01 2.18076763e-01 8.17539510e-02]
 [5.32557150e-01 1.03777863e-01 2.34299096e-01 6.35326482e-02]
 [9.06802949e-50 0.00000000e+00 0.00000000e+00 0.00000000e+00]]
--------------------------------------------------
[2026-05-14 15:21:17] ERROR: 
Matrix Ego:
[[4.19377603e-01 3.88031655e-01 4.72956127e-01 1.74382642e-04]
 [2.51414013e-01 2.14401862e-01 2.18016184e-01 4.82895313e-03]
 [1.20973293e-02 1.03544306e-01 2.33902511e-01 4.62600659e-03]
 [3.44453984e-01 3.00503828e-01 4.42914187e-01 2.24774157e-01]]
Matrix Adv:
[[4.19377879e-01 3.88031655e-01 4.72956147e-01 4.81810913e-01]
 [2.54989580e-01 2.14454911e-01 2.18076763e-01 8.17539510e-02]
 [5.32557150e-01 1.03777863e-01 2.34299096e-01 6.35326482e-02]
 [9.06802949e-50 0.00000000e+00 0.00000000e+00 0.00000000e+00]]
--------------------------------------------------
[2026-05-14 15:21:18] ERROR: 
Matrix Ego:
[[4.19377603e-01 3.88031655e-01 4.72956127e-01 1.74382642e-04]
 [2.51414013e-01 2.14401862e-01 2.18016184e-01 4.82895313e-03]
 [1.20973293e-02 1.03544306e-01 2.33902511e-01 4.62600659e-03]
 [3.44554169e-01 3.00503828e-01 4.42914187e-01 2.24774157e-01]]
Matrix Adv:
[[4.19377879e-01 3.88031655e-01 4.72956147e-01 4.81810913e-01]
 [2.54989580e-01 2.14454911e-01 2.18076763e-01 8.17539510e-02]
 [5.32557150e-01 1.03777863e-01 2.34299096e-01 6.35326482e-02]
 [8.16122654e-50 0.00000000e+00 0.00000000e+00 0.00000000e+00]]
--------------------------------------------------
[2026-05-14 15:21:18] ERROR: 
Matrix Ego:
[[4.19377603e-01 3.88031655e-01 4.72956127e-01 1.74382642e-04]
 [2.51414013e-01 2.14401862e-01 2.18016184e-01 4.82895313e-03]
 [1.20973293e-02 1.03544306e-01 2.33902511e-01 4.62600659e-03]
 [3.44554169e-01 3.00503828e-01 4.42914187e-01 2.24774157e-01]]
Matrix Adv:
[[4.19377879e-01 3.88031655e-01 4.72956147e-01 4.81810913e-01]
 [2.54989580e-01 2.14454911e-01 2.18076763e-01 8.17539510e-02]
 [5.32557150e-01 1.03777863e-01 2.34299096e-01 6.35326482e-02]
 [8.16122654e-50 0.00000000e+00 0.00000000e+00 0.00000000e+00]]
--------------------------------------------------
[2026-05-14 15:21:18] ERROR: 
Matrix Ego:
[[4.19377603e-01 3.88031655e-01 4.72956127e-01 1.74382642e-04]
 [2.51414013e-01 2.14401862e-01 2.18016184e-01 4.82895313e-03]
 [1.20973293e-02 1.03544306e-01 2.33902511e-01 4.62600659e-03]
 [3.44644334e-01 3.00503828e-01 4.42914187e-01 2.24774157e-01]]
Matrix Adv:
[[4.19377879e-01 3.88031655e-01 4.72956147e-01 4.81810913e-01]
 [2.54989580e-01 2.14454911e-01 2.18076763e-01 8.17539510e-02]
 [5.32557150e-01 1.03777863e-01 2.34299096e-01 6.35326482e-02]
 [7.34510389e-50 0.00000000e+00 0.00000000e+00 0.00000000e+00]]
--------------------------------------------------
[2026-05-14 15:21:18] ERROR: 
Matrix Ego:
[[4.19377603e-01 3.88031655e-01 4.72956127e-01 1.74382642e-04]
 [2.51414013e-01 2.14401862e-01 2.18016184e-01 4.82895313e-03]
 [1.20973293e-02 1.03544306e-01 2.33902511e-01 4.62600659e-03]
 [3.44644334e-01 3.00503828e-01 4.42914187e-01 2.24774157e-01]]
Matrix Adv:
[[4.19377879e-01 3.88031655e-01 4.72956147e-01 4.81810913e-01]
 [2.54989580e-01 2.14454911e-01 2.18076763e-01 8.17539510e-02]
 [5.32557150e-01 1.03777863e-01 2.34299096e-01 6.35326482e-02]
 [7.34510389e-50 0.00000000e+00 0.00000000e+00 0.00000000e+00]]
--------------------------------------------------
[2026-05-14 15:21:18] ERROR: 
Matrix Ego:
[[4.19377603e-01 3.88031655e-01 4.72956127e-01 1.74382642e-04]
 [2.51414013e-01 2.14401862e-01 2.25971486e-01 4.82895313e-03]
 [1.20973293e-02 1.03544306e-01 2.33902511e-01 4.62600659e-03]
 [3.44644334e-01 3.00503828e-01 4.42914187e-01 2.24774157e-01]]
Matrix Adv:
[[4.19377879e-01 3.88031655e-01 4.72956147e-01 4.81810913e-01]
 [2.54989580e-01 2.14454911e-01 2.26029177e-01 8.17539510e-02]
 [5.32557150e-01 1.03777863e-01 2.34299096e-01 6.35326482e-02]
 [7.34510389e-50 0.00000000e+00 0.00000000e+00 0.00000000e+00]]
--------------------------------------------------
[2026-05-14 15:21:18] ERROR: 
Matrix Ego:
[[4.19377603e-01 3.88031655e-01 4.72956127e-01 1.74382642e-04]
 [2.51414013e-01 2.14401862e-01 2.25971486e-01 4.82895313e-03]
 [1.20973293e-02 1.03544306e-01 2.33902511e-01 4.62600659e-03]
 [3.44644334e-01 3.00503828e-01 4.42914187e-01 2.24774157e-01]]
Matrix Adv:
[[4.19377879e-01 3.88031655e-01 4.72956147e-01 4.81810913e-01]
 [2.54989580e-01 2.14454911e-01 2.26029177e-01 8.17539510e-02]
 [5.32557150e-01 1.03777863e-01 2.34299096e-01 6.35326482e-02]
 [7.34510389e-50 0.00000000e+00 0.00000000e+00 0.00000000e+00]]
--------------------------------------------------
[2026-05-14 15:21:18] ERROR: 
Matrix Ego:
[[4.19377603e-01 3.88031655e-01 4.75622727e-01 1.74382642e-04]
 [2.51414013e-01 2.14401862e-01 2.25971486e-01 4.82895313e-03]
 [1.20973293e-02 1.03544306e-01 2.33902511e-01 4.62600659e-03]
 [3.44644334e-01 3.00503828e-01 4.42914187e-01 2.24774157e-01]]
Matrix Adv:
[[4.19377879e-01 3.88031655e-01 4.75622746e-01 4.81810913e-01]
 [2.54989580e-01 2.14454911e-01 2.26029177e-01 8.17539510e-02]
 [5.32557150e-01 1.03777863e-01 2.34299096e-01 6.35326482e-02]
 [7.34510389e-50 0.00000000e+00 0.00000000e+00 0.00000000e+00]]
--------------------------------------------------
[2026-05-14 15:21:18] ERROR: 
Matrix Ego:
[[4.19377603e-01 3.88031655e-01 4.75622727e-01 1.74382642e-04]
 [2.51414013e-01 2.14401862e-01 2.25971486e-01 4.82895313e-03]
 [1.20973293e-02 1.03544306e-01 2.33902511e-01 4.62600659e-03]
 [3.44644334e-01 3.00503828e-01 4.42914187e-01 2.24774157e-01]]
Matrix Adv:
[[4.19377879e-01 3.88031655e-01 4.75622746e-01 4.81810913e-01]
 [2.54989580e-01 2.14454911e-01 2.26029177e-01 8.17539510e-02]
 [5.32557150e-01 1.03777863e-01 2.34299096e-01 6.35326482e-02]
 [7.34510389e-50 0.00000000e+00 0.00000000e+00 0.00000000e+00]]
--------------------------------------------------
[2026-05-14 15:21:18] ERROR: 
Matrix Ego:
[[4.19377603e-01 3.88031655e-01 4.75622727e-01 1.56944378e-04]
 [2.51414013e-01 2.14401862e-01 2.25971486e-01 4.82895313e-03]
 [1.20973293e-02 1.03544306e-01 2.33902511e-01 4.62600659e-03]
 [3.44644334e-01 3.00503828e-01 4.42914187e-01 2.24774157e-01]]
Matrix Adv:
[[4.19377879e-01 3.88031655e-01 4.75622746e-01 4.88111118e-01]
 [2.54989580e-01 2.14454911e-01 2.26029177e-01 8.17539510e-02]
 [5.32557150e-01 1.03777863e-01 2.34299096e-01 6.35326482e-02]
 [7.34510389e-50 0.00000000e+00 0.00000000e+00 0.00000000e+00]]
--------------------------------------------------
[2026-05-14 15:21:18] ERROR: 
Matrix Ego:
[[4.19377603e-01 3.88031655e-01 4.75622727e-01 1.56944378e-04]
 [2.51414013e-01 2.14401862e-01 2.25971486e-01 4.82895313e-03]
 [1.20973293e-02 1.03544306e-01 2.33902511e-01 4.62600659e-03]
 [3.44644334e-01 3.00503828e-01 4.42914187e-01 2.24774157e-01]]
Matrix Adv:
[[4.19377879e-01 3.88031655e-01 4.75622746e-01 4.88111118e-01]
 [2.54989580e-01 2.14454911e-01 2.26029177e-01 8.17539510e-02]
 [5.32557150e-01 1.03777863e-01 2.34299096e-01 6.35326482e-02]
 [7.34510389e-50 0.00000000e+00 0.00000000e+00 0.00000000e+00]]
--------------------------------------------------
[2026-05-14 15:21:18] ERROR: 
Matrix Ego:
[[4.19377603e-01 3.88031655e-01 4.78022668e-01 1.56944378e-04]
 [2.51414013e-01 2.14401862e-01 2.25971486e-01 4.82895313e-03]
 [1.20973293e-02 1.03544306e-01 2.33902511e-01 4.62600659e-03]
 [3.44644334e-01 3.00503828e-01 4.42914187e-01 2.24774157e-01]]
Matrix Adv:
[[4.19377879e-01 3.88031655e-01 4.78022684e-01 4.88111118e-01]
 [2.54989580e-01 2.14454911e-01 2.26029177e-01 8.17539510e-02]
 [5.32557150e-01 1.03777863e-01 2.34299096e-01 6.35326482e-02]
 [7.34510389e-50 0.00000000e+00 0.00000000e+00 0.00000000e+00]]
--------------------------------------------------
[2026-05-14 15:21:18] ERROR: 
Matrix Ego:
[[4.19377603e-01 3.88031655e-01 4.78022668e-01 1.56944378e-04]
 [2.51414013e-01 2.14401862e-01 2.25971486e-01 4.82895313e-03]
 [1.20973293e-02 1.03544306e-01 2.33902511e-01 4.62600659e-03]
 [3.44644334e-01 3.00503828e-01 4.42914187e-01 2.24774157e-01]]
Matrix Adv:
[[4.19377879e-01 3.88031655e-01 4.78022684e-01 4.88111118e-01]
 [2.54989580e-01 2.14454911e-01 2.26029177e-01 8.17539510e-02]
 [5.32557150e-01 1.03777863e-01 2.34299096e-01 6.35326482e-02]
 [7.34510389e-50 0.00000000e+00 0.00000000e+00 0.00000000e+00]]
--------------------------------------------------
[2026-05-14 15:21:19] ERROR: 
Matrix Ego:
[[4.19377603e-01 3.88031655e-01 4.78022668e-01 1.56944378e-04]
 [2.51414013e-01 2.14401862e-01 2.25971486e-01 4.82895313e-03]
 [1.20973293e-02 1.03544306e-01 2.33902511e-01 4.62600659e-03]
 [3.44644334e-01 3.00503828e-01 4.40130263e-01 2.24774157e-01]]
Matrix Adv:
[[4.19377879e-01 3.88031655e-01 4.78022684e-01 4.88111118e-01]
 [2.54989580e-01 2.14454911e-01 2.26029177e-01 8.17539510e-02]
 [5.32557150e-01 1.03777863e-01 2.34299096e-01 6.35326482e-02]
 [7.34510389e-50 0.00000000e+00 0.00000000e+00 0.00000000e+00]]
--------------------------------------------------
[2026-05-14 15:21:19] ERROR: 
Matrix Ego:
[[4.19377603e-01 3.88031655e-01 4.78022668e-01 1.56944378e-04]
 [2.51414013e-01 2.14401862e-01 2.25971486e-01 4.82895313e-03]
 [1.20973293e-02 1.03544306e-01 2.33902511e-01 4.62600659e-03]
 [3.44644334e-01 3.00503828e-01 4.40130263e-01 2.24774157e-01]]
Matrix Adv:
[[4.19377879e-01 3.88031655e-01 4.78022684e-01 4.88111118e-01]
 [2.54989580e-01 2.14454911e-01 2.26029177e-01 8.17539510e-02]
 [5.32557150e-01 1.03777863e-01 2.34299096e-01 6.35326482e-02]
 [7.34510389e-50 0.00000000e+00 0.00000000e+00 0.00000000e+00]]
--------------------------------------------------
[2026-05-14 15:21:19] ERROR: 
Matrix Ego:
[[4.19377603e-01 3.88031655e-01 4.78022668e-01 1.56944378e-04]
 [2.51414013e-01 2.14401862e-01 2.25971486e-01 4.82895313e-03]
 [1.20973293e-02 1.03544306e-01 2.33902511e-01 4.62600659e-03]
 [3.44736236e-01 3.00503828e-01 4.40130263e-01 2.24774157e-01]]
Matrix Adv:
[[4.19377879e-01 3.88031655e-01 4.78022684e-01 4.88111118e-01]
 [2.54989580e-01 2.14454911e-01 2.26029177e-01 8.17539510e-02]
 [5.32557150e-01 1.03777863e-01 2.34299096e-01 6.35326482e-02]
 [6.61059350e-50 0.00000000e+00 0.00000000e+00 0.00000000e+00]]
--------------------------------------------------
[2026-05-14 15:21:19] ERROR: 
Matrix Ego:
[[4.19377603e-01 3.88031655e-01 4.78022668e-01 1.56944378e-04]
 [2.51414013e-01 2.14401862e-01 2.25971486e-01 4.82895313e-03]
 [1.20973293e-02 1.03544306e-01 2.33902511e-01 4.62600659e-03]
 [3.44736236e-01 3.00503828e-01 4.40130263e-01 2.24774157e-01]]
Matrix Adv:
[[4.19377879e-01 3.88031655e-01 4.78022684e-01 4.88111118e-01]
 [2.54989580e-01 2.14454911e-01 2.26029177e-01 8.17539510e-02]
 [5.32557150e-01 1.03777863e-01 2.34299096e-01 6.35326482e-02]
 [6.61059350e-50 0.00000000e+00 0.00000000e+00 0.00000000e+00]]
--------------------------------------------------
[2026-05-14 15:21:19] ERROR: 
Matrix Ego:
[[4.19377603e-01 3.88031655e-01 4.78022668e-01 1.56944378e-04]
 [2.51414013e-01 2.14401862e-01 2.25971486e-01 4.82895313e-03]
 [1.20973293e-02 1.03544306e-01 2.33902511e-01 4.62600659e-03]
 [3.44829568e-01 3.00503828e-01 4.40130263e-01 2.24774157e-01]]
Matrix Adv:
[[4.19377879e-01 3.88031655e-01 4.78022684e-01 4.88111118e-01]
 [2.54989580e-01 2.14454911e-01 2.26029177e-01 8.17539510e-02]
 [5.32557150e-01 1.03777863e-01 2.34299096e-01 6.35326482e-02]
 [5.94953415e-50 0.00000000e+00 0.00000000e+00 0.00000000e+00]]
--------------------------------------------------
[2026-05-14 15:21:19] ERROR: 
Matrix Ego:
[[4.19377603e-01 3.88031655e-01 4.78022668e-01 1.56944378e-04]
 [2.51414013e-01 2.14401862e-01 2.25971486e-01 4.82895313e-03]
 [1.20973293e-02 1.03544306e-01 2.33902511e-01 4.62600659e-03]
 [3.44829568e-01 3.00503828e-01 4.40130263e-01 2.24774157e-01]]
Matrix Adv:
[[4.19377879e-01 3.88031655e-01 4.78022684e-01 4.88111118e-01]
 [2.54989580e-01 2.14454911e-01 2.26029177e-01 8.17539510e-02]
 [5.32557150e-01 1.03777863e-01 2.34299096e-01 6.35326482e-02]
 [5.94953415e-50 0.00000000e+00 0.00000000e+00 0.00000000e+00]]
--------------------------------------------------
[2026-05-14 15:21:19] ERROR: 
Matrix Ego:
[[4.19377603e-01 3.88031655e-01 4.78022668e-01 1.56944378e-04]
 [2.51414013e-01 2.14401862e-01 2.25971486e-01 4.82895313e-03]
 [1.20973293e-02 1.03544306e-01 2.33902511e-01 4.62600659e-03]
 [3.44924029e-01 3.00503828e-01 4.40130263e-01 2.24774157e-01]]
Matrix Adv:
[[4.19377879e-01 3.88031655e-01 4.78022684e-01 4.88111118e-01]
 [2.54989580e-01 2.14454911e-01 2.26029177e-01 8.17539510e-02]
 [5.32557150e-01 1.03777863e-01 2.34299096e-01 6.35326482e-02]
 [5.35458073e-50 0.00000000e+00 0.00000000e+00 0.00000000e+00]]
--------------------------------------------------
[2026-05-14 15:21:19] ERROR: 
Matrix Ego:
[[4.19377603e-01 3.88031655e-01 4.78022668e-01 1.56944378e-04]
 [2.51414013e-01 2.14401862e-01 2.25971486e-01 4.82895313e-03]
 [1.20973293e-02 1.03544306e-01 2.33902511e-01 4.62600659e-03]
 [3.44924029e-01 3.00503828e-01 4.40130263e-01 2.24774157e-01]]
Matrix Adv:
[[4.19377879e-01 3.88031655e-01 4.78022684e-01 4.88111118e-01]
 [2.54989580e-01 2.14454911e-01 2.26029177e-01 8.17539510e-02]
 [5.32557150e-01 1.03777863e-01 2.34299096e-01 6.35326482e-02]
 [5.35458073e-50 0.00000000e+00 0.00000000e+00 0.00000000e+00]]
--------------------------------------------------
[2026-05-14 15:21:20] ERROR: 
Matrix Ego:
[[4.19377603e-01 3.88031655e-01 4.78022668e-01 1.56944378e-04]
 [2.51414013e-01 2.14401862e-01 2.25971486e-01 4.82895313e-03]
 [1.20973293e-02 1.03544306e-01 2.33902511e-01 4.62600659e-03]
 [3.45019320e-01 3.00503828e-01 4.40130263e-01 2.24774157e-01]]
Matrix Adv:
[[4.19377879e-01 3.88031655e-01 4.78022684e-01 4.88111118e-01]
 [2.54989580e-01 2.14454911e-01 2.26029177e-01 8.17539510e-02]
 [5.32557150e-01 1.03777863e-01 2.34299096e-01 6.35326482e-02]
 [4.81912266e-50 0.00000000e+00 0.00000000e+00 0.00000000e+00]]
--------------------------------------------------
[2026-05-14 15:21:20] ERROR: 
Matrix Ego:
[[4.19377603e-01 3.88031655e-01 4.78022668e-01 1.56944378e-04]
 [2.51414013e-01 2.14401862e-01 2.25971486e-01 4.82895313e-03]
 [1.20973293e-02 1.03544306e-01 2.33902511e-01 4.62600659e-03]
 [3.45019320e-01 3.00503828e-01 4.40130263e-01 2.24774157e-01]]
Matrix Adv:
[[4.19377879e-01 3.88031655e-01 4.78022684e-01 4.88111118e-01]
 [2.54989580e-01 2.14454911e-01 2.26029177e-01 8.17539510e-02]
 [5.32557150e-01 1.03777863e-01 2.34299096e-01 6.35326482e-02]
 [4.81912266e-50 0.00000000e+00 0.00000000e+00 0.00000000e+00]]
--------------------------------------------------
[2026-05-14 15:21:21] ERROR: 
Matrix Ego:
[[4.19377603e-01 3.88031655e-01 4.78022668e-01 1.56944378e-04]
 [2.51414013e-01 2.14401862e-01 2.25971486e-01 4.82895313e-03]
 [1.20973293e-02 1.03544306e-01 2.33902511e-01 4.62600659e-03]
 [3.45115154e-01 3.00503828e-01 4.40130263e-01 2.24774157e-01]]
Matrix Adv:
[[4.19377879e-01 3.88031655e-01 4.78022684e-01 4.88111118e-01]
 [2.54989580e-01 2.14454911e-01 2.26029177e-01 8.17539510e-02]
 [5.32557150e-01 1.03777863e-01 2.34299096e-01 6.35326482e-02]
 [4.33721039e-50 0.00000000e+00 0.00000000e+00 0.00000000e+00]]
--------------------------------------------------
[2026-05-14 15:21:21] ERROR: 
Matrix Ego:
[[4.19377603e-01 3.88031655e-01 4.78022668e-01 1.56944378e-04]
 [2.51414013e-01 2.14401862e-01 2.25971486e-01 4.82895313e-03]
 [1.20973293e-02 1.03544306e-01 2.33902511e-01 4.62600659e-03]
 [3.45115154e-01 3.00503828e-01 4.40130263e-01 2.24774157e-01]]
Matrix Adv:
[[4.19377879e-01 3.88031655e-01 4.78022684e-01 4.88111118e-01]
 [2.54989580e-01 2.14454911e-01 2.26029177e-01 8.17539510e-02]
 [5.32557150e-01 1.03777863e-01 2.34299096e-01 6.35326482e-02]
 [4.33721039e-50 0.00000000e+00 0.00000000e+00 0.00000000e+00]]
--------------------------------------------------
[2026-05-14 15:21:21] ERROR: 
Matrix Ego:
[[4.19377603e-01 3.88031655e-01 4.78022668e-01 1.56944378e-04]
 [2.51414013e-01 2.14401862e-01 2.25971486e-01 4.82895313e-03]
 [1.20973293e-02 1.03544306e-01 2.33902511e-01 4.62600659e-03]
 [3.45211267e-01 3.00503828e-01 4.40130263e-01 2.24774157e-01]]
Matrix Adv:
[[4.19377879e-01 3.88031655e-01 4.78022684e-01 4.88111118e-01]
 [2.54989580e-01 2.14454911e-01 2.26029177e-01 8.17539510e-02]
 [5.32557150e-01 1.03777863e-01 2.34299096e-01 6.35326482e-02]
 [3.90348935e-50 0.00000000e+00 0.00000000e+00 0.00000000e+00]]
--------------------------------------------------
[2026-05-14 15:21:21] ERROR: 
Matrix Ego:
[[4.19377603e-01 3.88031655e-01 4.78022668e-01 1.56944378e-04]
 [2.51414013e-01 2.14401862e-01 2.25971486e-01 4.82895313e-03]
 [1.20973293e-02 1.03544306e-01 2.33902511e-01 4.62600659e-03]
 [3.45211267e-01 3.00503828e-01 4.40130263e-01 2.24774157e-01]]
Matrix Adv:
[[4.19377879e-01 3.88031655e-01 4.78022684e-01 4.88111118e-01]
 [2.54989580e-01 2.14454911e-01 2.26029177e-01 8.17539510e-02]
 [5.32557150e-01 1.03777863e-01 2.34299096e-01 6.35326482e-02]
 [3.90348935e-50 0.00000000e+00 0.00000000e+00 0.00000000e+00]]
--------------------------------------------------
[2026-05-14 15:21:21] ERROR: 
Matrix Ego:
[[4.19377603e-01 3.88031655e-01 4.80182614e-01 1.56944378e-04]
 [2.51414013e-01 2.14401862e-01 2.25971486e-01 4.82895313e-03]
 [1.20973293e-02 1.03544306e-01 2.33902511e-01 4.62600659e-03]
 [3.45211267e-01 3.00503828e-01 4.40130263e-01 2.24774157e-01]]
Matrix Adv:
[[4.19377879e-01 3.88031655e-01 4.80182629e-01 4.88111118e-01]
 [2.54989580e-01 2.14454911e-01 2.26029177e-01 8.17539510e-02]
 [5.32557150e-01 1.03777863e-01 2.34299096e-01 6.35326482e-02]
 [3.90348935e-50 0.00000000e+00 0.00000000e+00 0.00000000e+00]]
--------------------------------------------------
[2026-05-14 15:21:21] ERROR: 
Matrix Ego:
[[4.19377603e-01 3.88031655e-01 4.80182614e-01 1.56944378e-04]
 [2.51414013e-01 2.14401862e-01 2.25971486e-01 4.82895313e-03]
 [1.20973293e-02 1.03544306e-01 2.33902511e-01 4.62600659e-03]
 [3.45211267e-01 3.00503828e-01 4.40130263e-01 2.24774157e-01]]
Matrix Adv:
[[4.19377879e-01 3.88031655e-01 4.80182629e-01 4.88111118e-01]
 [2.54989580e-01 2.14454911e-01 2.26029177e-01 8.17539510e-02]
 [5.32557150e-01 1.03777863e-01 2.34299096e-01 6.35326482e-02]
 [3.90348935e-50 0.00000000e+00 0.00000000e+00 0.00000000e+00]]
--------------------------------------------------
[2026-05-14 15:21:21] ERROR: 
Matrix Ego:
[[4.19377603e-01 3.88031655e-01 4.80182614e-01 1.56944378e-04]
 [2.51414013e-01 2.14401862e-01 2.25971486e-01 4.82895313e-03]
 [1.20973293e-02 1.03544306e-01 2.33902511e-01 4.62600659e-03]
 [3.45307412e-01 3.00503828e-01 4.40130263e-01 2.24774157e-01]]
Matrix Adv:
[[4.19377879e-01 3.88031655e-01 4.80182629e-01 4.88111118e-01]
 [2.54989580e-01 2.14454911e-01 2.26029177e-01 8.17539510e-02]
 [5.32557150e-01 1.03777863e-01 2.34299096e-01 6.35326482e-02]
 [3.51314042e-50 0.00000000e+00 0.00000000e+00 0.00000000e+00]]
--------------------------------------------------
[2026-05-14 15:21:21] ERROR: 
Matrix Ego:
[[4.19377603e-01 3.88031655e-01 4.80182614e-01 1.56944378e-04]
 [2.51414013e-01 2.14401862e-01 2.25971486e-01 4.82895313e-03]
 [1.20973293e-02 1.03544306e-01 2.33902511e-01 4.62600659e-03]
 [3.45307412e-01 3.00503828e-01 4.40130263e-01 2.24774157e-01]]
Matrix Adv:
[[4.19377879e-01 3.88031655e-01 4.80182629e-01 4.88111118e-01]
 [2.54989580e-01 2.14454911e-01 2.26029177e-01 8.17539510e-02]
 [5.32557150e-01 1.03777863e-01 2.34299096e-01 6.35326482e-02]
 [3.51314042e-50 0.00000000e+00 0.00000000e+00 0.00000000e+00]]
--------------------------------------------------
[2026-05-14 15:21:21] ERROR: 
Matrix Ego:
[[4.19377603e-01 3.88031655e-01 4.80182614e-01 1.56944378e-04]
 [2.51414013e-01 2.14401862e-01 2.25971486e-01 4.82895313e-03]
 [1.20973293e-02 1.03544306e-01 2.33902511e-01 4.62600659e-03]
 [3.45403379e-01 3.00503828e-01 4.40130263e-01 2.24774157e-01]]
Matrix Adv:
[[4.19377879e-01 3.88031655e-01 4.80182629e-01 4.88111118e-01]
 [2.54989580e-01 2.14454911e-01 2.26029177e-01 8.17539510e-02]
 [5.32557150e-01 1.03777863e-01 2.34299096e-01 6.35326482e-02]
 [3.16182638e-50 0.00000000e+00 0.00000000e+00 0.00000000e+00]]
--------------------------------------------------
[2026-05-14 15:21:21] ERROR: 
Matrix Ego:
[[4.19377603e-01 3.88031655e-01 4.80182614e-01 1.56944378e-04]
 [2.51414013e-01 2.14401862e-01 2.25971486e-01 4.82895313e-03]
 [1.20973293e-02 1.03544306e-01 2.33902511e-01 4.62600659e-03]
 [3.45403379e-01 3.00503828e-01 4.40130263e-01 2.24774157e-01]]
Matrix Adv:
[[4.19377879e-01 3.88031655e-01 4.80182629e-01 4.88111118e-01]
 [2.54989580e-01 2.14454911e-01 2.26029177e-01 8.17539510e-02]
 [5.32557150e-01 1.03777863e-01 2.34299096e-01 6.35326482e-02]
 [3.16182638e-50 0.00000000e+00 0.00000000e+00 0.00000000e+00]]
--------------------------------------------------
[2026-05-14 15:21:21] ERROR: 
Matrix Ego:
[[4.19377603e-01 3.88031655e-01 4.82126566e-01 1.56944378e-04]
 [2.51414013e-01 2.14401862e-01 2.25971486e-01 4.82895313e-03]
 [1.20973293e-02 1.03544306e-01 2.33902511e-01 4.62600659e-03]
 [3.45403379e-01 3.00503828e-01 4.40130263e-01 2.24774157e-01]]
Matrix Adv:
[[4.19377879e-01 3.88031655e-01 4.82126579e-01 4.88111118e-01]
 [2.54989580e-01 2.14454911e-01 2.26029177e-01 8.17539510e-02]
 [5.32557150e-01 1.03777863e-01 2.34299096e-01 6.35326482e-02]
 [3.16182638e-50 0.00000000e+00 0.00000000e+00 0.00000000e+00]]
--------------------------------------------------
[2026-05-14 15:21:21] ERROR: 
Matrix Ego:
[[4.19377603e-01 3.88031655e-01 4.82126566e-01 1.56944378e-04]
 [2.51414013e-01 2.14401862e-01 2.25971486e-01 4.82895313e-03]
 [1.20973293e-02 1.03544306e-01 2.33902511e-01 4.62600659e-03]
 [3.45403379e-01 3.00503828e-01 4.40130263e-01 2.24774157e-01]]
Matrix Adv:
[[4.19377879e-01 3.88031655e-01 4.82126579e-01 4.88111118e-01]
 [2.54989580e-01 2.14454911e-01 2.26029177e-01 8.17539510e-02]
 [5.32557150e-01 1.03777863e-01 2.34299096e-01 6.35326482e-02]
 [3.16182638e-50 0.00000000e+00 0.00000000e+00 0.00000000e+00]]
--------------------------------------------------
[2026-05-14 15:21:21] ERROR: 
Matrix Ego:
[[4.19377603e-01 3.88031655e-01 4.82126566e-01 1.56944378e-04]
 [2.51414013e-01 2.14401862e-01 2.25971486e-01 4.82895313e-03]
 [1.20973293e-02 1.03544306e-01 2.33902511e-01 4.62600659e-03]
 [3.45498996e-01 3.00503828e-01 4.40130263e-01 2.24774157e-01]]
Matrix Adv:
[[4.19377879e-01 3.88031655e-01 4.82126579e-01 4.88111118e-01]
 [2.54989580e-01 2.14454911e-01 2.26029177e-01 8.17539510e-02]
 [5.32557150e-01 1.03777863e-01 2.34299096e-01 6.35326482e-02]
 [2.84564374e-50 0.00000000e+00 0.00000000e+00 0.00000000e+00]]
--------------------------------------------------
[2026-05-14 15:21:21] ERROR: 
Matrix Ego:
[[4.19377603e-01 3.88031655e-01 4.82126566e-01 1.56944378e-04]
 [2.51414013e-01 2.14401862e-01 2.25971486e-01 4.82895313e-03]
 [1.20973293e-02 1.03544306e-01 2.33902511e-01 4.62600659e-03]
 [3.45498996e-01 3.00503828e-01 4.40130263e-01 2.24774157e-01]]
Matrix Adv:
[[4.19377879e-01 3.88031655e-01 4.82126579e-01 4.88111118e-01]
 [2.54989580e-01 2.14454911e-01 2.26029177e-01 8.17539510e-02]
 [5.32557150e-01 1.03777863e-01 2.34299096e-01 6.35326482e-02]
 [2.84564374e-50 0.00000000e+00 0.00000000e+00 0.00000000e+00]]
--------------------------------------------------
[2026-05-14 15:21:22] ERROR: 
Matrix Ego:
[[4.19377603e-01 3.88031655e-01 4.82126566e-01 1.56944378e-04]
 [2.51414013e-01 2.14401862e-01 2.25971486e-01 4.82895313e-03]
 [1.20973293e-02 1.03544306e-01 2.33902511e-01 4.62600659e-03]
 [3.45594141e-01 3.00503828e-01 4.40130263e-01 2.24774157e-01]]
Matrix Adv:
[[4.19377879e-01 3.88031655e-01 4.82126579e-01 4.88111118e-01]
 [2.54989580e-01 2.14454911e-01 2.26029177e-01 8.17539510e-02]
 [5.32557150e-01 1.03777863e-01 2.34299096e-01 6.35326482e-02]
 [2.56107937e-50 0.00000000e+00 0.00000000e+00 0.00000000e+00]]
--------------------------------------------------
[2026-05-14 15:21:22] ERROR: 
Matrix Ego:
[[4.19377603e-01 3.88031655e-01 4.82126566e-01 1.56944378e-04]
 [2.51414013e-01 2.14401862e-01 2.25971486e-01 4.82895313e-03]
 [1.20973293e-02 1.03544306e-01 2.33902511e-01 4.62600659e-03]
 [3.45594141e-01 3.00503828e-01 4.40130263e-01 2.24774157e-01]]
Matrix Adv:
[[4.19377879e-01 3.88031655e-01 4.82126579e-01 4.88111118e-01]
 [2.54989580e-01 2.14454911e-01 2.26029177e-01 8.17539510e-02]
 [5.32557150e-01 1.03777863e-01 2.34299096e-01 6.35326482e-02]
 [2.56107937e-50 0.00000000e+00 0.00000000e+00 0.00000000e+00]]
--------------------------------------------------
[2026-05-14 15:21:22] ERROR: 
Matrix Ego:
[[4.19377603e-01 3.88031655e-01 4.82126566e-01 1.56944378e-04]
 [2.51414013e-01 2.14401862e-01 2.25971486e-01 4.82895313e-03]
 [1.20973293e-02 1.03544306e-01 2.33902511e-01 4.62600659e-03]
 [3.45688741e-01 3.00503828e-01 4.40130263e-01 2.24774157e-01]]
Matrix Adv:
[[4.19377879e-01 3.88031655e-01 4.82126579e-01 4.88111118e-01]
 [2.54989580e-01 2.14454911e-01 2.26029177e-01 8.17539510e-02]
 [5.32557150e-01 1.03777863e-01 2.34299096e-01 6.35326482e-02]
 [2.30497143e-50 0.00000000e+00 0.00000000e+00 0.00000000e+00]]
--------------------------------------------------
[2026-05-14 15:21:22] ERROR: 
Matrix Ego:
[[4.19377603e-01 3.88031655e-01 4.82126566e-01 1.56944378e-04]
 [2.51414013e-01 2.14401862e-01 2.25971486e-01 4.82895313e-03]
 [1.20973293e-02 1.03544306e-01 2.33902511e-01 4.62600659e-03]
 [3.45688741e-01 3.00503828e-01 4.40130263e-01 2.24774157e-01]]
Matrix Adv:
[[4.19377879e-01 3.88031655e-01 4.82126579e-01 4.88111118e-01]
 [2.54989580e-01 2.14454911e-01 2.26029177e-01 8.17539510e-02]
 [5.32557150e-01 1.03777863e-01 2.34299096e-01 6.35326482e-02]
 [2.30497143e-50 0.00000000e+00 0.00000000e+00 0.00000000e+00]]
--------------------------------------------------
[2026-05-14 15:21:22] ERROR: 
Matrix Ego:
[[4.19377603e-01 3.88031655e-01 4.82126566e-01 1.56944378e-04]
 [2.51414013e-01 2.14401862e-01 2.25971486e-01 4.82895313e-03]
 [1.20973293e-02 1.03544306e-01 2.33902511e-01 4.62600659e-03]
 [3.45773880e-01 3.00503828e-01 4.40130263e-01 2.24774157e-01]]
Matrix Adv:
[[4.19377879e-01 3.88031655e-01 4.82126579e-01 4.88111118e-01]
 [2.54989580e-01 2.14454911e-01 2.26029177e-01 8.17539510e-02]
 [5.32557150e-01 1.03777863e-01 2.34299096e-01 6.35326482e-02]
 [2.07447429e-50 0.00000000e+00 0.00000000e+00 0.00000000e+00]]
--------------------------------------------------
[2026-05-14 15:21:22] ERROR: 
Matrix Ego:
[[4.19377603e-01 3.88031655e-01 4.82126566e-01 1.56944378e-04]
 [2.51414013e-01 2.14401862e-01 2.25971486e-01 4.82895313e-03]
 [1.20973293e-02 1.03544306e-01 2.33902511e-01 4.62600659e-03]
 [3.45773880e-01 3.00503828e-01 4.40130263e-01 2.24774157e-01]]
Matrix Adv:
[[4.19377879e-01 3.88031655e-01 4.82126579e-01 4.88111118e-01]
 [2.54989580e-01 2.14454911e-01 2.26029177e-01 8.17539510e-02]
 [5.32557150e-01 1.03777863e-01 2.34299096e-01 6.35326482e-02]
 [2.07447429e-50 0.00000000e+00 0.00000000e+00 0.00000000e+00]]
--------------------------------------------------
[2026-05-14 15:21:23] ERROR: 
Matrix Ego:
[[4.19377603e-01 3.88031655e-01 4.82126566e-01 1.56944378e-04]
 [2.51414013e-01 2.14401862e-01 2.25971486e-01 4.82895313e-03]
 [1.20973293e-02 1.03544306e-01 2.33902511e-01 4.62600659e-03]
 [3.45858578e-01 3.00503828e-01 4.40130263e-01 2.24774157e-01]]
Matrix Adv:
[[4.19377879e-01 3.88031655e-01 4.82126579e-01 4.88111118e-01]
 [2.54989580e-01 2.14454911e-01 2.26029177e-01 8.17539510e-02]
 [5.32557150e-01 1.03777863e-01 2.34299096e-01 6.35326482e-02]
 [1.86702686e-50 0.00000000e+00 0.00000000e+00 0.00000000e+00]]
--------------------------------------------------
[2026-05-14 15:21:23] ERROR: 
Matrix Ego:
[[4.19377603e-01 3.88031655e-01 4.82126566e-01 1.56944378e-04]
 [2.51414013e-01 2.14401862e-01 2.25971486e-01 4.82895313e-03]
 [1.20973293e-02 1.03544306e-01 2.33902511e-01 4.62600659e-03]
 [3.45858578e-01 3.00503828e-01 4.40130263e-01 2.24774157e-01]]
Matrix Adv:
[[4.19377879e-01 3.88031655e-01 4.82126579e-01 4.88111118e-01]
 [2.54989580e-01 2.14454911e-01 2.26029177e-01 8.17539510e-02]
 [5.32557150e-01 1.03777863e-01 2.34299096e-01 6.35326482e-02]
 [1.86702686e-50 0.00000000e+00 0.00000000e+00 0.00000000e+00]]
--------------------------------------------------
[2026-05-14 15:21:23] ERROR: 
Matrix Ego:
[[4.19377603e-01 3.88031655e-01 4.82126566e-01 1.56944378e-04]
 [2.51414013e-01 2.14401862e-01 2.25971486e-01 4.82895313e-03]
 [1.20973293e-02 1.03544306e-01 2.33902511e-01 4.62600659e-03]
 [3.45942868e-01 3.00503828e-01 4.40130263e-01 2.24774157e-01]]
Matrix Adv:
[[4.19377879e-01 3.88031655e-01 4.82126579e-01 4.88111118e-01]
 [2.54989580e-01 2.14454911e-01 2.26029177e-01 8.17539510e-02]
 [5.32557150e-01 1.03777863e-01 2.34299096e-01 6.35326482e-02]
 [1.68032417e-50 0.00000000e+00 0.00000000e+00 0.00000000e+00]]
--------------------------------------------------
[2026-05-14 15:21:23] ERROR: 
Matrix Ego:
[[4.19377603e-01 3.88031655e-01 4.82126566e-01 1.56944378e-04]
 [2.51414013e-01 2.14401862e-01 2.25971486e-01 4.82895313e-03]
 [1.20973293e-02 1.03544306e-01 2.33902511e-01 4.62600659e-03]
 [3.45942868e-01 3.00503828e-01 4.40130263e-01 2.24774157e-01]]
Matrix Adv:
[[4.19377879e-01 3.88031655e-01 4.82126579e-01 4.88111118e-01]
 [2.54989580e-01 2.14454911e-01 2.26029177e-01 8.17539510e-02]
 [5.32557150e-01 1.03777863e-01 2.34299096e-01 6.35326482e-02]
 [1.68032417e-50 0.00000000e+00 0.00000000e+00 0.00000000e+00]]
--------------------------------------------------
[2026-05-14 15:21:23] ERROR: 
Matrix Ego:
[[4.19377603e-01 3.88031655e-01 4.82126566e-01 1.56944378e-04]
 [2.51414013e-01 2.14401862e-01 2.25971486e-01 4.82895313e-03]
 [1.20973293e-02 1.03544306e-01 2.33902511e-01 4.62600659e-03]
 [3.46026799e-01 3.00503828e-01 4.40130263e-01 2.24774157e-01]]
Matrix Adv:
[[4.19377879e-01 3.88031655e-01 4.82126579e-01 4.88111118e-01]
 [2.54989580e-01 2.14454911e-01 2.26029177e-01 8.17539510e-02]
 [5.32557150e-01 1.03777863e-01 2.34299096e-01 6.35326482e-02]
 [1.51229175e-50 0.00000000e+00 0.00000000e+00 0.00000000e+00]]
--------------------------------------------------
[2026-05-14 15:21:23] ERROR: 
Matrix Ego:
[[4.19377603e-01 3.88031655e-01 4.82126566e-01 1.56944378e-04]
 [2.51414013e-01 2.14401862e-01 2.25971486e-01 4.82895313e-03]
 [1.20973293e-02 1.03544306e-01 2.33902511e-01 4.62600659e-03]
 [3.46026799e-01 3.00503828e-01 4.40130263e-01 2.24774157e-01]]
Matrix Adv:
[[4.19377879e-01 3.88031655e-01 4.82126579e-01 4.88111118e-01]
 [2.54989580e-01 2.14454911e-01 2.26029177e-01 8.17539510e-02]
 [5.32557150e-01 1.03777863e-01 2.34299096e-01 6.35326482e-02]
 [1.51229175e-50 0.00000000e+00 0.00000000e+00 0.00000000e+00]]
--------------------------------------------------
[2026-05-14 15:21:24] ERROR: 
Matrix Ego:
[[4.19377603e-01 3.88031655e-01 4.82126566e-01 1.56944378e-04]
 [2.51414013e-01 2.14401862e-01 2.25971486e-01 4.82895313e-03]
 [1.20973293e-02 1.03544306e-01 2.33902511e-01 4.62600659e-03]
 [3.46110434e-01 3.00503828e-01 4.40130263e-01 2.24774157e-01]]
Matrix Adv:
[[4.19377879e-01 3.88031655e-01 4.82126579e-01 4.88111118e-01]
 [2.54989580e-01 2.14454911e-01 2.26029177e-01 8.17539510e-02]
 [5.32557150e-01 1.03777863e-01 2.34299096e-01 6.35326482e-02]
 [1.36106258e-50 0.00000000e+00 0.00000000e+00 0.00000000e+00]]
--------------------------------------------------
[2026-05-14 15:21:24] ERROR: 
Matrix Ego:
[[4.19377603e-01 3.88031655e-01 4.82126566e-01 1.56944378e-04]
 [2.51414013e-01 2.14401862e-01 2.25971486e-01 4.82895313e-03]
 [1.20973293e-02 1.03544306e-01 2.33902511e-01 4.62600659e-03]
 [3.46110434e-01 3.00503828e-01 4.40130263e-01 2.24774157e-01]]
Matrix Adv:
[[4.19377879e-01 3.88031655e-01 4.82126579e-01 4.88111118e-01]
 [2.54989580e-01 2.14454911e-01 2.26029177e-01 8.17539510e-02]
 [5.32557150e-01 1.03777863e-01 2.34299096e-01 6.35326482e-02]
 [1.36106258e-50 0.00000000e+00 0.00000000e+00 0.00000000e+00]]
--------------------------------------------------
[2026-05-14 15:21:24] ERROR: 
Matrix Ego:
[[4.19377603e-01 3.88031655e-01 4.82126566e-01 1.56944378e-04]
 [2.51414013e-01 2.14401862e-01 2.25971486e-01 4.82895313e-03]
 [1.20973293e-02 1.03544306e-01 2.33902511e-01 4.62600659e-03]
 [3.46193857e-01 3.00503828e-01 4.40130263e-01 2.24774157e-01]]
Matrix Adv:
[[4.19377879e-01 3.88031655e-01 4.82126579e-01 4.88111118e-01]
 [2.54989580e-01 2.14454911e-01 2.26029177e-01 8.17539510e-02]
 [5.32557150e-01 1.03777863e-01 2.34299096e-01 6.35326482e-02]
 [1.22495632e-50 0.00000000e+00 0.00000000e+00 0.00000000e+00]]
--------------------------------------------------
[2026-05-14 15:21:24] ERROR: 
Matrix Ego:
[[4.19377603e-01 3.88031655e-01 4.82126566e-01 1.56944378e-04]
 [2.51414013e-01 2.14401862e-01 2.25971486e-01 4.82895313e-03]
 [1.20973293e-02 1.03544306e-01 2.33902511e-01 4.62600659e-03]
 [3.46193857e-01 3.00503828e-01 4.40130263e-01 2.24774157e-01]]
Matrix Adv:
[[4.19377879e-01 3.88031655e-01 4.82126579e-01 4.88111118e-01]
 [2.54989580e-01 2.14454911e-01 2.26029177e-01 8.17539510e-02]
 [5.32557150e-01 1.03777863e-01 2.34299096e-01 6.35326482e-02]
 [1.22495632e-50 0.00000000e+00 0.00000000e+00 0.00000000e+00]]
--------------------------------------------------
[2026-05-14 15:21:24] ERROR: 
Matrix Ego:
[[4.19377603e-01 3.88031655e-01 4.82126566e-01 1.56944378e-04]
 [2.51414013e-01 2.14401862e-01 2.25971486e-01 4.82895313e-03]
 [1.20973293e-02 1.03544306e-01 2.33902511e-01 4.62600659e-03]
 [3.46268937e-01 3.00503828e-01 4.40130263e-01 2.24774157e-01]]
Matrix Adv:
[[4.19377879e-01 3.88031655e-01 4.82126579e-01 4.88111118e-01]
 [2.54989580e-01 2.14454911e-01 2.26029177e-01 8.17539510e-02]
 [5.32557150e-01 1.03777863e-01 2.34299096e-01 6.35326482e-02]
 [1.10246069e-50 0.00000000e+00 0.00000000e+00 0.00000000e+00]]
--------------------------------------------------
[2026-05-14 15:21:24] ERROR: 
Matrix Ego:
[[4.19377603e-01 3.88031655e-01 4.82126566e-01 1.56944378e-04]
 [2.51414013e-01 2.14401862e-01 2.25971486e-01 4.82895313e-03]
 [1.20973293e-02 1.03544306e-01 2.33902511e-01 4.62600659e-03]
 [3.46268937e-01 3.00503828e-01 4.40130263e-01 2.24774157e-01]]
Matrix Adv:
[[4.19377879e-01 3.88031655e-01 4.82126579e-01 4.88111118e-01]
 [2.54989580e-01 2.14454911e-01 2.26029177e-01 8.17539510e-02]
 [5.32557150e-01 1.03777863e-01 2.34299096e-01 6.35326482e-02]
 [1.10246069e-50 0.00000000e+00 0.00000000e+00 0.00000000e+00]]
--------------------------------------------------
[2026-05-14 15:21:24] ERROR: 
Matrix Ego:
[[4.19377603e-01 3.88031655e-01 4.82126566e-01 1.56944378e-04]
 [2.51414013e-01 2.14401862e-01 2.25971486e-01 4.82895313e-03]
 [1.20973293e-02 1.03544306e-01 2.33902511e-01 4.62600659e-03]
 [3.46343844e-01 3.00503828e-01 4.40130263e-01 2.24774157e-01]]
Matrix Adv:
[[4.19377879e-01 3.88031655e-01 4.82126579e-01 4.88111118e-01]
 [2.54989580e-01 2.14454911e-01 2.26029177e-01 8.17539510e-02]
 [5.32557150e-01 1.03777863e-01 2.34299096e-01 6.35326482e-02]
 [9.92214620e-51 0.00000000e+00 0.00000000e+00 0.00000000e+00]]
--------------------------------------------------
[2026-05-14 15:21:24] ERROR: 
Matrix Ego:
[[4.19377603e-01 3.88031655e-01 4.82126566e-01 1.56944378e-04]
 [2.51414013e-01 2.14401862e-01 2.25971486e-01 4.82895313e-03]
 [1.20973293e-02 1.03544306e-01 2.33902511e-01 4.62600659e-03]
 [3.46343844e-01 3.00503828e-01 4.40130263e-01 2.24774157e-01]]
Matrix Adv:
[[4.19377879e-01 3.88031655e-01 4.82126579e-01 4.88111118e-01]
 [2.54989580e-01 2.14454911e-01 2.26029177e-01 8.17539510e-02]
 [5.32557150e-01 1.03777863e-01 2.34299096e-01 6.35326482e-02]
 [9.92214620e-51 0.00000000e+00 0.00000000e+00 0.00000000e+00]]
--------------------------------------------------
[2026-05-14 15:21:25] ERROR: 
Matrix Ego:
[[4.19377603e-01 3.88031655e-01 4.82126566e-01 1.56944378e-04]
 [2.51414013e-01 2.14401862e-01 2.25971486e-01 4.82895313e-03]
 [1.20973293e-02 1.03544306e-01 2.33902511e-01 4.62600659e-03]
 [3.46418749e-01 3.00503828e-01 4.40130263e-01 2.24774157e-01]]
Matrix Adv:
[[4.19377879e-01 3.88031655e-01 4.82126579e-01 4.88111118e-01]
 [2.54989580e-01 2.14454911e-01 2.26029177e-01 8.17539510e-02]
 [5.32557150e-01 1.03777863e-01 2.34299096e-01 6.35326482e-02]
 [8.92993158e-51 0.00000000e+00 0.00000000e+00 0.00000000e+00]]
--------------------------------------------------
[2026-05-14 15:21:25] ERROR: 
Matrix Ego:
[[4.19377603e-01 3.88031655e-01 4.82126566e-01 1.56944378e-04]
 [2.51414013e-01 2.14401862e-01 2.25971486e-01 4.82895313e-03]
 [1.20973293e-02 1.03544306e-01 2.33902511e-01 4.62600659e-03]
 [3.46418749e-01 3.00503828e-01 4.40130263e-01 2.24774157e-01]]
Matrix Adv:
[[4.19377879e-01 3.88031655e-01 4.82126579e-01 4.88111118e-01]
 [2.54989580e-01 2.14454911e-01 2.26029177e-01 8.17539510e-02]
 [5.32557150e-01 1.03777863e-01 2.34299096e-01 6.35326482e-02]
 [8.92993158e-51 0.00000000e+00 0.00000000e+00 0.00000000e+00]]
--------------------------------------------------
[2026-05-14 15:21:25] ERROR: 
Matrix Ego:
[[4.19377603e-01 3.88031655e-01 4.82126566e-01 1.56944378e-04]
 [2.51414013e-01 2.14401862e-01 2.25971486e-01 4.82895313e-03]
 [1.20973293e-02 1.03544306e-01 2.33902511e-01 4.62600659e-03]
 [3.46486163e-01 3.00503828e-01 4.40130263e-01 2.24774157e-01]]
Matrix Adv:
[[4.19377879e-01 3.88031655e-01 4.82126579e-01 4.88111118e-01]
 [2.54989580e-01 2.14454911e-01 2.26029177e-01 8.17539510e-02]
 [5.32557150e-01 1.03777863e-01 2.34299096e-01 6.35326482e-02]
 [8.03693842e-51 0.00000000e+00 0.00000000e+00 0.00000000e+00]]
--------------------------------------------------
[2026-05-14 15:21:25] ERROR: 
Matrix Ego:
[[4.19377603e-01 3.88031655e-01 4.82126566e-01 1.56944378e-04]
 [2.51414013e-01 2.14401862e-01 2.25971486e-01 4.82895313e-03]
 [1.20973293e-02 1.03544306e-01 2.33902511e-01 4.62600659e-03]
 [3.46486163e-01 3.00503828e-01 4.40130263e-01 2.24774157e-01]]
Matrix Adv:
[[4.19377879e-01 3.88031655e-01 4.82126579e-01 4.88111118e-01]
 [2.54989580e-01 2.14454911e-01 2.26029177e-01 8.17539510e-02]
 [5.32557150e-01 1.03777863e-01 2.34299096e-01 6.35326482e-02]
 [8.03693842e-51 0.00000000e+00 0.00000000e+00 0.00000000e+00]]
--------------------------------------------------
[2026-05-14 15:21:25] ERROR: 
Matrix Ego:
[[4.19377603e-01 3.88031655e-01 4.82126566e-01 1.56944378e-04]
 [2.51414013e-01 2.14401862e-01 2.25971486e-01 4.82895313e-03]
 [1.20973293e-02 1.03544306e-01 2.33902511e-01 4.62600659e-03]
 [3.46554375e-01 3.00503828e-01 4.40130263e-01 2.24774157e-01]]
Matrix Adv:
[[4.19377879e-01 3.88031655e-01 4.82126579e-01 4.88111118e-01]
 [2.54989580e-01 2.14454911e-01 2.26029177e-01 8.17539510e-02]
 [5.32557150e-01 1.03777863e-01 2.34299096e-01 6.35326482e-02]
 [7.23324458e-51 0.00000000e+00 0.00000000e+00 0.00000000e+00]]
--------------------------------------------------
[2026-05-14 15:21:25] ERROR: 
Matrix Ego:
[[4.19377603e-01 3.88031655e-01 4.82126566e-01 1.56944378e-04]
 [2.51414013e-01 2.14401862e-01 2.25971486e-01 4.82895313e-03]
 [1.20973293e-02 1.03544306e-01 2.33902511e-01 4.62600659e-03]
 [3.46554375e-01 3.00503828e-01 4.40130263e-01 2.24774157e-01]]
Matrix Adv:
[[4.19377879e-01 3.88031655e-01 4.82126579e-01 4.88111118e-01]
 [2.54989580e-01 2.14454911e-01 2.26029177e-01 8.17539510e-02]
 [5.32557150e-01 1.03777863e-01 2.34299096e-01 6.35326482e-02]
 [7.23324458e-51 0.00000000e+00 0.00000000e+00 0.00000000e+00]]
--------------------------------------------------
[2026-05-14 15:21:25] ERROR: 
Matrix Ego:
[[4.19377603e-01 3.88031655e-01 4.82126566e-01 1.56944378e-04]
 [2.51414013e-01 2.14401862e-01 2.25971486e-01 4.82895313e-03]
 [1.20973293e-02 1.03544306e-01 2.36405607e-01 4.62600659e-03]
 [3.46554375e-01 3.00503828e-01 4.40130263e-01 2.24774157e-01]]
Matrix Adv:
[[4.19377879e-01 3.88031655e-01 4.82126579e-01 4.88111118e-01]
 [2.54989580e-01 2.14454911e-01 2.26029177e-01 8.17539510e-02]
 [5.32557150e-01 1.03777863e-01 2.36793301e-01 6.35326482e-02]
 [7.23324458e-51 0.00000000e+00 0.00000000e+00 0.00000000e+00]]
--------------------------------------------------
[2026-05-14 15:21:25] ERROR: 
Matrix Ego:
[[4.19377603e-01 3.88031655e-01 4.82126566e-01 1.56944378e-04]
 [2.51414013e-01 2.14401862e-01 2.25971486e-01 4.82895313e-03]
 [1.20973293e-02 1.03544306e-01 2.36405607e-01 4.62600659e-03]
 [3.46554375e-01 3.00503828e-01 4.40130263e-01 2.24774157e-01]]
Matrix Adv:
[[4.19377879e-01 3.88031655e-01 4.82126579e-01 4.88111118e-01]
 [2.54989580e-01 2.14454911e-01 2.26029177e-01 8.17539510e-02]
 [5.32557150e-01 1.03777863e-01 2.36793301e-01 6.35326482e-02]
 [7.23324458e-51 0.00000000e+00 0.00000000e+00 0.00000000e+00]]
--------------------------------------------------
[2026-05-14 15:21:26] ERROR: 
Matrix Ego:
[[4.19377603e-01 3.88031655e-01 4.82126566e-01 1.56944378e-04]
 [2.51414013e-01 2.14401862e-01 2.25971486e-01 4.82895313e-03]
 [1.20973293e-02 1.03544306e-01 2.36405607e-01 4.62600659e-03]
 [3.46623381e-01 3.00503828e-01 4.40130263e-01 2.24774157e-01]]
Matrix Adv:
[[4.19377879e-01 3.88031655e-01 4.82126579e-01 4.88111118e-01]
 [2.54989580e-01 2.14454911e-01 2.26029177e-01 8.17539510e-02]
 [5.32557150e-01 1.03777863e-01 2.36793301e-01 6.35326482e-02]
 [6.50992012e-51 0.00000000e+00 0.00000000e+00 0.00000000e+00]]
--------------------------------------------------
[2026-05-14 15:21:26] ERROR: 
Matrix Ego:
[[4.19377603e-01 3.88031655e-01 4.82126566e-01 1.56944378e-04]
 [2.51414013e-01 2.14401862e-01 2.25971486e-01 4.82895313e-03]
 [1.20973293e-02 1.03544306e-01 2.36405607e-01 4.62600659e-03]
 [3.46623381e-01 3.00503828e-01 4.40130263e-01 2.24774157e-01]]
Matrix Adv:
[[4.19377879e-01 3.88031655e-01 4.82126579e-01 4.88111118e-01]
 [2.54989580e-01 2.14454911e-01 2.26029177e-01 8.17539510e-02]
 [5.32557150e-01 1.03777863e-01 2.36793301e-01 6.35326482e-02]
 [6.50992012e-51 0.00000000e+00 0.00000000e+00 0.00000000e+00]]
--------------------------------------------------
[2026-05-14 15:21:26] ERROR: 
Matrix Ego:
[[4.19377603e-01 3.88031655e-01 4.82126566e-01 1.56944378e-04]
 [2.51414013e-01 2.14401862e-01 2.25971486e-01 4.82895313e-03]
 [1.20973293e-02 1.03544306e-01 2.36405607e-01 4.62600659e-03]
 [3.46685486e-01 3.00503828e-01 4.40130263e-01 2.24774157e-01]]
Matrix Adv:
[[4.19377879e-01 3.88031655e-01 4.82126579e-01 4.88111118e-01]
 [2.54989580e-01 2.14454911e-01 2.26029177e-01 8.17539510e-02]
 [5.32557150e-01 1.03777863e-01 2.36793301e-01 6.35326482e-02]
 [5.85892811e-51 0.00000000e+00 0.00000000e+00 0.00000000e+00]]
--------------------------------------------------
[2026-05-14 15:21:26] ERROR: 
Matrix Ego:
[[4.19377603e-01 3.88031655e-01 4.82126566e-01 1.56944378e-04]
 [2.51414013e-01 2.14401862e-01 2.25971486e-01 4.82895313e-03]
 [1.20973293e-02 1.03544306e-01 2.36405607e-01 4.62600659e-03]
 [3.46685486e-01 3.00503828e-01 4.40130263e-01 2.24774157e-01]]
Matrix Adv:
[[4.19377879e-01 3.88031655e-01 4.82126579e-01 4.88111118e-01]
 [2.54989580e-01 2.14454911e-01 2.26029177e-01 8.17539510e-02]
 [5.32557150e-01 1.03777863e-01 2.36793301e-01 6.35326482e-02]
 [5.85892811e-51 0.00000000e+00 0.00000000e+00 0.00000000e+00]]
--------------------------------------------------
[2026-05-14 15:21:26] ERROR: 
Matrix Ego:
[[4.19377603e-01 3.88031655e-01 4.82126566e-01 1.56944378e-04]
 [2.51414013e-01 2.14401862e-01 2.25971486e-01 4.82895313e-03]
 [1.20973293e-02 1.03544306e-01 2.36405607e-01 4.62600659e-03]
 [3.46749096e-01 3.00503828e-01 4.40130263e-01 2.24774157e-01]]
Matrix Adv:
[[4.19377879e-01 3.88031655e-01 4.82126579e-01 4.88111118e-01]
 [2.54989580e-01 2.14454911e-01 2.26029177e-01 8.17539510e-02]
 [5.32557150e-01 1.03777863e-01 2.36793301e-01 6.35326482e-02]
 [5.27303530e-51 0.00000000e+00 0.00000000e+00 0.00000000e+00]]
--------------------------------------------------
[2026-05-14 15:21:26] ERROR: 
Matrix Ego:
[[4.19377603e-01 3.88031655e-01 4.82126566e-01 1.56944378e-04]
 [2.51414013e-01 2.14401862e-01 2.25971486e-01 4.82895313e-03]
 [1.20973293e-02 1.03544306e-01 2.36405607e-01 4.62600659e-03]
 [3.46749096e-01 3.00503828e-01 4.40130263e-01 2.24774157e-01]]
Matrix Adv:
[[4.19377879e-01 3.88031655e-01 4.82126579e-01 4.88111118e-01]
 [2.54989580e-01 2.14454911e-01 2.26029177e-01 8.17539510e-02]
 [5.32557150e-01 1.03777863e-01 2.36793301e-01 6.35326482e-02]
 [5.27303530e-51 0.00000000e+00 0.00000000e+00 0.00000000e+00]]
--------------------------------------------------
[2026-05-14 15:21:26] ERROR: 
Matrix Ego:
[[4.19377603e-01 3.88031655e-01 4.82126566e-01 1.56944378e-04]
 [2.51414013e-01 2.14401862e-01 2.25971486e-01 4.82895313e-03]
 [1.20973293e-02 1.03544306e-01 2.36405607e-01 4.62600659e-03]
 [3.46814174e-01 3.00503828e-01 4.40130263e-01 2.24774157e-01]]
Matrix Adv:
[[4.19377879e-01 3.88031655e-01 4.82126579e-01 4.88111118e-01]
 [2.54989580e-01 2.14454911e-01 2.26029177e-01 8.17539510e-02]
 [5.32557150e-01 1.03777863e-01 2.36793301e-01 6.35326482e-02]
 [4.74573177e-51 0.00000000e+00 0.00000000e+00 0.00000000e+00]]
--------------------------------------------------
[2026-05-14 15:21:26] ERROR: 
Matrix Ego:
[[4.19377603e-01 3.88031655e-01 4.82126566e-01 1.56944378e-04]
 [2.51414013e-01 2.14401862e-01 2.25971486e-01 4.82895313e-03]
 [1.20973293e-02 1.03544306e-01 2.36405607e-01 4.62600659e-03]
 [3.46814174e-01 3.00503828e-01 4.40130263e-01 2.24774157e-01]]
Matrix Adv:
[[4.19377879e-01 3.88031655e-01 4.82126579e-01 4.88111118e-01]
 [2.54989580e-01 2.14454911e-01 2.26029177e-01 8.17539510e-02]
 [5.32557150e-01 1.03777863e-01 2.36793301e-01 6.35326482e-02]
 [4.74573177e-51 0.00000000e+00 0.00000000e+00 0.00000000e+00]]
--------------------------------------------------
[2026-05-14 15:21:26] ERROR: 
Matrix Ego:
[[4.19377603e-01 3.88031655e-01 4.82126566e-01 1.56944378e-04]
 [2.51414013e-01 2.14401862e-01 2.25971486e-01 4.82895313e-03]
 [1.20973293e-02 1.03544306e-01 2.36405607e-01 4.62600659e-03]
 [3.46880693e-01 3.00503828e-01 4.40130263e-01 2.24774157e-01]]
Matrix Adv:
[[4.19377879e-01 3.88031655e-01 4.82126579e-01 4.88111118e-01]
 [2.54989580e-01 2.14454911e-01 2.26029177e-01 8.17539510e-02]
 [5.32557150e-01 1.03777863e-01 2.36793301e-01 6.35326482e-02]
 [4.27115859e-51 0.00000000e+00 0.00000000e+00 0.00000000e+00]]
--------------------------------------------------
[2026-05-14 15:21:26] ERROR: 
Matrix Ego:
[[4.19377603e-01 3.88031655e-01 4.82126566e-01 1.56944378e-04]
 [2.51414013e-01 2.14401862e-01 2.25971486e-01 4.82895313e-03]
 [1.20973293e-02 1.03544306e-01 2.36405607e-01 4.62600659e-03]
 [3.46880693e-01 3.00503828e-01 4.40130263e-01 2.24774157e-01]]
Matrix Adv:
[[4.19377879e-01 3.88031655e-01 4.82126579e-01 4.88111118e-01]
 [2.54989580e-01 2.14454911e-01 2.26029177e-01 8.17539510e-02]
 [5.32557150e-01 1.03777863e-01 2.36793301e-01 6.35326482e-02]
 [4.27115859e-51 0.00000000e+00 0.00000000e+00 0.00000000e+00]]
--------------------------------------------------
[2026-05-14 15:21:27] ERROR: 
Matrix Ego:
[[4.19377603e-01 3.88031655e-01 4.82126566e-01 1.56944378e-04]
 [2.51414013e-01 2.14401862e-01 2.25971486e-01 4.82895313e-03]
 [1.20973293e-02 1.03544306e-01 2.36405607e-01 4.62600659e-03]
 [3.46948629e-01 3.00503828e-01 4.40130263e-01 2.24774157e-01]]
Matrix Adv:
[[4.19377879e-01 3.88031655e-01 4.82126579e-01 4.88111118e-01]
 [2.54989580e-01 2.14454911e-01 2.26029177e-01 8.17539510e-02]
 [5.32557150e-01 1.03777863e-01 2.36793301e-01 6.35326482e-02]
 [3.84404273e-51 0.00000000e+00 0.00000000e+00 0.00000000e+00]]
--------------------------------------------------
[2026-05-14 15:21:27] ERROR: 
Matrix Ego:
[[4.19377603e-01 3.88031655e-01 4.82126566e-01 1.56944378e-04]
 [2.51414013e-01 2.14401862e-01 2.25971486e-01 4.82895313e-03]
 [1.20973293e-02 1.03544306e-01 2.36405607e-01 4.62600659e-03]
 [3.46948629e-01 3.00503828e-01 4.40130263e-01 2.24774157e-01]]
Matrix Adv:
[[4.19377879e-01 3.88031655e-01 4.82126579e-01 4.88111118e-01]
 [2.54989580e-01 2.14454911e-01 2.26029177e-01 8.17539510e-02]
 [5.32557150e-01 1.03777863e-01 2.36793301e-01 6.35326482e-02]
 [3.84404273e-51 0.00000000e+00 0.00000000e+00 0.00000000e+00]]
--------------------------------------------------
[2026-05-14 15:21:27] ERROR: 
Matrix Ego:
[[4.19377603e-01 3.88031655e-01 4.82126566e-01 1.56944378e-04]
 [2.51414013e-01 2.14401862e-01 2.25971486e-01 4.82895313e-03]
 [1.20973293e-02 1.03544306e-01 2.36405607e-01 4.62600659e-03]
 [3.47017954e-01 3.00503828e-01 4.40130263e-01 2.24774157e-01]]
Matrix Adv:
[[4.19377879e-01 3.88031655e-01 4.82126579e-01 4.88111118e-01]
 [2.54989580e-01 2.14454911e-01 2.26029177e-01 8.17539510e-02]
 [5.32557150e-01 1.03777863e-01 2.36793301e-01 6.35326482e-02]
 [3.45963846e-51 0.00000000e+00 0.00000000e+00 0.00000000e+00]]
--------------------------------------------------
[2026-05-14 15:21:27] ERROR: 
Matrix Ego:
[[4.19377603e-01 3.88031655e-01 4.82126566e-01 1.56944378e-04]
 [2.51414013e-01 2.14401862e-01 2.25971486e-01 4.82895313e-03]
 [1.20973293e-02 1.03544306e-01 2.36405607e-01 4.62600659e-03]
 [3.47017954e-01 3.00503828e-01 4.40130263e-01 2.24774157e-01]]
Matrix Adv:
[[4.19377879e-01 3.88031655e-01 4.82126579e-01 4.88111118e-01]
 [2.54989580e-01 2.14454911e-01 2.26029177e-01 8.17539510e-02]
 [5.32557150e-01 1.03777863e-01 2.36793301e-01 6.35326482e-02]
 [3.45963846e-51 0.00000000e+00 0.00000000e+00 0.00000000e+00]]
--------------------------------------------------
[2026-05-14 15:21:27] ERROR: 
Matrix Ego:
[[4.19377603e-01 3.88031655e-01 4.82126566e-01 1.56944378e-04]
 [2.51414013e-01 2.14401862e-01 2.25971486e-01 4.82895313e-03]
 [1.20973293e-02 1.03544306e-01 2.36405607e-01 4.62600659e-03]
 [3.47088630e-01 3.00503828e-01 4.40130263e-01 2.24774157e-01]]
Matrix Adv:
[[4.19377879e-01 3.88031655e-01 4.82126579e-01 4.88111118e-01]
 [2.54989580e-01 2.14454911e-01 2.26029177e-01 8.17539510e-02]
 [5.32557150e-01 1.03777863e-01 2.36793301e-01 6.35326482e-02]
 [3.11367461e-51 0.00000000e+00 0.00000000e+00 0.00000000e+00]]
--------------------------------------------------
[2026-05-14 15:21:27] ERROR: 
Matrix Ego:
[[4.19377603e-01 3.88031655e-01 4.82126566e-01 1.56944378e-04]
 [2.51414013e-01 2.14401862e-01 2.25971486e-01 4.82895313e-03]
 [1.20973293e-02 1.03544306e-01 2.36405607e-01 4.62600659e-03]
 [3.47088630e-01 3.00503828e-01 4.40130263e-01 2.24774157e-01]]
Matrix Adv:
[[4.19377879e-01 3.88031655e-01 4.82126579e-01 4.88111118e-01]
 [2.54989580e-01 2.14454911e-01 2.26029177e-01 8.17539510e-02]
 [5.32557150e-01 1.03777863e-01 2.36793301e-01 6.35326482e-02]
 [3.11367461e-51 0.00000000e+00 0.00000000e+00 0.00000000e+00]]
--------------------------------------------------
[2026-05-14 15:21:27] ERROR: 
Matrix Ego:
[[4.19377603e-01 3.88031655e-01 4.82126566e-01 1.56944378e-04]
 [2.51414013e-01 2.14401862e-01 2.25971486e-01 4.82895313e-03]
 [1.20973293e-02 1.03544306e-01 2.36405607e-01 4.62600659e-03]
 [3.47160607e-01 3.00503828e-01 4.40130263e-01 2.24774157e-01]]
Matrix Adv:
[[4.19377879e-01 3.88031655e-01 4.82126579e-01 4.88111118e-01]
 [2.54989580e-01 2.14454911e-01 2.26029177e-01 8.17539510e-02]
 [5.32557150e-01 1.03777863e-01 2.36793301e-01 6.35326482e-02]
 [2.80230715e-51 0.00000000e+00 0.00000000e+00 0.00000000e+00]]
--------------------------------------------------
[2026-05-14 15:21:27] ERROR: 
Matrix Ego:
[[4.19377603e-01 3.88031655e-01 4.82126566e-01 1.56944378e-04]
 [2.51414013e-01 2.14401862e-01 2.25971486e-01 4.82895313e-03]
 [1.20973293e-02 1.03544306e-01 2.36405607e-01 4.62600659e-03]
 [3.47160607e-01 3.00503828e-01 4.40130263e-01 2.24774157e-01]]
Matrix Adv:
[[4.19377879e-01 3.88031655e-01 4.82126579e-01 4.88111118e-01]
 [2.54989580e-01 2.14454911e-01 2.26029177e-01 8.17539510e-02]
 [5.32557150e-01 1.03777863e-01 2.36793301e-01 6.35326482e-02]
 [2.80230715e-51 0.00000000e+00 0.00000000e+00 0.00000000e+00]]
--------------------------------------------------
[2026-05-14 15:21:28] ERROR: 
Matrix Ego:
[[4.19377603e-01 3.88031655e-01 4.83876122e-01 1.56944378e-04]
 [2.51414013e-01 2.14401862e-01 2.25971486e-01 4.82895313e-03]
 [1.20973293e-02 1.03544306e-01 2.36405607e-01 4.62600659e-03]
 [3.47160607e-01 3.00503828e-01 4.40130263e-01 2.24774157e-01]]
Matrix Adv:
[[4.19377879e-01 3.88031655e-01 4.83876134e-01 4.88111118e-01]
 [2.54989580e-01 2.14454911e-01 2.26029177e-01 8.17539510e-02]
 [5.32557150e-01 1.03777863e-01 2.36793301e-01 6.35326482e-02]
 [2.80230715e-51 0.00000000e+00 0.00000000e+00 0.00000000e+00]]
--------------------------------------------------
[2026-05-14 15:21:28] ERROR: 
Matrix Ego:
[[4.19377603e-01 3.88031655e-01 4.83876122e-01 1.56944378e-04]
 [2.51414013e-01 2.14401862e-01 2.25971486e-01 4.82895313e-03]
 [1.20973293e-02 1.03544306e-01 2.36405607e-01 4.62600659e-03]
 [3.47160607e-01 3.00503828e-01 4.40130263e-01 2.24774157e-01]]
Matrix Adv:
[[4.19377879e-01 3.88031655e-01 4.83876134e-01 4.88111118e-01]
 [2.54989580e-01 2.14454911e-01 2.26029177e-01 8.17539510e-02]
 [5.32557150e-01 1.03777863e-01 2.36793301e-01 6.35326482e-02]
 [2.80230715e-51 0.00000000e+00 0.00000000e+00 0.00000000e+00]]
--------------------------------------------------
[2026-05-14 15:21:28] ERROR: 
Matrix Ego:
[[4.19377603e-01 3.88031655e-01 4.83876122e-01 1.56944378e-04]
 [2.51414013e-01 2.14401862e-01 2.25971486e-01 4.82895313e-03]
 [1.20973293e-02 1.03544306e-01 2.36405607e-01 4.62600659e-03]
 [3.47225387e-01 3.00503828e-01 4.40130263e-01 2.24774157e-01]]
Matrix Adv:
[[4.19377879e-01 3.88031655e-01 4.83876134e-01 4.88111118e-01]
 [2.54989580e-01 2.14454911e-01 2.26029177e-01 8.17539510e-02]
 [5.32557150e-01 1.03777863e-01 2.36793301e-01 6.35326482e-02]
 [2.52207644e-51 0.00000000e+00 0.00000000e+00 0.00000000e+00]]
--------------------------------------------------
[2026-05-14 15:21:28] ERROR: 
Matrix Ego:
[[4.19377603e-01 3.88031655e-01 4.83876122e-01 1.56944378e-04]
 [2.51414013e-01 2.14401862e-01 2.25971486e-01 4.82895313e-03]
 [1.20973293e-02 1.03544306e-01 2.36405607e-01 4.62600659e-03]
 [3.47225387e-01 3.00503828e-01 4.40130263e-01 2.24774157e-01]]
Matrix Adv:
[[4.19377879e-01 3.88031655e-01 4.83876134e-01 4.88111118e-01]
 [2.54989580e-01 2.14454911e-01 2.26029177e-01 8.17539510e-02]
 [5.32557150e-01 1.03777863e-01 2.36793301e-01 6.35326482e-02]
 [2.52207644e-51 0.00000000e+00 0.00000000e+00 0.00000000e+00]]
--------------------------------------------------
[2026-05-14 15:21:28] ERROR: 
Matrix Ego:
[[4.19377603e-01 3.88031655e-01 4.83876122e-01 1.56944378e-04]
 [2.51414013e-01 2.14401862e-01 2.25971486e-01 4.82895313e-03]
 [1.20973293e-02 1.03544306e-01 2.36405607e-01 4.62600659e-03]
 [3.47292121e-01 3.00503828e-01 4.40130263e-01 2.24774157e-01]]
Matrix Adv:
[[4.19377879e-01 3.88031655e-01 4.83876134e-01 4.88111118e-01]
 [2.54989580e-01 2.14454911e-01 2.26029177e-01 8.17539510e-02]
 [5.32557150e-01 1.03777863e-01 2.36793301e-01 6.35326482e-02]
 [2.26986879e-51 0.00000000e+00 0.00000000e+00 0.00000000e+00]]
--------------------------------------------------
[2026-05-14 15:21:28] ERROR: 
Matrix Ego:
[[4.19377603e-01 3.88031655e-01 4.83876122e-01 1.56944378e-04]
 [2.51414013e-01 2.14401862e-01 2.25971486e-01 4.82895313e-03]
 [1.20973293e-02 1.03544306e-01 2.36405607e-01 4.62600659e-03]
 [3.47292121e-01 3.00503828e-01 4.40130263e-01 2.24774157e-01]]
Matrix Adv:
[[4.19377879e-01 3.88031655e-01 4.83876134e-01 4.88111118e-01]
 [2.54989580e-01 2.14454911e-01 2.26029177e-01 8.17539510e-02]
 [5.32557150e-01 1.03777863e-01 2.36793301e-01 6.35326482e-02]
 [2.26986879e-51 0.00000000e+00 0.00000000e+00 0.00000000e+00]]
--------------------------------------------------
[2026-05-14 15:21:28] ERROR: 
Matrix Ego:
[[4.19377603e-01 3.88031655e-01 4.83876122e-01 1.56944378e-04]
 [2.51414013e-01 2.14401862e-01 2.25971486e-01 4.82895313e-03]
 [1.20973293e-02 1.03544306e-01 2.36405607e-01 4.62600659e-03]
 [3.47360652e-01 3.00503828e-01 4.40130263e-01 2.24774157e-01]]
Matrix Adv:
[[4.19377879e-01 3.88031655e-01 4.83876134e-01 4.88111118e-01]
 [2.54989580e-01 2.14454911e-01 2.26029177e-01 8.17539510e-02]
 [5.32557150e-01 1.03777863e-01 2.36793301e-01 6.35326482e-02]
 [2.04288191e-51 0.00000000e+00 0.00000000e+00 0.00000000e+00]]
--------------------------------------------------
[2026-05-14 15:21:28] ERROR: 
Matrix Ego:
[[4.19377603e-01 3.88031655e-01 4.83876122e-01 1.56944378e-04]
 [2.51414013e-01 2.14401862e-01 2.25971486e-01 4.82895313e-03]
 [1.20973293e-02 1.03544306e-01 2.36405607e-01 4.62600659e-03]
 [3.47360652e-01 3.00503828e-01 4.40130263e-01 2.24774157e-01]]
Matrix Adv:
[[4.19377879e-01 3.88031655e-01 4.83876134e-01 4.88111118e-01]
 [2.54989580e-01 2.14454911e-01 2.26029177e-01 8.17539510e-02]
 [5.32557150e-01 1.03777863e-01 2.36793301e-01 6.35326482e-02]
 [2.04288191e-51 0.00000000e+00 0.00000000e+00 0.00000000e+00]]
--------------------------------------------------
[2026-05-14 15:21:29] ERROR: 
Matrix Ego:
[[4.19377603e-01 3.88031655e-01 4.83876122e-01 1.56944378e-04]
 [2.51414013e-01 2.14401862e-01 2.25971486e-01 4.82895313e-03]
 [1.20973293e-02 1.03544306e-01 2.36405607e-01 4.62600659e-03]
 [3.47430812e-01 3.00503828e-01 4.40130263e-01 2.24774157e-01]]
Matrix Adv:
[[4.19377879e-01 3.88031655e-01 4.83876134e-01 4.88111118e-01]
 [2.54989580e-01 2.14454911e-01 2.26029177e-01 8.17539510e-02]
 [5.32557150e-01 1.03777863e-01 2.36793301e-01 6.35326482e-02]
 [1.83859372e-51 0.00000000e+00 0.00000000e+00 0.00000000e+00]]
--------------------------------------------------
[2026-05-14 15:21:29] ERROR: 
Matrix Ego:
[[4.19377603e-01 3.88031655e-01 4.83876122e-01 1.56944378e-04]
 [2.51414013e-01 2.14401862e-01 2.25971486e-01 4.82895313e-03]
 [1.20973293e-02 1.03544306e-01 2.36405607e-01 4.62600659e-03]
 [3.47430812e-01 3.00503828e-01 4.40130263e-01 2.24774157e-01]]
Matrix Adv:
[[4.19377879e-01 3.88031655e-01 4.83876134e-01 4.88111118e-01]
 [2.54989580e-01 2.14454911e-01 2.26029177e-01 8.17539510e-02]
 [5.32557150e-01 1.03777863e-01 2.36793301e-01 6.35326482e-02]
 [1.83859372e-51 0.00000000e+00 0.00000000e+00 0.00000000e+00]]
--------------------------------------------------
[2026-05-14 15:21:29] ERROR: 
Matrix Ego:
[[4.19377603e-01 3.88031655e-01 4.83876122e-01 1.56944378e-04]
 [2.51414013e-01 2.14401862e-01 2.25971486e-01 4.82895313e-03]
 [1.20973293e-02 1.03544306e-01 2.36405607e-01 4.62600659e-03]
 [3.47430812e-01 3.00503828e-01 4.36486470e-01 2.24774157e-01]]
Matrix Adv:
[[4.19377879e-01 3.88031655e-01 4.83876134e-01 4.88111118e-01]
 [2.54989580e-01 2.14454911e-01 2.26029177e-01 8.17539510e-02]
 [5.32557150e-01 1.03777863e-01 2.36793301e-01 6.35326482e-02]
 [1.83859372e-51 0.00000000e+00 0.00000000e+00 0.00000000e+00]]
--------------------------------------------------
[2026-05-14 15:21:29] ERROR: 
Matrix Ego:
[[4.19377603e-01 3.88031655e-01 4.83876122e-01 1.56944378e-04]
 [2.51414013e-01 2.14401862e-01 2.25971486e-01 4.82895313e-03]
 [1.20973293e-02 1.03544306e-01 2.36405607e-01 4.62600659e-03]
 [3.47430812e-01 3.00503828e-01 4.36486470e-01 2.24774157e-01]]
Matrix Adv:
[[4.19377879e-01 3.88031655e-01 4.83876134e-01 4.88111118e-01]
 [2.54989580e-01 2.14454911e-01 2.26029177e-01 8.17539510e-02]
 [5.32557150e-01 1.03777863e-01 2.36793301e-01 6.35326482e-02]
 [1.83859372e-51 0.00000000e+00 0.00000000e+00 0.00000000e+00]]
--------------------------------------------------
[2026-05-14 15:21:29] ERROR: 
Matrix Ego:
[[4.19377603e-01 3.88031655e-01 4.83876122e-01 1.56944378e-04]
 [2.51414013e-01 2.14401862e-01 2.25971486e-01 4.82895313e-03]
 [1.20973293e-02 1.03544306e-01 2.36405607e-01 4.62600659e-03]
 [3.47502419e-01 3.00503828e-01 4.36486470e-01 2.24774157e-01]]
Matrix Adv:
[[4.19377879e-01 3.88031655e-01 4.83876134e-01 4.88111118e-01]
 [2.54989580e-01 2.14454911e-01 2.26029177e-01 8.17539510e-02]
 [5.32557150e-01 1.03777863e-01 2.36793301e-01 6.35326482e-02]
 [1.65473435e-51 0.00000000e+00 0.00000000e+00 0.00000000e+00]]
--------------------------------------------------
[2026-05-14 15:21:29] ERROR: 
Matrix Ego:
[[4.19377603e-01 3.88031655e-01 4.83876122e-01 1.56944378e-04]
 [2.51414013e-01 2.14401862e-01 2.25971486e-01 4.82895313e-03]
 [1.20973293e-02 1.03544306e-01 2.36405607e-01 4.62600659e-03]
 [3.47502419e-01 3.00503828e-01 4.36486470e-01 2.24774157e-01]]
Matrix Adv:
[[4.19377879e-01 3.88031655e-01 4.83876134e-01 4.88111118e-01]
 [2.54989580e-01 2.14454911e-01 2.26029177e-01 8.17539510e-02]
 [5.32557150e-01 1.03777863e-01 2.36793301e-01 6.35326482e-02]
 [1.65473435e-51 0.00000000e+00 0.00000000e+00 0.00000000e+00]]
--------------------------------------------------
[2026-05-14 15:21:30] ERROR: 
Matrix Ego:
[[4.19377603e-01 3.88031655e-01 4.83876122e-01 1.56944378e-04]
 [2.51414013e-01 2.14401862e-01 2.25971486e-01 4.82895313e-03]
 [1.20973293e-02 1.03544306e-01 2.36405607e-01 4.62600659e-03]
 [3.47575326e-01 3.00503828e-01 4.36486470e-01 2.24774157e-01]]
Matrix Adv:
[[4.19377879e-01 3.88031655e-01 4.83876134e-01 4.88111118e-01]
 [2.54989580e-01 2.14454911e-01 2.26029177e-01 8.17539510e-02]
 [5.32557150e-01 1.03777863e-01 2.36793301e-01 6.35326482e-02]
 [1.48926092e-51 0.00000000e+00 0.00000000e+00 0.00000000e+00]]
--------------------------------------------------
[2026-05-14 15:21:30] ERROR: 
Matrix Ego:
[[4.19377603e-01 3.88031655e-01 4.83876122e-01 1.56944378e-04]
 [2.51414013e-01 2.14401862e-01 2.25971486e-01 4.82895313e-03]
 [1.20973293e-02 1.03544306e-01 2.36405607e-01 4.62600659e-03]
 [3.47575326e-01 3.00503828e-01 4.36486470e-01 2.24774157e-01]]
Matrix Adv:
[[4.19377879e-01 3.88031655e-01 4.83876134e-01 4.88111118e-01]
 [2.54989580e-01 2.14454911e-01 2.26029177e-01 8.17539510e-02]
 [5.32557150e-01 1.03777863e-01 2.36793301e-01 6.35326482e-02]
 [1.48926092e-51 0.00000000e+00 0.00000000e+00 0.00000000e+00]]
--------------------------------------------------
[2026-05-14 15:21:30] ERROR: 
Matrix Ego:
[[4.19377603e-01 3.88031655e-01 4.83876122e-01 1.56944378e-04]
 [2.51414013e-01 2.14401862e-01 2.25971486e-01 4.82895313e-03]
 [1.20973293e-02 1.03544306e-01 2.36405607e-01 4.62600659e-03]
 [3.47648556e-01 3.00503828e-01 4.36486470e-01 2.24774157e-01]]
Matrix Adv:
[[4.19377879e-01 3.88031655e-01 4.83876134e-01 4.88111118e-01]
 [2.54989580e-01 2.14454911e-01 2.26029177e-01 8.17539510e-02]
 [5.32557150e-01 1.03777863e-01 2.36793301e-01 6.35326482e-02]
 [1.34033482e-51 0.00000000e+00 0.00000000e+00 0.00000000e+00]]
--------------------------------------------------
[2026-05-14 15:21:30] ERROR: 
Matrix Ego:
[[4.19377603e-01 3.88031655e-01 4.83876122e-01 1.56944378e-04]
 [2.51414013e-01 2.14401862e-01 2.25971486e-01 4.82895313e-03]
 [1.20973293e-02 1.03544306e-01 2.36405607e-01 4.62600659e-03]
 [3.47648556e-01 3.00503828e-01 4.36486470e-01 2.24774157e-01]]
Matrix Adv:
[[4.19377879e-01 3.88031655e-01 4.83876134e-01 4.88111118e-01]
 [2.54989580e-01 2.14454911e-01 2.26029177e-01 8.17539510e-02]
 [5.32557150e-01 1.03777863e-01 2.36793301e-01 6.35326482e-02]
 [1.34033482e-51 0.00000000e+00 0.00000000e+00 0.00000000e+00]]
--------------------------------------------------
[2026-05-14 15:21:30] ERROR: 
Matrix Ego:
[[4.19377603e-01 3.88031655e-01 4.83876122e-01 1.56944378e-04]
 [2.51414013e-01 2.14401862e-01 2.25971486e-01 4.82895313e-03]
 [1.20973293e-02 1.03544306e-01 2.36405607e-01 4.62600659e-03]
 [3.47722117e-01 3.00503828e-01 4.36486470e-01 2.24774157e-01]]
Matrix Adv:
[[4.19377879e-01 3.88031655e-01 4.83876134e-01 4.88111118e-01]
 [2.54989580e-01 2.14454911e-01 2.26029177e-01 8.17539510e-02]
 [5.32557150e-01 1.03777863e-01 2.36793301e-01 6.35326482e-02]
 [1.20630134e-51 0.00000000e+00 0.00000000e+00 0.00000000e+00]]
--------------------------------------------------
[2026-05-14 15:21:30] ERROR: 
Matrix Ego:
[[4.19377603e-01 3.88031655e-01 4.83876122e-01 1.56944378e-04]
 [2.51414013e-01 2.14401862e-01 2.25971486e-01 4.82895313e-03]
 [1.20973293e-02 1.03544306e-01 2.36405607e-01 4.62600659e-03]
 [3.47722117e-01 3.00503828e-01 4.36486470e-01 2.24774157e-01]]
Matrix Adv:
[[4.19377879e-01 3.88031655e-01 4.83876134e-01 4.88111118e-01]
 [2.54989580e-01 2.14454911e-01 2.26029177e-01 8.17539510e-02]
 [5.32557150e-01 1.03777863e-01 2.36793301e-01 6.35326482e-02]
 [1.20630134e-51 0.00000000e+00 0.00000000e+00 0.00000000e+00]]
--------------------------------------------------
[2026-05-14 15:21:30] ERROR: 
Matrix Ego:
[[4.19377603e-01 3.88031655e-01 4.83876122e-01 1.56944378e-04]
 [2.51414013e-01 2.14401862e-01 2.25971486e-01 4.82895313e-03]
 [1.20973293e-02 1.03544306e-01 2.36405607e-01 4.62600659e-03]
 [3.47795930e-01 3.00503828e-01 4.36486470e-01 2.24774157e-01]]
Matrix Adv:
[[4.19377879e-01 3.88031655e-01 4.83876134e-01 4.88111118e-01]
 [2.54989580e-01 2.14454911e-01 2.26029177e-01 8.17539510e-02]
 [5.32557150e-01 1.03777863e-01 2.36793301e-01 6.35326482e-02]
 [1.08567121e-51 0.00000000e+00 0.00000000e+00 0.00000000e+00]]
--------------------------------------------------
[2026-05-14 15:21:30] ERROR: 
Matrix Ego:
[[4.19377603e-01 3.88031655e-01 4.83876122e-01 1.56944378e-04]
 [2.51414013e-01 2.14401862e-01 2.25971486e-01 4.82895313e-03]
 [1.20973293e-02 1.03544306e-01 2.36405607e-01 4.62600659e-03]
 [3.47795930e-01 3.00503828e-01 4.36486470e-01 2.24774157e-01]]
Matrix Adv:
[[4.19377879e-01 3.88031655e-01 4.83876134e-01 4.88111118e-01]
 [2.54989580e-01 2.14454911e-01 2.26029177e-01 8.17539510e-02]
 [5.32557150e-01 1.03777863e-01 2.36793301e-01 6.35326482e-02]
 [1.08567121e-51 0.00000000e+00 0.00000000e+00 0.00000000e+00]]
--------------------------------------------------
[2026-05-14 15:21:31] ERROR: 
Matrix Ego:
[[4.19377603e-01 3.88031655e-01 4.83876122e-01 1.56944378e-04]
 [2.51414013e-01 2.14401862e-01 2.25971486e-01 4.82895313e-03]
 [1.20973293e-02 1.03544306e-01 2.36405607e-01 4.62600659e-03]
 [3.47869209e-01 3.00503828e-01 4.36486470e-01 2.24774157e-01]]
Matrix Adv:
[[4.19377879e-01 3.88031655e-01 4.83876134e-01 4.88111118e-01]
 [2.54989580e-01 2.14454911e-01 2.26029177e-01 8.17539510e-02]
 [5.32557150e-01 1.03777863e-01 2.36793301e-01 6.35326482e-02]
 [9.77104087e-52 0.00000000e+00 0.00000000e+00 0.00000000e+00]]
--------------------------------------------------
[2026-05-14 15:21:31] ERROR: 
Matrix Ego:
[[4.19377603e-01 3.88031655e-01 4.83876122e-01 1.56944378e-04]
 [2.51414013e-01 2.14401862e-01 2.25971486e-01 4.82895313e-03]
 [1.20973293e-02 1.03544306e-01 2.36405607e-01 4.62600659e-03]
 [3.47869209e-01 3.00503828e-01 4.36486470e-01 2.24774157e-01]]
Matrix Adv:
[[4.19377879e-01 3.88031655e-01 4.83876134e-01 4.88111118e-01]
 [2.54989580e-01 2.14454911e-01 2.26029177e-01 8.17539510e-02]
 [5.32557150e-01 1.03777863e-01 2.36793301e-01 6.35326482e-02]
 [9.77104087e-52 0.00000000e+00 0.00000000e+00 0.00000000e+00]]
--------------------------------------------------
[2026-05-14 15:21:31] ERROR: 
Matrix Ego:
[[4.19377603e-01 3.88031655e-01 4.83876122e-01 1.56944378e-04]
 [2.51414013e-01 2.14401862e-01 2.25971486e-01 4.82895313e-03]
 [1.20973293e-02 1.03544306e-01 2.36405607e-01 4.62600659e-03]
 [3.47889305e-01 3.00503828e-01 4.36486470e-01 2.24774157e-01]]
Matrix Adv:
[[4.19377879e-01 3.88031655e-01 4.83876134e-01 4.88111118e-01]
 [2.54989580e-01 2.14454911e-01 2.26029177e-01 8.17539510e-02]
 [5.32557150e-01 1.03777863e-01 2.36793301e-01 6.35326482e-02]
 [8.79393678e-52 0.00000000e+00 0.00000000e+00 0.00000000e+00]]
--------------------------------------------------
[2026-05-14 15:21:31] ERROR: 
Matrix Ego:
[[4.19377603e-01 3.88031655e-01 4.83876122e-01 1.56944378e-04]
 [2.51414013e-01 2.14401862e-01 2.25971486e-01 4.82895313e-03]
 [1.20973293e-02 1.03544306e-01 2.36405607e-01 4.62600659e-03]
 [3.47889305e-01 3.00503828e-01 4.36486470e-01 2.24774157e-01]]
Matrix Adv:
[[4.19377879e-01 3.88031655e-01 4.83876134e-01 4.88111118e-01]
 [2.54989580e-01 2.14454911e-01 2.26029177e-01 8.17539510e-02]
 [5.32557150e-01 1.03777863e-01 2.36793301e-01 6.35326482e-02]
 [8.79393678e-52 0.00000000e+00 0.00000000e+00 0.00000000e+00]]
--------------------------------------------------
[2026-05-14 15:21:31] ERROR: 
Matrix Ego:
[[4.19377603e-01 3.88031655e-01 4.83876122e-01 1.56944378e-04]
 [2.51414013e-01 2.14401862e-01 2.25971486e-01 4.82895313e-03]
 [1.20973293e-02 1.03544306e-01 2.36405607e-01 4.62600659e-03]
 [3.47872041e-01 3.00503828e-01 4.36486470e-01 2.24774157e-01]]
Matrix Adv:
[[4.19377879e-01 3.88031655e-01 4.83876134e-01 4.88111118e-01]
 [2.54989580e-01 2.14454911e-01 2.26029177e-01 8.17539510e-02]
 [5.32557150e-01 1.03777863e-01 2.36793301e-01 6.35326482e-02]
 [7.91454310e-52 0.00000000e+00 0.00000000e+00 0.00000000e+00]]
--------------------------------------------------
[2026-05-14 15:21:31] ERROR: 
Matrix Ego:
[[4.19377603e-01 3.88031655e-01 4.83876122e-01 1.56944378e-04]
 [2.51414013e-01 2.14401862e-01 2.25971486e-01 4.82895313e-03]
 [1.20973293e-02 1.03544306e-01 2.36405607e-01 4.62600659e-03]
 [3.47872041e-01 3.00503828e-01 4.36486470e-01 2.24774157e-01]]
Matrix Adv:
[[4.19377879e-01 3.88031655e-01 4.83876134e-01 4.88111118e-01]
 [2.54989580e-01 2.14454911e-01 2.26029177e-01 8.17539510e-02]
 [5.32557150e-01 1.03777863e-01 2.36793301e-01 6.35326482e-02]
 [7.91454310e-52 0.00000000e+00 0.00000000e+00 0.00000000e+00]]
--------------------------------------------------
[2026-05-14 15:21:31] ERROR: 
Matrix Ego:
[[4.19377603e-01 3.88031655e-01 4.83876122e-01 1.56944378e-04]
 [2.51414013e-01 2.14401862e-01 2.25971486e-01 4.82895313e-03]
 [1.20973293e-02 1.03544306e-01 2.36405607e-01 4.62600659e-03]
 [3.47830042e-01 3.00503828e-01 4.36486470e-01 2.24774157e-01]]
Matrix Adv:
[[4.19377879e-01 3.88031655e-01 4.83876134e-01 4.88111118e-01]
 [2.54989580e-01 2.14454911e-01 2.26029177e-01 8.17539510e-02]
 [5.32557150e-01 1.03777863e-01 2.36793301e-01 6.35326482e-02]
 [7.12308879e-52 0.00000000e+00 0.00000000e+00 0.00000000e+00]]
--------------------------------------------------
[2026-05-14 15:21:31] ERROR: 
Matrix Ego:
[[4.19377603e-01 3.88031655e-01 4.83876122e-01 1.56944378e-04]
 [2.51414013e-01 2.14401862e-01 2.25971486e-01 4.82895313e-03]
 [1.20973293e-02 1.03544306e-01 2.36405607e-01 4.62600659e-03]
 [3.47830042e-01 3.00503828e-01 4.36486470e-01 2.24774157e-01]]
Matrix Adv:
[[4.19377879e-01 3.88031655e-01 4.83876134e-01 4.88111118e-01]
 [2.54989580e-01 2.14454911e-01 2.26029177e-01 8.17539510e-02]
 [5.32557150e-01 1.03777863e-01 2.36793301e-01 6.35326482e-02]
 [7.12308879e-52 0.00000000e+00 0.00000000e+00 0.00000000e+00]]
--------------------------------------------------
[2026-05-14 15:21:32] ERROR: 
Matrix Ego:
[[4.19377603e-01 3.88031655e-01 4.83876122e-01 1.56944378e-04]
 [2.51414013e-01 2.14401862e-01 2.25971486e-01 4.82895313e-03]
 [1.20973293e-02 1.03544306e-01 2.36405607e-01 4.62600659e-03]
 [3.47792242e-01 3.00503828e-01 4.36486470e-01 2.24774157e-01]]
Matrix Adv:
[[4.19377879e-01 3.88031655e-01 4.83876134e-01 4.88111118e-01]
 [2.54989580e-01 2.14454911e-01 2.26029177e-01 8.17539510e-02]
 [5.32557150e-01 1.03777863e-01 2.36793301e-01 6.35326482e-02]
 [6.41077991e-52 0.00000000e+00 0.00000000e+00 0.00000000e+00]]
--------------------------------------------------
[2026-05-14 15:21:32] ERROR: 
Matrix Ego:
[[4.19377603e-01 3.88031655e-01 4.83876122e-01 1.56944378e-04]
 [2.51414013e-01 2.14401862e-01 2.25971486e-01 4.82895313e-03]
 [1.20973293e-02 1.03544306e-01 2.36405607e-01 4.62600659e-03]
 [3.47792242e-01 3.00503828e-01 4.36486470e-01 2.24774157e-01]]
Matrix Adv:
[[4.19377879e-01 3.88031655e-01 4.83876134e-01 4.88111118e-01]
 [2.54989580e-01 2.14454911e-01 2.26029177e-01 8.17539510e-02]
 [5.32557150e-01 1.03777863e-01 2.36793301e-01 6.35326482e-02]
 [6.41077991e-52 0.00000000e+00 0.00000000e+00 0.00000000e+00]]
--------------------------------------------------
[2026-05-14 15:21:32] ERROR: 
Matrix Ego:
[[4.19377603e-01 3.88031655e-01 4.83876122e-01 1.56944378e-04]
 [2.51414013e-01 2.14401862e-01 2.25971486e-01 4.82895313e-03]
 [1.20973293e-02 1.03544306e-01 2.36405607e-01 4.62600659e-03]
 [3.47739264e-01 3.00503828e-01 4.36486470e-01 2.24774157e-01]]
Matrix Adv:
[[4.19377879e-01 3.88031655e-01 4.83876134e-01 4.88111118e-01]
 [2.54989580e-01 2.14454911e-01 2.26029177e-01 8.17539510e-02]
 [5.32557150e-01 1.03777863e-01 2.36793301e-01 6.35326482e-02]
 [5.76970192e-52 0.00000000e+00 0.00000000e+00 0.00000000e+00]]
--------------------------------------------------
[2026-05-14 15:21:32] ERROR: 
Matrix Ego:
[[4.19377603e-01 3.88031655e-01 4.83876122e-01 1.56944378e-04]
 [2.51414013e-01 2.14401862e-01 2.25971486e-01 4.82895313e-03]
 [1.20973293e-02 1.03544306e-01 2.36405607e-01 4.62600659e-03]
 [3.47739264e-01 3.00503828e-01 4.36486470e-01 2.24774157e-01]]
Matrix Adv:
[[4.19377879e-01 3.88031655e-01 4.83876134e-01 4.88111118e-01]
 [2.54989580e-01 2.14454911e-01 2.26029177e-01 8.17539510e-02]
 [5.32557150e-01 1.03777863e-01 2.36793301e-01 6.35326482e-02]
 [5.76970192e-52 0.00000000e+00 0.00000000e+00 0.00000000e+00]]
--------------------------------------------------
[2026-05-14 15:21:32] ERROR: 
Matrix Ego:
[[4.19377603e-01 3.88031655e-01 4.83876122e-01 1.56944378e-04]
 [2.51414013e-01 2.14401862e-01 2.25971486e-01 4.82895313e-03]
 [1.20973293e-02 1.03544306e-01 2.36405607e-01 4.62600659e-03]
 [3.47691583e-01 3.00503828e-01 4.36486470e-01 2.24774157e-01]]
Matrix Adv:
[[4.19377879e-01 3.88031655e-01 4.83876134e-01 4.88111118e-01]
 [2.54989580e-01 2.14454911e-01 2.26029177e-01 8.17539510e-02]
 [5.32557150e-01 1.03777863e-01 2.36793301e-01 6.35326482e-02]
 [5.19273173e-52 0.00000000e+00 0.00000000e+00 0.00000000e+00]]
--------------------------------------------------
[2026-05-14 15:21:32] ERROR: 
Matrix Ego:
[[4.19377603e-01 3.88031655e-01 4.83876122e-01 1.56944378e-04]
 [2.51414013e-01 2.14401862e-01 2.25971486e-01 4.82895313e-03]
 [1.20973293e-02 1.03544306e-01 2.36405607e-01 4.62600659e-03]
 [3.47691583e-01 3.00503828e-01 4.36486470e-01 2.24774157e-01]]
Matrix Adv:
[[4.19377879e-01 3.88031655e-01 4.83876134e-01 4.88111118e-01]
 [2.54989580e-01 2.14454911e-01 2.26029177e-01 8.17539510e-02]
 [5.32557150e-01 1.03777863e-01 2.36793301e-01 6.35326482e-02]
 [5.19273173e-52 0.00000000e+00 0.00000000e+00 0.00000000e+00]]
--------------------------------------------------
[2026-05-14 15:21:33] ERROR: 
Matrix Ego:
[[4.19377603e-01 3.88031655e-01 4.83876122e-01 1.56944378e-04]
 [2.51414013e-01 2.14401862e-01 2.25971486e-01 4.82895313e-03]
 [1.20973293e-02 1.03544306e-01 2.36405607e-01 4.62600659e-03]
 [3.47635990e-01 3.00503828e-01 4.36486470e-01 2.24774157e-01]]
Matrix Adv:
[[4.19377879e-01 3.88031655e-01 4.83876134e-01 4.88111118e-01]
 [2.54989580e-01 2.14454911e-01 2.26029177e-01 8.17539510e-02]
 [5.32557150e-01 1.03777863e-01 2.36793301e-01 6.35326482e-02]
 [4.67345856e-52 0.00000000e+00 0.00000000e+00 0.00000000e+00]]
--------------------------------------------------
[2026-05-14 15:21:33] ERROR: 
Matrix Ego:
[[4.19377603e-01 3.88031655e-01 4.83876122e-01 1.56944378e-04]
 [2.51414013e-01 2.14401862e-01 2.25971486e-01 4.82895313e-03]
 [1.20973293e-02 1.03544306e-01 2.36405607e-01 4.62600659e-03]
 [3.47635990e-01 3.00503828e-01 4.36486470e-01 2.24774157e-01]]
Matrix Adv:
[[4.19377879e-01 3.88031655e-01 4.83876134e-01 4.88111118e-01]
 [2.54989580e-01 2.14454911e-01 2.26029177e-01 8.17539510e-02]
 [5.32557150e-01 1.03777863e-01 2.36793301e-01 6.35326482e-02]
 [4.67345856e-52 0.00000000e+00 0.00000000e+00 0.00000000e+00]]
--------------------------------------------------
[2026-05-14 15:21:33] ERROR: 
Matrix Ego:
[[4.19377603e-01 3.88031655e-01 4.83876122e-01 1.56944378e-04]
 [2.51414013e-01 2.14401862e-01 2.25971486e-01 4.82895313e-03]
 [1.20973293e-02 1.03544306e-01 2.36405607e-01 4.62600659e-03]
 [3.47578496e-01 3.00503828e-01 4.36486470e-01 2.24774157e-01]]
Matrix Adv:
[[4.19377879e-01 3.88031655e-01 4.83876134e-01 4.88111118e-01]
 [2.54989580e-01 2.14454911e-01 2.26029177e-01 8.17539510e-02]
 [5.32557150e-01 1.03777863e-01 2.36793301e-01 6.35326482e-02]
 [4.20611270e-52 0.00000000e+00 0.00000000e+00 0.00000000e+00]]
--------------------------------------------------
[2026-05-14 15:21:33] ERROR: 
Matrix Ego:
[[4.19377603e-01 3.88031655e-01 4.83876122e-01 1.56944378e-04]
 [2.51414013e-01 2.14401862e-01 2.25971486e-01 4.82895313e-03]
 [1.20973293e-02 1.03544306e-01 2.36405607e-01 4.62600659e-03]
 [3.47578496e-01 3.00503828e-01 4.36486470e-01 2.24774157e-01]]
Matrix Adv:
[[4.19377879e-01 3.88031655e-01 4.83876134e-01 4.88111118e-01]
 [2.54989580e-01 2.14454911e-01 2.26029177e-01 8.17539510e-02]
 [5.32557150e-01 1.03777863e-01 2.36793301e-01 6.35326482e-02]
 [4.20611270e-52 0.00000000e+00 0.00000000e+00 0.00000000e+00]]
--------------------------------------------------
[2026-05-14 15:21:33] ERROR: 
Matrix Ego:
[[4.19377603e-01 3.88031655e-01 4.83876122e-01 1.56944378e-04]
 [2.51414013e-01 2.14401862e-01 2.25971486e-01 4.82895313e-03]
 [1.20973293e-02 1.06697722e-01 2.36405607e-01 4.62600659e-03]
 [3.47578496e-01 3.00503828e-01 4.36486470e-01 2.24774157e-01]]
Matrix Adv:
[[4.19377879e-01 3.88031655e-01 4.83876134e-01 4.88111118e-01]
 [2.54989580e-01 2.14454911e-01 2.26029177e-01 8.17539510e-02]
 [5.32557150e-01 1.06925725e-01 2.36793301e-01 6.35326482e-02]
 [4.20611270e-52 0.00000000e+00 0.00000000e+00 0.00000000e+00]]
--------------------------------------------------
[2026-05-14 15:21:33] ERROR: 
Matrix Ego:
[[4.19377603e-01 3.88031655e-01 4.83876122e-01 1.56944378e-04]
 [2.51414013e-01 2.14401862e-01 2.25971486e-01 4.82895313e-03]
 [1.20973293e-02 1.06697722e-01 2.36405607e-01 4.62600659e-03]
 [3.47578496e-01 3.00503828e-01 4.36486470e-01 2.24774157e-01]]
Matrix Adv:
[[4.19377879e-01 3.88031655e-01 4.83876134e-01 4.88111118e-01]
 [2.54989580e-01 2.14454911e-01 2.26029177e-01 8.17539510e-02]
 [5.32557150e-01 1.06925725e-01 2.36793301e-01 6.35326482e-02]
 [4.20611270e-52 0.00000000e+00 0.00000000e+00 0.00000000e+00]]
--------------------------------------------------
[2026-05-14 15:21:33] ERROR: 
Matrix Ego:
[[4.19377603e-01 3.88031655e-01 4.83876122e-01 1.56944378e-04]
 [2.51414013e-01 2.14401862e-01 2.25971486e-01 4.82895313e-03]
 [1.20973293e-02 1.06697722e-01 2.36405607e-01 4.62600659e-03]
 [3.47523594e-01 3.00503828e-01 4.36486470e-01 2.24774157e-01]]
Matrix Adv:
[[4.19377879e-01 3.88031655e-01 4.83876134e-01 4.88111118e-01]
 [2.54989580e-01 2.14454911e-01 2.26029177e-01 8.17539510e-02]
 [5.32557150e-01 1.06925725e-01 2.36793301e-01 6.35326482e-02]
 [3.78550143e-52 0.00000000e+00 0.00000000e+00 0.00000000e+00]]
--------------------------------------------------
[2026-05-14 15:21:33] ERROR: 
Matrix Ego:
[[4.19377603e-01 3.88031655e-01 4.83876122e-01 1.56944378e-04]
 [2.51414013e-01 2.14401862e-01 2.25971486e-01 4.82895313e-03]
 [1.20973293e-02 1.06697722e-01 2.36405607e-01 4.62600659e-03]
 [3.47523594e-01 3.00503828e-01 4.36486470e-01 2.24774157e-01]]
Matrix Adv:
[[4.19377879e-01 3.88031655e-01 4.83876134e-01 4.88111118e-01]
 [2.54989580e-01 2.14454911e-01 2.26029177e-01 8.17539510e-02]
 [5.32557150e-01 1.06925725e-01 2.36793301e-01 6.35326482e-02]
 [3.78550143e-52 0.00000000e+00 0.00000000e+00 0.00000000e+00]]
--------------------------------------------------
[2026-05-14 15:21:33] ERROR: 
Matrix Ego:
[[4.19377603e-01 3.88031655e-01 4.83876122e-01 1.56944378e-04]
 [2.51414013e-01 2.14401862e-01 2.25971486e-01 4.82895313e-03]
 [1.20973293e-02 1.06697722e-01 2.36405607e-01 4.62600659e-03]
 [3.47471341e-01 3.00503828e-01 4.36486470e-01 2.24774157e-01]]
Matrix Adv:
[[4.19377879e-01 3.88031655e-01 4.83876134e-01 4.88111118e-01]
 [2.54989580e-01 2.14454911e-01 2.26029177e-01 8.17539510e-02]
 [5.32557150e-01 1.06925725e-01 2.36793301e-01 6.35326482e-02]
 [3.40695129e-52 0.00000000e+00 0.00000000e+00 0.00000000e+00]]
--------------------------------------------------
[2026-05-14 15:21:33] ERROR: 
Matrix Ego:
[[4.19377603e-01 3.88031655e-01 4.83876122e-01 1.56944378e-04]
 [2.51414013e-01 2.14401862e-01 2.25971486e-01 4.82895313e-03]
 [1.20973293e-02 1.06697722e-01 2.36405607e-01 4.62600659e-03]
 [3.47471341e-01 3.00503828e-01 4.36486470e-01 2.24774157e-01]]
Matrix Adv:
[[4.19377879e-01 3.88031655e-01 4.83876134e-01 4.88111118e-01]
 [2.54989580e-01 2.14454911e-01 2.26029177e-01 8.17539510e-02]
 [5.32557150e-01 1.06925725e-01 2.36793301e-01 6.35326482e-02]
 [3.40695129e-52 0.00000000e+00 0.00000000e+00 0.00000000e+00]]
--------------------------------------------------
[2026-05-14 15:21:34] ERROR: 
Matrix Ego:
[[4.19377603e-01 3.88031655e-01 4.83876122e-01 1.56944378e-04]
 [2.51414013e-01 2.14401862e-01 2.25971486e-01 4.82895313e-03]
 [1.20973293e-02 1.06697722e-01 2.36405607e-01 4.62600659e-03]
 [3.47424946e-01 3.00503828e-01 4.36486470e-01 2.24774157e-01]]
Matrix Adv:
[[4.19377879e-01 3.88031655e-01 4.83876134e-01 4.88111118e-01]
 [2.54989580e-01 2.14454911e-01 2.26029177e-01 8.17539510e-02]
 [5.32557150e-01 1.06925725e-01 2.36793301e-01 6.35326482e-02]
 [3.06625616e-52 0.00000000e+00 0.00000000e+00 0.00000000e+00]]
--------------------------------------------------
[2026-05-14 15:21:34] ERROR: 
Matrix Ego:
[[4.19377603e-01 3.88031655e-01 4.83876122e-01 1.56944378e-04]
 [2.51414013e-01 2.14401862e-01 2.25971486e-01 4.82895313e-03]
 [1.20973293e-02 1.06697722e-01 2.36405607e-01 4.62600659e-03]
 [3.47424946e-01 3.00503828e-01 4.36486470e-01 2.24774157e-01]]
Matrix Adv:
[[4.19377879e-01 3.88031655e-01 4.83876134e-01 4.88111118e-01]
 [2.54989580e-01 2.14454911e-01 2.26029177e-01 8.17539510e-02]
 [5.32557150e-01 1.06925725e-01 2.36793301e-01 6.35326482e-02]
 [3.06625616e-52 0.00000000e+00 0.00000000e+00 0.00000000e+00]]
--------------------------------------------------
[2026-05-14 15:21:34] ERROR: 
Matrix Ego:
[[4.19377603e-01 3.88031655e-01 4.83876122e-01 1.56944378e-04]
 [2.61729199e-01 2.14401862e-01 2.25971486e-01 4.82895313e-03]
 [1.20973293e-02 1.06697722e-01 2.36405607e-01 4.62600659e-03]
 [3.47424946e-01 3.00503828e-01 4.36486470e-01 2.24774157e-01]]
Matrix Adv:
[[4.19377879e-01 3.88031655e-01 4.83876134e-01 4.88111118e-01]
 [2.65156805e-01 2.14454911e-01 2.26029177e-01 8.17539510e-02]
 [5.32557150e-01 1.06925725e-01 2.36793301e-01 6.35326482e-02]
 [3.06625616e-52 0.00000000e+00 0.00000000e+00 0.00000000e+00]]
--------------------------------------------------
[2026-05-14 15:21:34] ERROR: 
Matrix Ego:
[[4.19377603e-01 3.88031655e-01 4.83876122e-01 1.56944378e-04]
 [2.61729199e-01 2.14401862e-01 2.25971486e-01 4.82895313e-03]
 [1.20973293e-02 1.06697722e-01 2.36405607e-01 4.62600659e-03]
 [3.47424946e-01 3.00503828e-01 4.36486470e-01 2.24774157e-01]]
Matrix Adv:
[[4.19377879e-01 3.88031655e-01 4.83876134e-01 4.88111118e-01]
 [2.65156805e-01 2.14454911e-01 2.26029177e-01 8.17539510e-02]
 [5.32557150e-01 1.06925725e-01 2.36793301e-01 6.35326482e-02]
 [3.06625616e-52 0.00000000e+00 0.00000000e+00 0.00000000e+00]]
--------------------------------------------------
[2026-05-14 15:21:34] ERROR: 
Matrix Ego:
[[4.19377603e-01 3.88031655e-01 4.83876122e-01 1.56944378e-04]
 [2.61729199e-01 2.14401862e-01 2.25971486e-01 4.82895313e-03]
 [1.20973293e-02 1.06697722e-01 2.36405607e-01 4.62600659e-03]
 [3.47386631e-01 3.00503828e-01 4.36486470e-01 2.24774157e-01]]
Matrix Adv:
[[4.19377879e-01 3.88031655e-01 4.83876134e-01 4.88111118e-01]
 [2.65156805e-01 2.14454911e-01 2.26029177e-01 8.17539510e-02]
 [5.32557150e-01 1.06925725e-01 2.36793301e-01 6.35326482e-02]
 [2.75963054e-52 0.00000000e+00 0.00000000e+00 0.00000000e+00]]
--------------------------------------------------
[2026-05-14 15:21:34] ERROR: 
Matrix Ego:
[[4.19377603e-01 3.88031655e-01 4.83876122e-01 1.56944378e-04]
 [2.61729199e-01 2.14401862e-01 2.25971486e-01 4.82895313e-03]
 [1.20973293e-02 1.06697722e-01 2.36405607e-01 4.62600659e-03]
 [3.47386631e-01 3.00503828e-01 4.36486470e-01 2.24774157e-01]]
Matrix Adv:
[[4.19377879e-01 3.88031655e-01 4.83876134e-01 4.88111118e-01]
 [2.65156805e-01 2.14454911e-01 2.26029177e-01 8.17539510e-02]
 [5.32557150e-01 1.06925725e-01 2.36793301e-01 6.35326482e-02]
 [2.75963054e-52 0.00000000e+00 0.00000000e+00 0.00000000e+00]]
--------------------------------------------------
[2026-05-14 15:21:34] ERROR: 
Matrix Ego:
[[4.19377603e-01 3.88031655e-01 4.85738553e-01 1.56944378e-04]
 [2.61729199e-01 2.14401862e-01 2.25971486e-01 4.82895313e-03]
 [1.20973293e-02 1.06697722e-01 2.36405607e-01 4.62600659e-03]
 [3.47386631e-01 3.00503828e-01 4.36486470e-01 2.24774157e-01]]
Matrix Adv:
[[4.19377879e-01 3.88031655e-01 4.85738564e-01 4.88111118e-01]
 [2.65156805e-01 2.14454911e-01 2.26029177e-01 8.17539510e-02]
 [5.32557150e-01 1.06925725e-01 2.36793301e-01 6.35326482e-02]
 [2.75963054e-52 0.00000000e+00 0.00000000e+00 0.00000000e+00]]
--------------------------------------------------
[2026-05-14 15:21:34] ERROR: 
Matrix Ego:
[[4.19377603e-01 3.88031655e-01 4.85738553e-01 1.56944378e-04]
 [2.61729199e-01 2.14401862e-01 2.25971486e-01 4.82895313e-03]
 [1.20973293e-02 1.06697722e-01 2.36405607e-01 4.62600659e-03]
 [3.47386631e-01 3.00503828e-01 4.36486470e-01 2.24774157e-01]]
Matrix Adv:
[[4.19377879e-01 3.88031655e-01 4.85738564e-01 4.88111118e-01]
 [2.65156805e-01 2.14454911e-01 2.26029177e-01 8.17539510e-02]
 [5.32557150e-01 1.06925725e-01 2.36793301e-01 6.35326482e-02]
 [2.75963054e-52 0.00000000e+00 0.00000000e+00 0.00000000e+00]]
--------------------------------------------------
[2026-05-14 15:21:35] ERROR: 
Matrix Ego:
[[4.19377603e-01 3.88031655e-01 4.85738553e-01 1.56944378e-04]
 [2.61729199e-01 2.14401862e-01 2.25971486e-01 4.82895313e-03]
 [1.20973293e-02 1.06697722e-01 2.36405607e-01 4.62600659e-03]
 [3.47357809e-01 3.00503828e-01 4.36486470e-01 2.24774157e-01]]
Matrix Adv:
[[4.19377879e-01 3.88031655e-01 4.85738564e-01 4.88111118e-01]
 [2.65156805e-01 2.14454911e-01 2.26029177e-01 8.17539510e-02]
 [5.32557150e-01 1.06925725e-01 2.36793301e-01 6.35326482e-02]
 [2.48366749e-52 0.00000000e+00 0.00000000e+00 0.00000000e+00]]
--------------------------------------------------
[2026-05-14 15:21:35] ERROR: 
Matrix Ego:
[[4.19377603e-01 3.88031655e-01 4.85738553e-01 1.56944378e-04]
 [2.61729199e-01 2.14401862e-01 2.25971486e-01 4.82895313e-03]
 [1.20973293e-02 1.06697722e-01 2.36405607e-01 4.62600659e-03]
 [3.47357809e-01 3.00503828e-01 4.36486470e-01 2.24774157e-01]]
Matrix Adv:
[[4.19377879e-01 3.88031655e-01 4.85738564e-01 4.88111118e-01]
 [2.65156805e-01 2.14454911e-01 2.26029177e-01 8.17539510e-02]
 [5.32557150e-01 1.06925725e-01 2.36793301e-01 6.35326482e-02]
 [2.48366749e-52 0.00000000e+00 0.00000000e+00 0.00000000e+00]]
--------------------------------------------------
[2026-05-14 15:21:35] ERROR: 
Matrix Ego:
[[4.19377603e-01 3.88031655e-01 4.85738553e-01 1.41249940e-04]
 [2.61729199e-01 2.14401862e-01 2.25971486e-01 4.82895313e-03]
 [1.20973293e-02 1.06697722e-01 2.36405607e-01 4.62600659e-03]
 [3.47357809e-01 3.00503828e-01 4.36486470e-01 2.24774157e-01]]
Matrix Adv:
[[4.19377879e-01 3.88031655e-01 4.85738564e-01 4.93781302e-01]
 [2.65156805e-01 2.14454911e-01 2.26029177e-01 8.17539510e-02]
 [5.32557150e-01 1.06925725e-01 2.36793301e-01 6.35326482e-02]
 [2.48366749e-52 0.00000000e+00 0.00000000e+00 0.00000000e+00]]
--------------------------------------------------
[2026-05-14 15:21:35] ERROR: 
Matrix Ego:
[[4.19377603e-01 3.88031655e-01 4.85738553e-01 1.41249940e-04]
 [2.61729199e-01 2.14401862e-01 2.25971486e-01 4.82895313e-03]
 [1.20973293e-02 1.06697722e-01 2.36405607e-01 4.62600659e-03]
 [3.47357809e-01 3.00503828e-01 4.36486470e-01 2.24774157e-01]]
Matrix Adv:
[[4.19377879e-01 3.88031655e-01 4.85738564e-01 4.93781302e-01]
 [2.65156805e-01 2.14454911e-01 2.26029177e-01 8.17539510e-02]
 [5.32557150e-01 1.06925725e-01 2.36793301e-01 6.35326482e-02]
 [2.48366749e-52 0.00000000e+00 0.00000000e+00 0.00000000e+00]]
--------------------------------------------------
[2026-05-14 15:21:35] ERROR: 
Matrix Ego:
[[4.19377603e-01 3.88031655e-01 4.85738553e-01 1.41249940e-04]
 [2.61729199e-01 2.14401862e-01 2.25971486e-01 4.82895313e-03]
 [1.20973293e-02 1.06697722e-01 2.36405607e-01 4.62600659e-03]
 [3.47339272e-01 3.00503828e-01 4.36486470e-01 2.24774157e-01]]
Matrix Adv:
[[4.19377879e-01 3.88031655e-01 4.85738564e-01 4.93781302e-01]
 [2.65156805e-01 2.14454911e-01 2.26029177e-01 8.17539510e-02]
 [5.32557150e-01 1.06925725e-01 2.36793301e-01 6.35326482e-02]
 [2.23530074e-52 0.00000000e+00 0.00000000e+00 0.00000000e+00]]
--------------------------------------------------
[2026-05-14 15:21:35] ERROR: 
Matrix Ego:
[[4.19377603e-01 3.88031655e-01 4.85738553e-01 1.41249940e-04]
 [2.61729199e-01 2.14401862e-01 2.25971486e-01 4.82895313e-03]
 [1.20973293e-02 1.06697722e-01 2.36405607e-01 4.62600659e-03]
 [3.47339272e-01 3.00503828e-01 4.36486470e-01 2.24774157e-01]]
Matrix Adv:
[[4.19377879e-01 3.88031655e-01 4.85738564e-01 4.93781302e-01]
 [2.65156805e-01 2.14454911e-01 2.26029177e-01 8.17539510e-02]
 [5.32557150e-01 1.06925725e-01 2.36793301e-01 6.35326482e-02]
 [2.23530074e-52 0.00000000e+00 0.00000000e+00 0.00000000e+00]]
--------------------------------------------------
[2026-05-14 15:21:35] ERROR: 
Matrix Ego:
[[4.19377603e-01 3.88031655e-01 4.85738553e-01 1.41249940e-04]
 [2.61729199e-01 2.14401862e-01 2.25971486e-01 4.82895313e-03]
 [1.20973293e-02 1.06697722e-01 2.36405607e-01 4.62600659e-03]
 [3.47331309e-01 3.00503828e-01 4.36486470e-01 2.24774157e-01]]
Matrix Adv:
[[4.19377879e-01 3.88031655e-01 4.85738564e-01 4.93781302e-01]
 [2.65156805e-01 2.14454911e-01 2.26029177e-01 8.17539510e-02]
 [5.32557150e-01 1.06925725e-01 2.36793301e-01 6.35326482e-02]
 [2.01177067e-52 0.00000000e+00 0.00000000e+00 0.00000000e+00]]
--------------------------------------------------
[2026-05-14 15:21:35] ERROR: 
Matrix Ego:
[[4.19377603e-01 3.88031655e-01 4.85738553e-01 1.41249940e-04]
 [2.61729199e-01 2.14401862e-01 2.25971486e-01 4.82895313e-03]
 [1.20973293e-02 1.06697722e-01 2.36405607e-01 4.62600659e-03]
 [3.47331309e-01 3.00503828e-01 4.36486470e-01 2.24774157e-01]]
Matrix Adv:
[[4.19377879e-01 3.88031655e-01 4.85738564e-01 4.93781302e-01]
 [2.65156805e-01 2.14454911e-01 2.26029177e-01 8.17539510e-02]
 [5.32557150e-01 1.06925725e-01 2.36793301e-01 6.35326482e-02]
 [2.01177067e-52 0.00000000e+00 0.00000000e+00 0.00000000e+00]]
--------------------------------------------------
[2026-05-14 15:21:36] ERROR: 
Matrix Ego:
[[4.19377603e-01 3.88031655e-01 4.85738553e-01 1.41249940e-04]
 [2.61729199e-01 2.14401862e-01 2.25971486e-01 4.82895313e-03]
 [1.20973293e-02 1.06697722e-01 2.36405607e-01 4.62600659e-03]
 [3.47333816e-01 3.00503828e-01 4.36486470e-01 2.24774157e-01]]
Matrix Adv:
[[4.19377879e-01 3.88031655e-01 4.85738564e-01 4.93781302e-01]
 [2.65156805e-01 2.14454911e-01 2.26029177e-01 8.17539510e-02]
 [5.32557150e-01 1.06925725e-01 2.36793301e-01 6.35326482e-02]
 [1.81059360e-52 0.00000000e+00 0.00000000e+00 0.00000000e+00]]
--------------------------------------------------
[2026-05-14 15:21:36] ERROR: 
Matrix Ego:
[[4.19377603e-01 3.88031655e-01 4.85738553e-01 1.41249940e-04]
 [2.61729199e-01 2.14401862e-01 2.25971486e-01 4.82895313e-03]
 [1.20973293e-02 1.06697722e-01 2.36405607e-01 4.62600659e-03]
 [3.47333816e-01 3.00503828e-01 4.36486470e-01 2.24774157e-01]]
Matrix Adv:
[[4.19377879e-01 3.88031655e-01 4.85738564e-01 4.93781302e-01]
 [2.65156805e-01 2.14454911e-01 2.26029177e-01 8.17539510e-02]
 [5.32557150e-01 1.06925725e-01 2.36793301e-01 6.35326482e-02]
 [1.81059360e-52 0.00000000e+00 0.00000000e+00 0.00000000e+00]]
--------------------------------------------------
[2026-05-14 15:21:36] ERROR: 
Matrix Ego:
[[4.19377603e-01 3.88031655e-01 4.85738553e-01 1.41249940e-04]
 [2.61729199e-01 2.14401862e-01 2.25971486e-01 4.82895313e-03]
 [1.20973293e-02 1.06697722e-01 2.36405607e-01 4.62600659e-03]
 [3.47336071e-01 3.00503828e-01 4.36486470e-01 2.24774157e-01]]
Matrix Adv:
[[4.19377879e-01 3.88031655e-01 4.85738564e-01 4.93781302e-01]
 [2.65156805e-01 2.14454911e-01 2.26029177e-01 8.17539510e-02]
 [5.32557150e-01 1.06925725e-01 2.36793301e-01 6.35326482e-02]
 [1.62953424e-52 0.00000000e+00 0.00000000e+00 0.00000000e+00]]
--------------------------------------------------
[2026-05-14 15:21:36] ERROR: 
Matrix Ego:
[[4.19377603e-01 3.88031655e-01 4.85738553e-01 1.41249940e-04]
 [2.61729199e-01 2.14401862e-01 2.25971486e-01 4.82895313e-03]
 [1.20973293e-02 1.06697722e-01 2.36405607e-01 4.62600659e-03]
 [3.47336071e-01 3.00503828e-01 4.36486470e-01 2.24774157e-01]]
Matrix Adv:
[[4.19377879e-01 3.88031655e-01 4.85738564e-01 4.93781302e-01]
 [2.65156805e-01 2.14454911e-01 2.26029177e-01 8.17539510e-02]
 [5.32557150e-01 1.06925725e-01 2.36793301e-01 6.35326482e-02]
 [1.62953424e-52 0.00000000e+00 0.00000000e+00 0.00000000e+00]]
--------------------------------------------------
[2026-05-14 15:21:36] ERROR: 
Matrix Ego:
[[4.19377603e-01 3.88031655e-01 4.85738553e-01 1.41249940e-04]
 [2.61729199e-01 2.14401862e-01 2.25971486e-01 4.82895313e-03]
 [1.20973293e-02 1.06697722e-01 2.36405607e-01 4.62600659e-03]
 [3.47348426e-01 3.00503828e-01 4.36486470e-01 2.24774157e-01]]
Matrix Adv:
[[4.19377879e-01 3.88031655e-01 4.85738564e-01 4.93781302e-01]
 [2.65156805e-01 2.14454911e-01 2.26029177e-01 8.17539510e-02]
 [5.32557150e-01 1.06925725e-01 2.36793301e-01 6.35326482e-02]
 [1.46658082e-52 0.00000000e+00 0.00000000e+00 0.00000000e+00]]
--------------------------------------------------
[2026-05-14 15:21:36] ERROR: 
Matrix Ego:
[[4.19377603e-01 3.88031655e-01 4.85738553e-01 1.41249940e-04]
 [2.61729199e-01 2.14401862e-01 2.25971486e-01 4.82895313e-03]
 [1.20973293e-02 1.06697722e-01 2.36405607e-01 4.62600659e-03]
 [3.47348426e-01 3.00503828e-01 4.36486470e-01 2.24774157e-01]]
Matrix Adv:
[[4.19377879e-01 3.88031655e-01 4.85738564e-01 4.93781302e-01]
 [2.65156805e-01 2.14454911e-01 2.26029177e-01 8.17539510e-02]
 [5.32557150e-01 1.06925725e-01 2.36793301e-01 6.35326482e-02]
 [1.46658082e-52 0.00000000e+00 0.00000000e+00 0.00000000e+00]]
--------------------------------------------------
[2026-05-14 15:21:37] ERROR: 
Matrix Ego:
[[4.19377603e-01 3.88031655e-01 4.85738553e-01 1.41249940e-04]
 [2.61729199e-01 2.14401862e-01 2.25971486e-01 4.82895313e-03]
 [1.20973293e-02 1.06697722e-01 2.36405607e-01 4.62600659e-03]
 [3.47370265e-01 3.00503828e-01 4.36486470e-01 2.24774157e-01]]
Matrix Adv:
[[4.19377879e-01 3.88031655e-01 4.85738564e-01 4.93781302e-01]
 [2.65156805e-01 2.14454911e-01 2.26029177e-01 8.17539510e-02]
 [5.32557150e-01 1.06925725e-01 2.36793301e-01 6.35326482e-02]
 [1.31992273e-52 0.00000000e+00 0.00000000e+00 0.00000000e+00]]
--------------------------------------------------
[2026-05-14 15:21:37] ERROR: 
Matrix Ego:
[[4.19377603e-01 3.88031655e-01 4.85738553e-01 1.41249940e-04]
 [2.61729199e-01 2.14401862e-01 2.25971486e-01 4.82895313e-03]
 [1.20973293e-02 1.06697722e-01 2.36405607e-01 4.62600659e-03]
 [3.47370265e-01 3.00503828e-01 4.36486470e-01 2.24774157e-01]]
Matrix Adv:
[[4.19377879e-01 3.88031655e-01 4.85738564e-01 4.93781302e-01]
 [2.65156805e-01 2.14454911e-01 2.26029177e-01 8.17539510e-02]
 [5.32557150e-01 1.06925725e-01 2.36793301e-01 6.35326482e-02]
 [1.31992273e-52 0.00000000e+00 0.00000000e+00 0.00000000e+00]]
--------------------------------------------------
[2026-05-14 15:21:37] ERROR: 
Matrix Ego:
[[4.19377603e-01 3.88031655e-01 4.85738553e-01 1.41249940e-04]
 [2.61729199e-01 2.14401862e-01 2.25971486e-01 4.82895313e-03]
 [1.20973293e-02 1.06697722e-01 2.36405607e-01 4.62600659e-03]
 [3.47400819e-01 3.00503828e-01 4.36486470e-01 2.24774157e-01]]
Matrix Adv:
[[4.19377879e-01 3.88031655e-01 4.85738564e-01 4.93781302e-01]
 [2.65156805e-01 2.14454911e-01 2.26029177e-01 8.17539510e-02]
 [5.32557150e-01 1.06925725e-01 2.36793301e-01 6.35326482e-02]
 [1.18793046e-52 0.00000000e+00 0.00000000e+00 0.00000000e+00]]
--------------------------------------------------
[2026-05-14 15:21:37] ERROR: 
Matrix Ego:
[[4.19377603e-01 3.88031655e-01 4.85738553e-01 1.41249940e-04]
 [2.61729199e-01 2.14401862e-01 2.25971486e-01 4.82895313e-03]
 [1.20973293e-02 1.06697722e-01 2.36405607e-01 4.62600659e-03]
 [3.47400819e-01 3.00503828e-01 4.36486470e-01 2.24774157e-01]]
Matrix Adv:
[[4.19377879e-01 3.88031655e-01 4.85738564e-01 4.93781302e-01]
 [2.65156805e-01 2.14454911e-01 2.26029177e-01 8.17539510e-02]
 [5.32557150e-01 1.06925725e-01 2.36793301e-01 6.35326482e-02]
 [1.18793046e-52 0.00000000e+00 0.00000000e+00 0.00000000e+00]]
--------------------------------------------------
[2026-05-14 15:21:37] ERROR: 
Matrix Ego:
[[4.19377603e-01 3.88031655e-01 4.85738553e-01 1.41249940e-04]
 [2.61729199e-01 2.14401862e-01 2.25971486e-01 4.82895313e-03]
 [1.20973293e-02 1.06697722e-01 2.36405607e-01 4.62600659e-03]
 [3.47439223e-01 3.00503828e-01 4.36486470e-01 2.24774157e-01]]
Matrix Adv:
[[4.19377879e-01 3.88031655e-01 4.85738564e-01 4.93781302e-01]
 [2.65156805e-01 2.14454911e-01 2.26029177e-01 8.17539510e-02]
 [5.32557150e-01 1.06925725e-01 2.36793301e-01 6.35326482e-02]
 [1.06913741e-52 0.00000000e+00 0.00000000e+00 0.00000000e+00]]
--------------------------------------------------
[2026-05-14 15:21:37] ERROR: 
Matrix Ego:
[[4.19377603e-01 3.88031655e-01 4.85738553e-01 1.41249940e-04]
 [2.61729199e-01 2.14401862e-01 2.25971486e-01 4.82895313e-03]
 [1.20973293e-02 1.06697722e-01 2.36405607e-01 4.62600659e-03]
 [3.47439223e-01 3.00503828e-01 4.36486470e-01 2.24774157e-01]]
Matrix Adv:
[[4.19377879e-01 3.88031655e-01 4.85738564e-01 4.93781302e-01]
 [2.65156805e-01 2.14454911e-01 2.26029177e-01 8.17539510e-02]
 [5.32557150e-01 1.06925725e-01 2.36793301e-01 6.35326482e-02]
 [1.06913741e-52 0.00000000e+00 0.00000000e+00 0.00000000e+00]]
--------------------------------------------------
[2026-05-14 15:21:37] ERROR: 
Matrix Ego:
[[4.19377603e-01 3.88031655e-01 4.85738553e-01 1.41249940e-04]
 [2.61729199e-01 2.14401862e-01 2.25971486e-01 4.82895313e-03]
 [1.20973293e-02 1.06697722e-01 2.36405607e-01 4.62600659e-03]
 [3.47484527e-01 3.00503828e-01 4.36486470e-01 2.24774157e-01]]
Matrix Adv:
[[4.19377879e-01 3.88031655e-01 4.85738564e-01 4.93781302e-01]
 [2.65156805e-01 2.14454911e-01 2.26029177e-01 8.17539510e-02]
 [5.32557150e-01 1.06925725e-01 2.36793301e-01 6.35326482e-02]
 [9.62223673e-53 0.00000000e+00 0.00000000e+00 0.00000000e+00]]
--------------------------------------------------
[2026-05-14 15:21:37] ERROR: 
Matrix Ego:
[[4.19377603e-01 3.88031655e-01 4.85738553e-01 1.41249940e-04]
 [2.61729199e-01 2.14401862e-01 2.25971486e-01 4.82895313e-03]
 [1.20973293e-02 1.06697722e-01 2.36405607e-01 4.62600659e-03]
 [3.47484527e-01 3.00503828e-01 4.36486470e-01 2.24774157e-01]]
Matrix Adv:
[[4.19377879e-01 3.88031655e-01 4.85738564e-01 4.93781302e-01]
 [2.65156805e-01 2.14454911e-01 2.26029177e-01 8.17539510e-02]
 [5.32557150e-01 1.06925725e-01 2.36793301e-01 6.35326482e-02]
 [9.62223673e-53 0.00000000e+00 0.00000000e+00 0.00000000e+00]]
--------------------------------------------------
[2026-05-14 15:21:37] ERROR: 
Matrix Ego:
[[4.19377603e-01 3.88031655e-01 4.85738553e-01 1.41249940e-04]
 [2.61729199e-01 2.14401862e-01 2.25971486e-01 4.82895313e-03]
 [1.20973293e-02 1.06697722e-01 2.36405607e-01 4.62600659e-03]
 [3.47535775e-01 3.00503828e-01 4.36486470e-01 2.24774157e-01]]
Matrix Adv:
[[4.19377879e-01 3.88031655e-01 4.85738564e-01 4.93781302e-01]
 [2.65156805e-01 2.14454911e-01 2.26029177e-01 8.17539510e-02]
 [5.32557150e-01 1.06925725e-01 2.36793301e-01 6.35326482e-02]
 [8.66001306e-53 0.00000000e+00 0.00000000e+00 0.00000000e+00]]
--------------------------------------------------
[2026-05-14 15:21:37] ERROR: 
Matrix Ego:
[[4.19377603e-01 3.88031655e-01 4.85738553e-01 1.41249940e-04]
 [2.61729199e-01 2.14401862e-01 2.25971486e-01 4.82895313e-03]
 [1.20973293e-02 1.06697722e-01 2.36405607e-01 4.62600659e-03]
 [3.47535775e-01 3.00503828e-01 4.36486470e-01 2.24774157e-01]]
Matrix Adv:
[[4.19377879e-01 3.88031655e-01 4.85738564e-01 4.93781302e-01]
 [2.65156805e-01 2.14454911e-01 2.26029177e-01 8.17539510e-02]
 [5.32557150e-01 1.06925725e-01 2.36793301e-01 6.35326482e-02]
 [8.66001306e-53 0.00000000e+00 0.00000000e+00 0.00000000e+00]]
--------------------------------------------------
[2026-05-14 15:21:38] ERROR: 
Matrix Ego:
[[4.19377603e-01 3.88031655e-01 4.85738553e-01 1.41249940e-04]
 [2.61729199e-01 2.14401862e-01 2.25971486e-01 4.82895313e-03]
 [1.20973293e-02 1.06697722e-01 2.36405607e-01 4.62600659e-03]
 [3.47581898e-01 3.00503828e-01 4.36486470e-01 2.24774157e-01]]
Matrix Adv:
[[4.19377879e-01 3.88031655e-01 4.85738564e-01 4.93781302e-01]
 [2.65156805e-01 2.14454911e-01 2.26029177e-01 8.17539510e-02]
 [5.32557150e-01 1.06925725e-01 2.36793301e-01 6.35326482e-02]
 [7.79401175e-53 0.00000000e+00 0.00000000e+00 0.00000000e+00]]
--------------------------------------------------
[2026-05-14 15:21:38] ERROR: 
Matrix Ego:
[[4.19377603e-01 3.88031655e-01 4.85738553e-01 1.41249940e-04]
 [2.61729199e-01 2.14401862e-01 2.25971486e-01 4.82895313e-03]
 [1.20973293e-02 1.06697722e-01 2.36405607e-01 4.62600659e-03]
 [3.47581898e-01 3.00503828e-01 4.36486470e-01 2.24774157e-01]]
Matrix Adv:
[[4.19377879e-01 3.88031655e-01 4.85738564e-01 4.93781302e-01]
 [2.65156805e-01 2.14454911e-01 2.26029177e-01 8.17539510e-02]
 [5.32557150e-01 1.06925725e-01 2.36793301e-01 6.35326482e-02]
 [7.79401175e-53 0.00000000e+00 0.00000000e+00 0.00000000e+00]]
--------------------------------------------------
[2026-05-14 15:21:38] ERROR: 
Matrix Ego:
[[4.19377603e-01 3.88031655e-01 4.85738553e-01 1.41249940e-04]
 [2.61729199e-01 2.14401862e-01 2.25971486e-01 4.82895313e-03]
 [1.20973293e-02 1.06697722e-01 2.36405607e-01 4.62600659e-03]
 [3.47633563e-01 3.00503828e-01 4.36486470e-01 2.24774157e-01]]
Matrix Adv:
[[4.19377879e-01 3.88031655e-01 4.85738564e-01 4.93781302e-01]
 [2.65156805e-01 2.14454911e-01 2.26029177e-01 8.17539510e-02]
 [5.32557150e-01 1.06925725e-01 2.36793301e-01 6.35326482e-02]
 [7.01461057e-53 0.00000000e+00 0.00000000e+00 0.00000000e+00]]
--------------------------------------------------
[2026-05-14 15:21:38] ERROR: 
Matrix Ego:
[[4.19377603e-01 3.88031655e-01 4.85738553e-01 1.41249940e-04]
 [2.61729199e-01 2.14401862e-01 2.25971486e-01 4.82895313e-03]
 [1.20973293e-02 1.06697722e-01 2.36405607e-01 4.62600659e-03]
 [3.47633563e-01 3.00503828e-01 4.36486470e-01 2.24774157e-01]]
Matrix Adv:
[[4.19377879e-01 3.88031655e-01 4.85738564e-01 4.93781302e-01]
 [2.65156805e-01 2.14454911e-01 2.26029177e-01 8.17539510e-02]
 [5.32557150e-01 1.06925725e-01 2.36793301e-01 6.35326482e-02]
 [7.01461057e-53 0.00000000e+00 0.00000000e+00 0.00000000e+00]]
--------------------------------------------------
[2026-05-14 15:21:38] ERROR: 
Matrix Ego:
[[4.19377603e-01 3.88031655e-01 4.85738553e-01 1.41249940e-04]
 [2.61729199e-01 2.14401862e-01 2.25971486e-01 4.82895313e-03]
 [1.20973293e-02 1.06697722e-01 2.36405607e-01 4.62600659e-03]
 [3.47680061e-01 3.00503828e-01 4.36486470e-01 2.24774157e-01]]
Matrix Adv:
[[4.19377879e-01 3.88031655e-01 4.85738564e-01 4.93781302e-01]
 [2.65156805e-01 2.14454911e-01 2.26029177e-01 8.17539510e-02]
 [5.32557150e-01 1.06925725e-01 2.36793301e-01 6.35326482e-02]
 [6.31314952e-53 0.00000000e+00 0.00000000e+00 0.00000000e+00]]
--------------------------------------------------
[2026-05-14 15:21:38] ERROR: 
Matrix Ego:
[[4.19377603e-01 3.88031655e-01 4.85738553e-01 1.41249940e-04]
 [2.61729199e-01 2.14401862e-01 2.25971486e-01 4.82895313e-03]
 [1.20973293e-02 1.06697722e-01 2.36405607e-01 4.62600659e-03]
 [3.47680061e-01 3.00503828e-01 4.36486470e-01 2.24774157e-01]]
Matrix Adv:
[[4.19377879e-01 3.88031655e-01 4.85738564e-01 4.93781302e-01]
 [2.65156805e-01 2.14454911e-01 2.26029177e-01 8.17539510e-02]
 [5.32557150e-01 1.06925725e-01 2.36793301e-01 6.35326482e-02]
 [6.31314952e-53 0.00000000e+00 0.00000000e+00 0.00000000e+00]]
--------------------------------------------------
[2026-05-14 15:21:39] ERROR: 
Matrix Ego:
[[4.19377603e-01 3.88031655e-01 4.85738553e-01 1.41249940e-04]
 [2.61729199e-01 2.14401862e-01 2.25971486e-01 4.82895313e-03]
 [1.20973293e-02 1.06697722e-01 2.36405607e-01 4.62600659e-03]
 [3.47721909e-01 3.00503828e-01 4.36486470e-01 2.24774157e-01]]
Matrix Adv:
[[4.19377879e-01 3.88031655e-01 4.85738564e-01 4.93781302e-01]
 [2.65156805e-01 2.14454911e-01 2.26029177e-01 8.17539510e-02]
 [5.32557150e-01 1.06925725e-01 2.36793301e-01 6.35326482e-02]
 [5.68183457e-53 0.00000000e+00 0.00000000e+00 0.00000000e+00]]
--------------------------------------------------
[2026-05-14 15:21:39] ERROR: 
Matrix Ego:
[[4.19377603e-01 3.88031655e-01 4.85738553e-01 1.41249940e-04]
 [2.61729199e-01 2.14401862e-01 2.25971486e-01 4.82895313e-03]
 [1.20973293e-02 1.06697722e-01 2.36405607e-01 4.62600659e-03]
 [3.47721909e-01 3.00503828e-01 4.36486470e-01 2.24774157e-01]]
Matrix Adv:
[[4.19377879e-01 3.88031655e-01 4.85738564e-01 4.93781302e-01]
 [2.65156805e-01 2.14454911e-01 2.26029177e-01 8.17539510e-02]
 [5.32557150e-01 1.06925725e-01 2.36793301e-01 6.35326482e-02]
 [5.68183457e-53 0.00000000e+00 0.00000000e+00 0.00000000e+00]]
--------------------------------------------------
[2026-05-14 15:21:39] ERROR: 
Matrix Ego:
[[4.19377603e-01 3.88031655e-01 4.85738553e-01 1.41249940e-04]
 [2.61729199e-01 2.14401862e-01 2.25971486e-01 4.82895313e-03]
 [1.20973293e-02 1.06697722e-01 2.36405607e-01 4.62600659e-03]
 [3.47769338e-01 3.00503828e-01 4.36486470e-01 2.24774157e-01]]
Matrix Adv:
[[4.19377879e-01 3.88031655e-01 4.85738564e-01 4.93781302e-01]
 [2.65156805e-01 2.14454911e-01 2.26029177e-01 8.17539510e-02]
 [5.32557150e-01 1.06925725e-01 2.36793301e-01 6.35326482e-02]
 [5.11365111e-53 0.00000000e+00 0.00000000e+00 0.00000000e+00]]
--------------------------------------------------
[2026-05-14 15:21:39] ERROR: 
Matrix Ego:
[[4.19377603e-01 3.88031655e-01 4.85738553e-01 1.41249940e-04]
 [2.61729199e-01 2.14401862e-01 2.25971486e-01 4.82895313e-03]
 [1.20973293e-02 1.06697722e-01 2.36405607e-01 4.62600659e-03]
 [3.47769338e-01 3.00503828e-01 4.36486470e-01 2.24774157e-01]]
Matrix Adv:
[[4.19377879e-01 3.88031655e-01 4.85738564e-01 4.93781302e-01]
 [2.65156805e-01 2.14454911e-01 2.26029177e-01 8.17539510e-02]
 [5.32557150e-01 1.06925725e-01 2.36793301e-01 6.35326482e-02]
 [5.11365111e-53 0.00000000e+00 0.00000000e+00 0.00000000e+00]]
--------------------------------------------------
[2026-05-14 15:21:39] ERROR: 
Matrix Ego:
[[4.19377603e-01 3.88031655e-01 4.85738553e-01 1.41249940e-04]
 [2.61729199e-01 2.14401862e-01 2.25971486e-01 4.82895313e-03]
 [1.20973293e-02 1.06697722e-01 2.36405607e-01 4.62600659e-03]
 [3.47820812e-01 3.00503828e-01 4.36486470e-01 2.24774157e-01]]
Matrix Adv:
[[4.19377879e-01 3.88031655e-01 4.85738564e-01 4.93781302e-01]
 [2.65156805e-01 2.14454911e-01 2.26029177e-01 8.17539510e-02]
 [5.32557150e-01 1.06925725e-01 2.36793301e-01 6.35326482e-02]
 [4.60228600e-53 0.00000000e+00 0.00000000e+00 0.00000000e+00]]
--------------------------------------------------
[2026-05-14 15:21:39] ERROR: 
Matrix Ego:
[[4.19377603e-01 3.88031655e-01 4.85738553e-01 1.41249940e-04]
 [2.61729199e-01 2.14401862e-01 2.25971486e-01 4.82895313e-03]
 [1.20973293e-02 1.06697722e-01 2.36405607e-01 4.62600659e-03]
 [3.47820812e-01 3.00503828e-01 4.36486470e-01 2.24774157e-01]]
Matrix Adv:
[[4.19377879e-01 3.88031655e-01 4.85738564e-01 4.93781302e-01]
 [2.65156805e-01 2.14454911e-01 2.26029177e-01 8.17539510e-02]
 [5.32557150e-01 1.06925725e-01 2.36793301e-01 6.35326482e-02]
 [4.60228600e-53 0.00000000e+00 0.00000000e+00 0.00000000e+00]]
--------------------------------------------------
[2026-05-14 15:21:40] ERROR: 
Matrix Ego:
[[4.19377603e-01 3.88031655e-01 4.85738553e-01 1.41249940e-04]
 [2.61729199e-01 2.14401862e-01 2.25971486e-01 4.82895313e-03]
 [1.20973293e-02 1.06697722e-01 2.36405607e-01 4.62600659e-03]
 [3.47048523e-01 3.00503828e-01 4.36486470e-01 2.24774157e-01]]
Matrix Adv:
[[4.19377879e-01 3.88031655e-01 4.85738564e-01 4.93781302e-01]
 [2.65156805e-01 2.14454911e-01 2.26029177e-01 8.17539510e-02]
 [5.32557150e-01 1.06925725e-01 2.36793301e-01 6.35326482e-02]
 [4.14205740e-53 0.00000000e+00 0.00000000e+00 0.00000000e+00]]
--------------------------------------------------
[2026-05-14 15:21:40] ERROR: 
Matrix Ego:
[[4.19377603e-01 3.88031655e-01 4.85738553e-01 1.41249940e-04]
 [2.61729199e-01 2.14401862e-01 2.25971486e-01 4.82895313e-03]
 [1.20973293e-02 1.06697722e-01 2.36405607e-01 4.62600659e-03]
 [3.47048523e-01 3.00503828e-01 4.36486470e-01 2.24774157e-01]]
Matrix Adv:
[[4.19377879e-01 3.88031655e-01 4.85738564e-01 4.93781302e-01]
 [2.65156805e-01 2.14454911e-01 2.26029177e-01 8.17539510e-02]
 [5.32557150e-01 1.06925725e-01 2.36793301e-01 6.35326482e-02]
 [4.14205740e-53 0.00000000e+00 0.00000000e+00 0.00000000e+00]]
--------------------------------------------------
[2026-05-14 15:21:40] ERROR: 
Matrix Ego:
[[4.19377603e-01 3.88031655e-01 4.85738553e-01 1.41249940e-04]
 [2.61729199e-01 2.14401862e-01 2.25971486e-01 4.82895313e-03]
 [1.20973293e-02 1.06697722e-01 2.36405607e-01 4.62600659e-03]
 [3.46443868e-01 3.00503828e-01 4.36486470e-01 2.24774157e-01]]
Matrix Adv:
[[4.19377879e-01 3.88031655e-01 4.85738564e-01 4.93781302e-01]
 [2.65156805e-01 2.14454911e-01 2.26029177e-01 8.17539510e-02]
 [5.32557150e-01 1.06925725e-01 2.36793301e-01 6.35326482e-02]
 [3.72785166e-53 0.00000000e+00 0.00000000e+00 0.00000000e+00]]
--------------------------------------------------
[2026-05-14 15:21:40] ERROR: 
Matrix Ego:
[[4.19377603e-01 3.88031655e-01 4.85738553e-01 1.41249940e-04]
 [2.61729199e-01 2.14401862e-01 2.25971486e-01 4.82895313e-03]
 [1.20973293e-02 1.06697722e-01 2.36405607e-01 4.62600659e-03]
 [3.46443868e-01 3.00503828e-01 4.36486470e-01 2.24774157e-01]]
Matrix Adv:
[[4.19377879e-01 3.88031655e-01 4.85738564e-01 4.93781302e-01]
 [2.65156805e-01 2.14454911e-01 2.26029177e-01 8.17539510e-02]
 [5.32557150e-01 1.06925725e-01 2.36793301e-01 6.35326482e-02]
 [3.72785166e-53 0.00000000e+00 0.00000000e+00 0.00000000e+00]]
--------------------------------------------------
[2026-05-14 15:21:40] ERROR: 
Matrix Ego:
[[4.19377603e-01 3.88031655e-01 4.85738553e-01 1.41249940e-04]
 [2.61729199e-01 2.14401862e-01 2.25971486e-01 4.82895313e-03]
 [1.20973293e-02 1.06697722e-01 2.36405607e-01 4.62600659e-03]
 [3.45981043e-01 3.00503828e-01 4.36486470e-01 2.24774157e-01]]
Matrix Adv:
[[4.19377879e-01 3.88031655e-01 4.85738564e-01 4.93781302e-01]
 [2.65156805e-01 2.14454911e-01 2.26029177e-01 8.17539510e-02]
 [5.32557150e-01 1.06925725e-01 2.36793301e-01 6.35326482e-02]
 [3.35506649e-53 0.00000000e+00 0.00000000e+00 0.00000000e+00]]
--------------------------------------------------
[2026-05-14 15:21:40] ERROR: 
Matrix Ego:
[[4.19377603e-01 3.88031655e-01 4.85738553e-01 1.41249940e-04]
 [2.61729199e-01 2.14401862e-01 2.25971486e-01 4.82895313e-03]
 [1.20973293e-02 1.06697722e-01 2.36405607e-01 4.62600659e-03]
 [3.45981043e-01 3.00503828e-01 4.36486470e-01 2.24774157e-01]]
Matrix Adv:
[[4.19377879e-01 3.88031655e-01 4.85738564e-01 4.93781302e-01]
 [2.65156805e-01 2.14454911e-01 2.26029177e-01 8.17539510e-02]
 [5.32557150e-01 1.06925725e-01 2.36793301e-01 6.35326482e-02]
 [3.35506649e-53 0.00000000e+00 0.00000000e+00 0.00000000e+00]]
--------------------------------------------------
[2026-05-14 15:21:41] ERROR: 
Matrix Ego:
[[4.19377603e-01 3.88031655e-01 4.85738553e-01 1.41249940e-04]
 [2.61729199e-01 2.14401862e-01 2.25971486e-01 4.82895313e-03]
 [1.20973293e-02 1.06697722e-01 2.36405607e-01 4.62600659e-03]
 [3.45564500e-01 3.00503828e-01 4.36486470e-01 2.24774157e-01]]
Matrix Adv:
[[4.19377879e-01 3.88031655e-01 4.85738564e-01 4.93781302e-01]
 [2.65156805e-01 2.14454911e-01 2.26029177e-01 8.17539510e-02]
 [5.32557150e-01 1.06925725e-01 2.36793301e-01 6.35326482e-02]
 [3.01955984e-53 0.00000000e+00 0.00000000e+00 0.00000000e+00]]
--------------------------------------------------
[2026-05-14 15:21:41] ERROR: 
Matrix Ego:
[[4.19377603e-01 3.88031655e-01 4.85738553e-01 1.41249940e-04]
 [2.61729199e-01 2.14401862e-01 2.25971486e-01 4.82895313e-03]
 [1.20973293e-02 1.06697722e-01 2.36405607e-01 4.62600659e-03]
 [3.45564500e-01 3.00503828e-01 4.36486470e-01 2.24774157e-01]]
Matrix Adv:
[[4.19377879e-01 3.88031655e-01 4.85738564e-01 4.93781302e-01]
 [2.65156805e-01 2.14454911e-01 2.26029177e-01 8.17539510e-02]
 [5.32557150e-01 1.06925725e-01 2.36793301e-01 6.35326482e-02]
 [3.01955984e-53 0.00000000e+00 0.00000000e+00 0.00000000e+00]]
--------------------------------------------------
[2026-05-14 15:21:41] ERROR: 
Matrix Ego:
[[4.19377603e-01 3.88031655e-01 4.85738553e-01 1.41249940e-04]
 [2.61729199e-01 2.14401862e-01 2.25971486e-01 4.82895313e-03]
 [1.20973293e-02 1.06697722e-01 2.36405607e-01 4.62600659e-03]
 [3.45189612e-01 3.00503828e-01 4.36486470e-01 2.24774157e-01]]
Matrix Adv:
[[4.19377879e-01 3.88031655e-01 4.85738564e-01 4.93781302e-01]
 [2.65156805e-01 2.14454911e-01 2.26029177e-01 8.17539510e-02]
 [5.32557150e-01 1.06925725e-01 2.36793301e-01 6.35326482e-02]
 [2.71760386e-53 0.00000000e+00 0.00000000e+00 0.00000000e+00]]
--------------------------------------------------
[2026-05-14 15:21:41] ERROR: 
Matrix Ego:
[[4.19377603e-01 3.88031655e-01 4.85738553e-01 1.41249940e-04]
 [2.61729199e-01 2.14401862e-01 2.25971486e-01 4.82895313e-03]
 [1.20973293e-02 1.06697722e-01 2.36405607e-01 4.62600659e-03]
 [3.45189612e-01 3.00503828e-01 4.36486470e-01 2.24774157e-01]]
Matrix Adv:
[[4.19377879e-01 3.88031655e-01 4.85738564e-01 4.93781302e-01]
 [2.65156805e-01 2.14454911e-01 2.26029177e-01 8.17539510e-02]
 [5.32557150e-01 1.06925725e-01 2.36793301e-01 6.35326482e-02]
 [2.71760386e-53 0.00000000e+00 0.00000000e+00 0.00000000e+00]]
--------------------------------------------------
[2026-05-14 15:21:41] ERROR: 
Matrix Ego:
[[4.19377603e-01 3.88031655e-01 4.85738553e-01 1.41249940e-04]
 [2.61729199e-01 2.14401862e-01 2.25971486e-01 4.82895313e-03]
 [1.20973293e-02 1.06697722e-01 2.36405607e-01 4.62600659e-03]
 [3.44925244e-01 3.00503828e-01 4.36486470e-01 2.24774157e-01]]
Matrix Adv:
[[4.19377879e-01 3.88031655e-01 4.85738564e-01 4.93781302e-01]
 [2.65156805e-01 2.14454911e-01 2.26029177e-01 8.17539510e-02]
 [5.32557150e-01 1.06925725e-01 2.36793301e-01 6.35326482e-02]
 [2.44584347e-53 0.00000000e+00 0.00000000e+00 0.00000000e+00]]
--------------------------------------------------
[2026-05-14 15:21:41] ERROR: 
Matrix Ego:
[[4.19377603e-01 3.88031655e-01 4.85738553e-01 1.41249940e-04]
 [2.61729199e-01 2.14401862e-01 2.25971486e-01 4.82895313e-03]
 [1.20973293e-02 1.06697722e-01 2.36405607e-01 4.62600659e-03]
 [3.44925244e-01 3.00503828e-01 4.36486470e-01 2.24774157e-01]]
Matrix Adv:
[[4.19377879e-01 3.88031655e-01 4.85738564e-01 4.93781302e-01]
 [2.65156805e-01 2.14454911e-01 2.26029177e-01 8.17539510e-02]
 [5.32557150e-01 1.06925725e-01 2.36793301e-01 6.35326482e-02]
 [2.44584347e-53 0.00000000e+00 0.00000000e+00 0.00000000e+00]]
--------------------------------------------------
[2026-05-14 15:21:41] ERROR: 
Matrix Ego:
[[4.19377603e-01 3.88031655e-01 4.85738553e-01 1.41249940e-04]
 [2.61729199e-01 2.14401862e-01 2.25971486e-01 4.82895313e-03]
 [1.20973293e-02 1.06697722e-01 2.36405607e-01 4.62600659e-03]
 [3.44752631e-01 3.00503828e-01 4.36486470e-01 2.24774157e-01]]
Matrix Adv:
[[4.19377879e-01 3.88031655e-01 4.85738564e-01 4.93781302e-01]
 [2.65156805e-01 2.14454911e-01 2.26029177e-01 8.17539510e-02]
 [5.32557150e-01 1.06925725e-01 2.36793301e-01 6.35326482e-02]
 [2.20125913e-53 0.00000000e+00 0.00000000e+00 0.00000000e+00]]
--------------------------------------------------
[2026-05-14 15:21:41] ERROR: 
Matrix Ego:
[[4.19377603e-01 3.88031655e-01 4.85738553e-01 1.41249940e-04]
 [2.61729199e-01 2.14401862e-01 2.25971486e-01 4.82895313e-03]
 [1.20973293e-02 1.06697722e-01 2.36405607e-01 4.62600659e-03]
 [3.44752631e-01 3.00503828e-01 4.36486470e-01 2.24774157e-01]]
Matrix Adv:
[[4.19377879e-01 3.88031655e-01 4.85738564e-01 4.93781302e-01]
 [2.65156805e-01 2.14454911e-01 2.26029177e-01 8.17539510e-02]
 [5.32557150e-01 1.06925725e-01 2.36793301e-01 6.35326482e-02]
 [2.20125913e-53 0.00000000e+00 0.00000000e+00 0.00000000e+00]]
--------------------------------------------------
[2026-05-14 15:21:41] ERROR: 
Matrix Ego:
[[4.19377603e-01 3.88031655e-01 4.85738553e-01 1.41249940e-04]
 [2.61729199e-01 2.14401862e-01 2.25971486e-01 4.82895313e-03]
 [1.20973293e-02 1.06697722e-01 2.36405607e-01 4.62600659e-03]
 [3.44655511e-01 3.00503828e-01 4.36486470e-01 2.24774157e-01]]
Matrix Adv:
[[4.19377879e-01 3.88031655e-01 4.85738564e-01 4.93781302e-01]
 [2.65156805e-01 2.14454911e-01 2.26029177e-01 8.17539510e-02]
 [5.32557150e-01 1.06925725e-01 2.36793301e-01 6.35326482e-02]
 [1.98113321e-53 0.00000000e+00 0.00000000e+00 0.00000000e+00]]
--------------------------------------------------
[2026-05-14 15:21:41] ERROR: 
Matrix Ego:
[[4.19377603e-01 3.88031655e-01 4.85738553e-01 1.41249940e-04]
 [2.61729199e-01 2.14401862e-01 2.25971486e-01 4.82895313e-03]
 [1.20973293e-02 1.06697722e-01 2.36405607e-01 4.62600659e-03]
 [3.44655511e-01 3.00503828e-01 4.36486470e-01 2.24774157e-01]]
Matrix Adv:
[[4.19377879e-01 3.88031655e-01 4.85738564e-01 4.93781302e-01]
 [2.65156805e-01 2.14454911e-01 2.26029177e-01 8.17539510e-02]
 [5.32557150e-01 1.06925725e-01 2.36793301e-01 6.35326482e-02]
 [1.98113321e-53 0.00000000e+00 0.00000000e+00 0.00000000e+00]]
--------------------------------------------------
[2026-05-14 15:21:42] ERROR: 
Matrix Ego:
[[4.19377603e-01 3.88031655e-01 4.85738553e-01 1.41249940e-04]
 [2.61729199e-01 2.14401862e-01 2.25971486e-01 4.82895313e-03]
 [1.20973293e-02 1.06697722e-01 2.36405607e-01 4.62600659e-03]
 [3.44620011e-01 3.00503828e-01 4.36486470e-01 2.24774157e-01]]
Matrix Adv:
[[4.19377879e-01 3.88031655e-01 4.85738564e-01 4.93781302e-01]
 [2.65156805e-01 2.14454911e-01 2.26029177e-01 8.17539510e-02]
 [5.32557150e-01 1.06925725e-01 2.36793301e-01 6.35326482e-02]
 [1.78301989e-53 0.00000000e+00 0.00000000e+00 0.00000000e+00]]
--------------------------------------------------
[2026-05-14 15:21:42] ERROR: 
Matrix Ego:
[[4.19377603e-01 3.88031655e-01 4.85738553e-01 1.41249940e-04]
 [2.61729199e-01 2.14401862e-01 2.25971486e-01 4.82895313e-03]
 [1.20973293e-02 1.06697722e-01 2.36405607e-01 4.62600659e-03]
 [3.44620011e-01 3.00503828e-01 4.36486470e-01 2.24774157e-01]]
Matrix Adv:
[[4.19377879e-01 3.88031655e-01 4.85738564e-01 4.93781302e-01]
 [2.65156805e-01 2.14454911e-01 2.26029177e-01 8.17539510e-02]
 [5.32557150e-01 1.06925725e-01 2.36793301e-01 6.35326482e-02]
 [1.78301989e-53 0.00000000e+00 0.00000000e+00 0.00000000e+00]]
--------------------------------------------------
[2026-05-14 15:21:42] ERROR: 
Matrix Ego:
[[4.19377603e-01 3.88031655e-01 4.85738553e-01 1.41249940e-04]
 [2.61729199e-01 2.14401862e-01 2.25971486e-01 4.82895313e-03]
 [1.20973293e-02 1.06697722e-01 2.36405607e-01 4.62600659e-03]
 [3.44634179e-01 3.00503828e-01 4.36486470e-01 2.24774157e-01]]
Matrix Adv:
[[4.19377879e-01 3.88031655e-01 4.85738564e-01 4.93781302e-01]
 [2.65156805e-01 2.14454911e-01 2.26029177e-01 8.17539510e-02]
 [5.32557150e-01 1.06925725e-01 2.36793301e-01 6.35326482e-02]
 [1.60471790e-53 0.00000000e+00 0.00000000e+00 0.00000000e+00]]
--------------------------------------------------
[2026-05-14 15:21:42] ERROR: 
Matrix Ego:
[[4.19377603e-01 3.88031655e-01 4.85738553e-01 1.41249940e-04]
 [2.61729199e-01 2.14401862e-01 2.25971486e-01 4.82895313e-03]
 [1.20973293e-02 1.06697722e-01 2.36405607e-01 4.62600659e-03]
 [3.44634179e-01 3.00503828e-01 4.36486470e-01 2.24774157e-01]]
Matrix Adv:
[[4.19377879e-01 3.88031655e-01 4.85738564e-01 4.93781302e-01]
 [2.65156805e-01 2.14454911e-01 2.26029177e-01 8.17539510e-02]
 [5.32557150e-01 1.06925725e-01 2.36793301e-01 6.35326482e-02]
 [1.60471790e-53 0.00000000e+00 0.00000000e+00 0.00000000e+00]]
--------------------------------------------------
[2026-05-14 15:21:42] ERROR: 
Matrix Ego:
[[4.19377603e-01 3.88031655e-01 4.85738553e-01 1.41249940e-04]
 [2.61729199e-01 2.14401862e-01 2.25971486e-01 4.82895313e-03]
 [1.20973293e-02 1.06697722e-01 2.36405607e-01 4.62600659e-03]
 [3.44616805e-01 3.00503828e-01 4.36486470e-01 2.24774157e-01]]
Matrix Adv:
[[4.19377879e-01 3.88031655e-01 4.85738564e-01 4.93781302e-01]
 [2.65156805e-01 2.14454911e-01 2.26029177e-01 8.17539510e-02]
 [5.32557150e-01 1.06925725e-01 2.36793301e-01 6.35326482e-02]
 [1.44424611e-53 0.00000000e+00 0.00000000e+00 0.00000000e+00]]
--------------------------------------------------
[2026-05-14 15:21:42] ERROR: 
Matrix Ego:
[[4.19377603e-01 3.88031655e-01 4.85738553e-01 1.41249940e-04]
 [2.61729199e-01 2.14401862e-01 2.25971486e-01 4.82895313e-03]
 [1.20973293e-02 1.06697722e-01 2.36405607e-01 4.62600659e-03]
 [3.44616805e-01 3.00503828e-01 4.36486470e-01 2.24774157e-01]]
Matrix Adv:
[[4.19377879e-01 3.88031655e-01 4.85738564e-01 4.93781302e-01]
 [2.65156805e-01 2.14454911e-01 2.26029177e-01 8.17539510e-02]
 [5.32557150e-01 1.06925725e-01 2.36793301e-01 6.35326482e-02]
 [1.44424611e-53 0.00000000e+00 0.00000000e+00 0.00000000e+00]]
--------------------------------------------------
[2026-05-14 15:21:42] ERROR: 
Matrix Ego:
[[4.19377603e-01 3.88031655e-01 4.85738553e-01 1.41249940e-04]
 [2.61729199e-01 2.14401862e-01 2.25971486e-01 4.82895313e-03]
 [1.20973293e-02 1.06697722e-01 2.36405607e-01 4.62600659e-03]
 [3.44580476e-01 3.00503828e-01 4.36486470e-01 2.24774157e-01]]
Matrix Adv:
[[4.19377879e-01 3.88031655e-01 4.85738564e-01 4.93781302e-01]
 [2.65156805e-01 2.14454911e-01 2.26029177e-01 8.17539510e-02]
 [5.32557150e-01 1.06925725e-01 2.36793301e-01 6.35326482e-02]
 [1.29982150e-53 0.00000000e+00 0.00000000e+00 0.00000000e+00]]
--------------------------------------------------
[2026-05-14 15:21:42] ERROR: 
Matrix Ego:
[[4.19377603e-01 3.88031655e-01 4.85738553e-01 1.41249940e-04]
 [2.61729199e-01 2.14401862e-01 2.25971486e-01 4.82895313e-03]
 [1.20973293e-02 1.06697722e-01 2.36405607e-01 4.62600659e-03]
 [3.44580476e-01 3.00503828e-01 4.36486470e-01 2.24774157e-01]]
Matrix Adv:
[[4.19377879e-01 3.88031655e-01 4.85738564e-01 4.93781302e-01]
 [2.65156805e-01 2.14454911e-01 2.26029177e-01 8.17539510e-02]
 [5.32557150e-01 1.06925725e-01 2.36793301e-01 6.35326482e-02]
 [1.29982150e-53 0.00000000e+00 0.00000000e+00 0.00000000e+00]]
--------------------------------------------------
[2026-05-14 15:21:42] ERROR: 
Matrix Ego:
[[4.19377603e-01 3.88031655e-01 4.85738553e-01 1.41249940e-04]
 [2.61729199e-01 2.14401862e-01 2.25971486e-01 4.82895313e-03]
 [1.20973293e-02 1.06697722e-01 2.36405607e-01 4.62600659e-03]
 [3.43378022e-01 3.00503828e-01 4.36486470e-01 2.24774157e-01]]
Matrix Adv:
[[4.19377879e-01 3.88031655e-01 4.85738564e-01 4.93781302e-01]
 [2.65156805e-01 2.14454911e-01 2.26029177e-01 8.17539510e-02]
 [5.32557150e-01 1.06925725e-01 2.36793301e-01 6.35326482e-02]
 [1.16983935e-53 0.00000000e+00 0.00000000e+00 0.00000000e+00]]
--------------------------------------------------
[2026-05-14 15:21:42] ERROR: 
Matrix Ego:
[[4.19377603e-01 3.88031655e-01 4.85738553e-01 1.41249940e-04]
 [2.61729199e-01 2.14401862e-01 2.25971486e-01 4.82895313e-03]
 [1.20973293e-02 1.06697722e-01 2.36405607e-01 4.62600659e-03]
 [3.43378022e-01 3.00503828e-01 4.36486470e-01 2.24774157e-01]]
Matrix Adv:
[[4.19377879e-01 3.88031655e-01 4.85738564e-01 4.93781302e-01]
 [2.65156805e-01 2.14454911e-01 2.26029177e-01 8.17539510e-02]
 [5.32557150e-01 1.06925725e-01 2.36793301e-01 6.35326482e-02]
 [1.16983935e-53 0.00000000e+00 0.00000000e+00 0.00000000e+00]]
--------------------------------------------------
[2026-05-14 15:21:42] ERROR: 
Matrix Ego:
[[4.19377603e-01 3.88031655e-01 4.85738553e-01 1.41249940e-04]
 [2.61729199e-01 2.14401862e-01 2.25971486e-01 4.91374319e-03]
 [1.20973293e-02 1.06697722e-01 2.36405607e-01 4.62600659e-03]
 [3.43378022e-01 3.00503828e-01 4.36486470e-01 2.24774157e-01]]
Matrix Adv:
[[4.19377879e-01 3.88031655e-01 4.85738564e-01 4.93781302e-01]
 [2.65156805e-01 2.14454911e-01 2.26029177e-01 8.34443162e-02]
 [5.32557150e-01 1.06925725e-01 2.36793301e-01 6.35326482e-02]
 [1.16983935e-53 0.00000000e+00 0.00000000e+00 0.00000000e+00]]
--------------------------------------------------
[2026-05-14 15:21:42] ERROR: 
Matrix Ego:
[[4.19377603e-01 3.88031655e-01 4.85738553e-01 1.41249940e-04]
 [2.61729199e-01 2.14401862e-01 2.25971486e-01 4.91374319e-03]
 [1.20973293e-02 1.06697722e-01 2.36405607e-01 4.62600659e-03]
 [3.43378022e-01 3.00503828e-01 4.36486470e-01 2.24774157e-01]]
Matrix Adv:
[[4.19377879e-01 3.88031655e-01 4.85738564e-01 4.93781302e-01]
 [2.65156805e-01 2.14454911e-01 2.26029177e-01 8.34443162e-02]
 [5.32557150e-01 1.06925725e-01 2.36793301e-01 6.35326482e-02]
 [1.16983935e-53 0.00000000e+00 0.00000000e+00 0.00000000e+00]]
--------------------------------------------------
[2026-05-14 15:21:43] ERROR: 
Matrix Ego:
[[4.19377603e-01 3.88031655e-01 4.85738553e-01 1.41249940e-04]
 [2.61729199e-01 2.14401862e-01 2.25971486e-01 4.91374319e-03]
 [1.20973293e-02 1.06697722e-01 2.36405607e-01 4.62600659e-03]
 [3.42404976e-01 3.00503828e-01 4.36486470e-01 2.24774157e-01]]
Matrix Adv:
[[4.19377879e-01 3.88031655e-01 4.85738564e-01 4.93781302e-01]
 [2.65156805e-01 2.14454911e-01 2.26029177e-01 8.34443162e-02]
 [5.32557150e-01 1.06925725e-01 2.36793301e-01 6.35326482e-02]
 [1.05285542e-53 0.00000000e+00 0.00000000e+00 0.00000000e+00]]
--------------------------------------------------
[2026-05-14 15:21:43] ERROR: 
Matrix Ego:
[[4.19377603e-01 3.88031655e-01 4.85738553e-01 1.41249940e-04]
 [2.61729199e-01 2.14401862e-01 2.25971486e-01 4.91374319e-03]
 [1.20973293e-02 1.06697722e-01 2.36405607e-01 4.62600659e-03]
 [3.42404976e-01 3.00503828e-01 4.36486470e-01 2.24774157e-01]]
Matrix Adv:
[[4.19377879e-01 3.88031655e-01 4.85738564e-01 4.93781302e-01]
 [2.65156805e-01 2.14454911e-01 2.26029177e-01 8.34443162e-02]
 [5.32557150e-01 1.06925725e-01 2.36793301e-01 6.35326482e-02]
 [1.05285542e-53 0.00000000e+00 0.00000000e+00 0.00000000e+00]]
--------------------------------------------------
[2026-05-14 15:21:43] ERROR: 
Matrix Ego:
[[4.19377603e-01 3.88031655e-01 4.85738553e-01 1.41249940e-04]
 [2.61729199e-01 2.14401862e-01 2.25971486e-01 4.91374319e-03]
 [1.20973293e-02 1.06697722e-01 2.36405607e-01 4.62600659e-03]
 [3.41632021e-01 3.00503828e-01 4.36486470e-01 2.24774157e-01]]
Matrix Adv:
[[4.19377879e-01 3.88031655e-01 4.85738564e-01 4.93781302e-01]
 [2.65156805e-01 2.14454911e-01 2.26029177e-01 8.34443162e-02]
 [5.32557150e-01 1.06925725e-01 2.36793301e-01 6.35326482e-02]
 [9.47569874e-54 0.00000000e+00 0.00000000e+00 0.00000000e+00]]
--------------------------------------------------
[2026-05-14 15:21:43] ERROR: 
Matrix Ego:
[[4.19377603e-01 3.88031655e-01 4.85738553e-01 1.41249940e-04]
 [2.61729199e-01 2.14401862e-01 2.25971486e-01 4.91374319e-03]
 [1.20973293e-02 1.06697722e-01 2.36405607e-01 4.62600659e-03]
 [3.41632021e-01 3.00503828e-01 4.36486470e-01 2.24774157e-01]]
Matrix Adv:
[[4.19377879e-01 3.88031655e-01 4.85738564e-01 4.93781302e-01]
 [2.65156805e-01 2.14454911e-01 2.26029177e-01 8.34443162e-02]
 [5.32557150e-01 1.06925725e-01 2.36793301e-01 6.35326482e-02]
 [9.47569874e-54 0.00000000e+00 0.00000000e+00 0.00000000e+00]]
--------------------------------------------------
[2026-05-14 15:21:43] ERROR: 
Matrix Ego:
[[4.19377603e-01 3.88031655e-01 4.85738553e-01 1.41249940e-04]
 [2.61729199e-01 2.14401862e-01 2.25971486e-01 4.91374319e-03]
 [1.20973293e-02 1.06697722e-01 2.36405607e-01 4.62600659e-03]
 [3.41028869e-01 3.00503828e-01 4.36486470e-01 2.24774157e-01]]
Matrix Adv:
[[4.19377879e-01 3.88031655e-01 4.85738564e-01 4.93781302e-01]
 [2.65156805e-01 2.14454911e-01 2.26029177e-01 8.34443162e-02]
 [5.32557150e-01 1.06925725e-01 2.36793301e-01 6.35326482e-02]
 [8.52812887e-54 0.00000000e+00 0.00000000e+00 0.00000000e+00]]
--------------------------------------------------
[2026-05-14 15:21:43] ERROR: 
Matrix Ego:
[[4.19377603e-01 3.88031655e-01 4.85738553e-01 1.41249940e-04]
 [2.61729199e-01 2.14401862e-01 2.25971486e-01 4.91374319e-03]
 [1.20973293e-02 1.06697722e-01 2.36405607e-01 4.62600659e-03]
 [3.41028869e-01 3.00503828e-01 4.36486470e-01 2.24774157e-01]]
Matrix Adv:
[[4.19377879e-01 3.88031655e-01 4.85738564e-01 4.93781302e-01]
 [2.65156805e-01 2.14454911e-01 2.26029177e-01 8.34443162e-02]
 [5.32557150e-01 1.06925725e-01 2.36793301e-01 6.35326482e-02]
 [8.52812887e-54 0.00000000e+00 0.00000000e+00 0.00000000e+00]]
--------------------------------------------------
[2026-05-14 15:21:43] ERROR: 
Matrix Ego:
[[4.19377603e-01 3.88031655e-01 4.85738553e-01 1.41249940e-04]
 [2.61729199e-01 2.14401862e-01 2.25971486e-01 4.91374319e-03]
 [1.20973293e-02 1.06697722e-01 2.36405607e-01 4.62600659e-03]
 [3.40573368e-01 3.00503828e-01 4.36486470e-01 2.24774157e-01]]
Matrix Adv:
[[4.19377879e-01 3.88031655e-01 4.85738564e-01 4.93781302e-01]
 [2.65156805e-01 2.14454911e-01 2.26029177e-01 8.34443162e-02]
 [5.32557150e-01 1.06925725e-01 2.36793301e-01 6.35326482e-02]
 [7.67531598e-54 0.00000000e+00 0.00000000e+00 0.00000000e+00]]
--------------------------------------------------
[2026-05-14 15:21:43] ERROR: 
Matrix Ego:
[[4.19377603e-01 3.88031655e-01 4.85738553e-01 1.41249940e-04]
 [2.61729199e-01 2.14401862e-01 2.25971486e-01 4.91374319e-03]
 [1.20973293e-02 1.06697722e-01 2.36405607e-01 4.62600659e-03]
 [3.40573368e-01 3.00503828e-01 4.36486470e-01 2.24774157e-01]]
Matrix Adv:
[[4.19377879e-01 3.88031655e-01 4.85738564e-01 4.93781302e-01]
 [2.65156805e-01 2.14454911e-01 2.26029177e-01 8.34443162e-02]
 [5.32557150e-01 1.06925725e-01 2.36793301e-01 6.35326482e-02]
 [7.67531598e-54 0.00000000e+00 0.00000000e+00 0.00000000e+00]]
--------------------------------------------------
[2026-05-14 15:21:44] ERROR: 
Matrix Ego:
[[4.19377603e-01 3.88031655e-01 4.85738553e-01 1.41249940e-04]
 [2.61729199e-01 2.14401862e-01 2.25971486e-01 4.91374319e-03]
 [1.20973293e-02 1.06697722e-01 2.36405607e-01 4.62600659e-03]
 [3.40163418e-01 3.00503828e-01 4.36486470e-01 2.24774157e-01]]
Matrix Adv:
[[4.19377879e-01 3.88031655e-01 4.85738564e-01 4.93781302e-01]
 [2.65156805e-01 2.14454911e-01 2.26029177e-01 8.34443162e-02]
 [5.32557150e-01 1.06925725e-01 2.36793301e-01 6.35326482e-02]
 [6.90778438e-54 0.00000000e+00 0.00000000e+00 0.00000000e+00]]
--------------------------------------------------
[2026-05-14 15:21:44] ERROR: 
Matrix Ego:
[[4.19377603e-01 3.88031655e-01 4.85738553e-01 1.41249940e-04]
 [2.61729199e-01 2.14401862e-01 2.25971486e-01 4.91374319e-03]
 [1.20973293e-02 1.06697722e-01 2.36405607e-01 4.62600659e-03]
 [3.40163418e-01 3.00503828e-01 4.36486470e-01 2.24774157e-01]]
Matrix Adv:
[[4.19377879e-01 3.88031655e-01 4.85738564e-01 4.93781302e-01]
 [2.65156805e-01 2.14454911e-01 2.26029177e-01 8.34443162e-02]
 [5.32557150e-01 1.06925725e-01 2.36793301e-01 6.35326482e-02]
 [6.90778438e-54 0.00000000e+00 0.00000000e+00 0.00000000e+00]]
--------------------------------------------------
[2026-05-14 15:21:44] ERROR: 
Matrix Ego:
[[4.19377603e-01 3.88031655e-01 4.85738553e-01 1.41249940e-04]
 [2.61729199e-01 2.14401862e-01 2.25971486e-01 4.99005425e-03]
 [1.20973293e-02 1.06697722e-01 2.36405607e-01 4.62600659e-03]
 [3.40163418e-01 3.00503828e-01 4.36486470e-01 2.24774157e-01]]
Matrix Adv:
[[4.19377879e-01 3.88031655e-01 4.85738564e-01 4.93781302e-01]
 [2.65156805e-01 2.14454911e-01 2.26029177e-01 8.49656449e-02]
 [5.32557150e-01 1.06925725e-01 2.36793301e-01 6.35326482e-02]
 [6.90778438e-54 0.00000000e+00 0.00000000e+00 0.00000000e+00]]
--------------------------------------------------
[2026-05-14 15:21:44] ERROR: 
Matrix Ego:
[[4.19377603e-01 3.88031655e-01 4.85738553e-01 1.41249940e-04]
 [2.61729199e-01 2.14401862e-01 2.25971486e-01 4.99005425e-03]
 [1.20973293e-02 1.06697722e-01 2.36405607e-01 4.62600659e-03]
 [3.40163418e-01 3.00503828e-01 4.36486470e-01 2.24774157e-01]]
Matrix Adv:
[[4.19377879e-01 3.88031655e-01 4.85738564e-01 4.93781302e-01]
 [2.65156805e-01 2.14454911e-01 2.26029177e-01 8.49656449e-02]
 [5.32557150e-01 1.06925725e-01 2.36793301e-01 6.35326482e-02]
 [6.90778438e-54 0.00000000e+00 0.00000000e+00 0.00000000e+00]]
--------------------------------------------------
[2026-05-14 15:21:44] ERROR: 
Matrix Ego:
[[4.19377603e-01 3.88031655e-01 4.85738553e-01 1.41249940e-04]
 [2.61729199e-01 2.14401862e-01 2.25971486e-01 4.99005425e-03]
 [1.20973293e-02 1.06697722e-01 2.36405607e-01 4.62600659e-03]
 [3.39794462e-01 3.00503828e-01 4.36486470e-01 2.24774157e-01]]
Matrix Adv:
[[4.19377879e-01 3.88031655e-01 4.85738564e-01 4.93781302e-01]
 [2.65156805e-01 2.14454911e-01 2.26029177e-01 8.49656449e-02]
 [5.32557150e-01 1.06925725e-01 2.36793301e-01 6.35326482e-02]
 [6.21700595e-54 0.00000000e+00 0.00000000e+00 0.00000000e+00]]
--------------------------------------------------
[2026-05-14 15:21:44] ERROR: 
Matrix Ego:
[[4.19377603e-01 3.88031655e-01 4.85738553e-01 1.41249940e-04]
 [2.61729199e-01 2.14401862e-01 2.25971486e-01 4.99005425e-03]
 [1.20973293e-02 1.06697722e-01 2.36405607e-01 4.62600659e-03]
 [3.39794462e-01 3.00503828e-01 4.36486470e-01 2.24774157e-01]]
Matrix Adv:
[[4.19377879e-01 3.88031655e-01 4.85738564e-01 4.93781302e-01]
 [2.65156805e-01 2.14454911e-01 2.26029177e-01 8.49656449e-02]
 [5.32557150e-01 1.06925725e-01 2.36793301e-01 6.35326482e-02]
 [6.21700595e-54 0.00000000e+00 0.00000000e+00 0.00000000e+00]]
--------------------------------------------------
[2026-05-14 15:21:44] ERROR: 
Matrix Ego:
[[4.19377603e-01 3.88031655e-01 4.85738553e-01 1.41249940e-04]
 [2.61729199e-01 2.14401862e-01 2.25971486e-01 4.99005425e-03]
 [1.20973293e-02 1.06697722e-01 2.36405607e-01 4.62600659e-03]
 [3.39544672e-01 3.00503828e-01 4.36486470e-01 2.24774157e-01]]
Matrix Adv:
[[4.19377879e-01 3.88031655e-01 4.85738564e-01 4.93781302e-01]
 [2.65156805e-01 2.14454911e-01 2.26029177e-01 8.49656449e-02]
 [5.32557150e-01 1.06925725e-01 2.36793301e-01 6.35326482e-02]
 [5.59530535e-54 0.00000000e+00 0.00000000e+00 0.00000000e+00]]
--------------------------------------------------
[2026-05-14 15:21:44] ERROR: 
Matrix Ego:
[[4.19377603e-01 3.88031655e-01 4.85738553e-01 1.41249940e-04]
 [2.61729199e-01 2.14401862e-01 2.25971486e-01 4.99005425e-03]
 [1.20973293e-02 1.06697722e-01 2.36405607e-01 4.62600659e-03]
 [3.39544672e-01 3.00503828e-01 4.36486470e-01 2.24774157e-01]]
Matrix Adv:
[[4.19377879e-01 3.88031655e-01 4.85738564e-01 4.93781302e-01]
 [2.65156805e-01 2.14454911e-01 2.26029177e-01 8.49656449e-02]
 [5.32557150e-01 1.06925725e-01 2.36793301e-01 6.35326482e-02]
 [5.59530535e-54 0.00000000e+00 0.00000000e+00 0.00000000e+00]]
--------------------------------------------------
[2026-05-14 15:21:45] ERROR: 
Matrix Ego:
[[4.19377603e-01 3.88031655e-01 4.85738553e-01 1.41249940e-04]
 [2.61729199e-01 2.14401862e-01 2.25971486e-01 4.99005425e-03]
 [1.20973293e-02 1.06697722e-01 2.36405607e-01 4.62600659e-03]
 [3.39393902e-01 3.00503828e-01 4.36486470e-01 2.24774157e-01]]
Matrix Adv:
[[4.19377879e-01 3.88031655e-01 4.85738564e-01 4.93781302e-01]
 [2.65156805e-01 2.14454911e-01 2.26029177e-01 8.49656449e-02]
 [5.32557150e-01 1.06925725e-01 2.36793301e-01 6.35326482e-02]
 [5.03577482e-54 0.00000000e+00 0.00000000e+00 0.00000000e+00]]
--------------------------------------------------
[2026-05-14 15:21:45] ERROR: 
Matrix Ego:
[[4.19377603e-01 3.88031655e-01 4.85738553e-01 1.41249940e-04]
 [2.61729199e-01 2.14401862e-01 2.25971486e-01 4.99005425e-03]
 [1.20973293e-02 1.06697722e-01 2.36405607e-01 4.62600659e-03]
 [3.39393902e-01 3.00503828e-01 4.36486470e-01 2.24774157e-01]]
Matrix Adv:
[[4.19377879e-01 3.88031655e-01 4.85738564e-01 4.93781302e-01]
 [2.65156805e-01 2.14454911e-01 2.26029177e-01 8.49656449e-02]
 [5.32557150e-01 1.06925725e-01 2.36793301e-01 6.35326482e-02]
 [5.03577482e-54 0.00000000e+00 0.00000000e+00 0.00000000e+00]]
--------------------------------------------------
[2026-05-14 15:21:45] ERROR: 
Matrix Ego:
[[4.19377603e-01 3.88031655e-01 4.85738553e-01 1.41249940e-04]
 [2.61729199e-01 2.14401862e-01 2.25971486e-01 4.99005425e-03]
 [1.20973293e-02 1.06697722e-01 2.36405607e-01 4.62600659e-03]
 [3.39258209e-01 3.00503828e-01 4.36486470e-01 2.24774157e-01]]
Matrix Adv:
[[4.19377879e-01 3.88031655e-01 4.85738564e-01 4.93781302e-01]
 [2.65156805e-01 2.14454911e-01 2.26029177e-01 8.49656449e-02]
 [5.32557150e-01 1.06925725e-01 2.36793301e-01 6.35326482e-02]
 [4.53219733e-54 0.00000000e+00 0.00000000e+00 0.00000000e+00]]
--------------------------------------------------
[2026-05-14 15:21:45] ERROR: 
Matrix Ego:
[[4.19377603e-01 3.88031655e-01 4.85738553e-01 1.41249940e-04]
 [2.61729199e-01 2.14401862e-01 2.25971486e-01 4.99005425e-03]
 [1.20973293e-02 1.06697722e-01 2.36405607e-01 4.62600659e-03]
 [3.39258209e-01 3.00503828e-01 4.36486470e-01 2.24774157e-01]]
Matrix Adv:
[[4.19377879e-01 3.88031655e-01 4.85738564e-01 4.93781302e-01]
 [2.65156805e-01 2.14454911e-01 2.26029177e-01 8.49656449e-02]
 [5.32557150e-01 1.06925725e-01 2.36793301e-01 6.35326482e-02]
 [4.53219733e-54 0.00000000e+00 0.00000000e+00 0.00000000e+00]]
--------------------------------------------------
[2026-05-14 15:21:45] ERROR: 
Matrix Ego:
[[4.19377603e-01 3.88031655e-01 4.85738553e-01 1.41249940e-04]
 [2.61729199e-01 2.14401862e-01 2.25971486e-01 4.99005425e-03]
 [1.20973293e-02 1.06697722e-01 2.36405607e-01 4.62600659e-03]
 [3.39206026e-01 3.00503828e-01 4.36486470e-01 2.24774157e-01]]
Matrix Adv:
[[4.19377879e-01 3.88031655e-01 4.85738564e-01 4.93781302e-01]
 [2.65156805e-01 2.14454911e-01 2.26029177e-01 8.49656449e-02]
 [5.32557150e-01 1.06925725e-01 2.36793301e-01 6.35326482e-02]
 [4.07897760e-54 0.00000000e+00 0.00000000e+00 0.00000000e+00]]
--------------------------------------------------
[2026-05-14 15:21:45] ERROR: 
Matrix Ego:
[[4.19377603e-01 3.88031655e-01 4.85738553e-01 1.41249940e-04]
 [2.61729199e-01 2.14401862e-01 2.25971486e-01 4.99005425e-03]
 [1.20973293e-02 1.06697722e-01 2.36405607e-01 4.62600659e-03]
 [3.39206026e-01 3.00503828e-01 4.36486470e-01 2.24774157e-01]]
Matrix Adv:
[[4.19377879e-01 3.88031655e-01 4.85738564e-01 4.93781302e-01]
 [2.65156805e-01 2.14454911e-01 2.26029177e-01 8.49656449e-02]
 [5.32557150e-01 1.06925725e-01 2.36793301e-01 6.35326482e-02]
 [4.07897760e-54 0.00000000e+00 0.00000000e+00 0.00000000e+00]]
--------------------------------------------------
[2026-05-14 15:21:45] ERROR: 
Matrix Ego:
[[4.19377603e-01 3.88031655e-01 4.85738553e-01 1.41249940e-04]
 [2.61729199e-01 2.14401862e-01 2.25971486e-01 4.99005425e-03]
 [1.20973293e-02 1.06697722e-01 2.36405607e-01 4.62600659e-03]
 [3.39224991e-01 3.00503828e-01 4.36486470e-01 2.24774157e-01]]
Matrix Adv:
[[4.19377879e-01 3.88031655e-01 4.85738564e-01 4.93781302e-01]
 [2.65156805e-01 2.14454911e-01 2.26029177e-01 8.49656449e-02]
 [5.32557150e-01 1.06925725e-01 2.36793301e-01 6.35326482e-02]
 [3.67107984e-54 0.00000000e+00 0.00000000e+00 0.00000000e+00]]
--------------------------------------------------
[2026-05-14 15:21:45] ERROR: 
Matrix Ego:
[[4.19377603e-01 3.88031655e-01 4.85738553e-01 1.41249940e-04]
 [2.61729199e-01 2.14401862e-01 2.25971486e-01 4.99005425e-03]
 [1.20973293e-02 1.06697722e-01 2.36405607e-01 4.62600659e-03]
 [3.39224991e-01 3.00503828e-01 4.36486470e-01 2.24774157e-01]]
Matrix Adv:
[[4.19377879e-01 3.88031655e-01 4.85738564e-01 4.93781302e-01]
 [2.65156805e-01 2.14454911e-01 2.26029177e-01 8.49656449e-02]
 [5.32557150e-01 1.06925725e-01 2.36793301e-01 6.35326482e-02]
 [3.67107984e-54 0.00000000e+00 0.00000000e+00 0.00000000e+00]]
--------------------------------------------------
[2026-05-14 15:21:45] ERROR: 
Matrix Ego:
[[4.19377603e-01 3.88031655e-01 4.85738553e-01 1.41249940e-04]
 [2.61729199e-01 2.14401862e-01 2.25971486e-01 4.99005425e-03]
 [1.20973293e-02 1.06697722e-01 2.36405607e-01 4.62600659e-03]
 [3.39304095e-01 3.00503828e-01 4.36486470e-01 2.24774157e-01]]
Matrix Adv:
[[4.19377879e-01 3.88031655e-01 4.85738564e-01 4.93781302e-01]
 [2.65156805e-01 2.14454911e-01 2.26029177e-01 8.49656449e-02]
 [5.32557150e-01 1.06925725e-01 2.36793301e-01 6.35326482e-02]
 [3.30397186e-54 0.00000000e+00 0.00000000e+00 0.00000000e+00]]
--------------------------------------------------
[2026-05-14 15:21:45] ERROR: 
Matrix Ego:
[[4.19377603e-01 3.88031655e-01 4.85738553e-01 1.41249940e-04]
 [2.61729199e-01 2.14401862e-01 2.25971486e-01 4.99005425e-03]
 [1.20973293e-02 1.06697722e-01 2.36405607e-01 4.62600659e-03]
 [3.39304095e-01 3.00503828e-01 4.36486470e-01 2.24774157e-01]]
Matrix Adv:
[[4.19377879e-01 3.88031655e-01 4.85738564e-01 4.93781302e-01]
 [2.65156805e-01 2.14454911e-01 2.26029177e-01 8.49656449e-02]
 [5.32557150e-01 1.06925725e-01 2.36793301e-01 6.35326482e-02]
 [3.30397186e-54 0.00000000e+00 0.00000000e+00 0.00000000e+00]]
--------------------------------------------------
[2026-05-14 15:21:46] ERROR: 
Matrix Ego:
[[4.19377603e-01 3.88031655e-01 4.85738553e-01 1.41249940e-04]
 [2.61729199e-01 2.14401862e-01 2.25971486e-01 4.99005425e-03]
 [1.20973293e-02 1.06697722e-01 2.36405607e-01 4.62600659e-03]
 [3.39433538e-01 3.00503828e-01 4.36486470e-01 2.24774157e-01]]
Matrix Adv:
[[4.19377879e-01 3.88031655e-01 4.85738564e-01 4.93781302e-01]
 [2.65156805e-01 2.14454911e-01 2.26029177e-01 8.49656449e-02]
 [5.32557150e-01 1.06925725e-01 2.36793301e-01 6.35326482e-02]
 [2.97357467e-54 0.00000000e+00 0.00000000e+00 0.00000000e+00]]
--------------------------------------------------
[2026-05-14 15:21:46] ERROR: 
Matrix Ego:
[[4.19377603e-01 3.88031655e-01 4.85738553e-01 1.41249940e-04]
 [2.61729199e-01 2.14401862e-01 2.25971486e-01 4.99005425e-03]
 [1.20973293e-02 1.06697722e-01 2.36405607e-01 4.62600659e-03]
 [3.39433538e-01 3.00503828e-01 4.36486470e-01 2.24774157e-01]]
Matrix Adv:
[[4.19377879e-01 3.88031655e-01 4.85738564e-01 4.93781302e-01]
 [2.65156805e-01 2.14454911e-01 2.26029177e-01 8.49656449e-02]
 [5.32557150e-01 1.06925725e-01 2.36793301e-01 6.35326482e-02]
 [2.97357467e-54 0.00000000e+00 0.00000000e+00 0.00000000e+00]]
--------------------------------------------------
[2026-05-14 15:21:46] ERROR: 
Matrix Ego:
[[4.19377603e-01 3.88031655e-01 4.85738553e-01 1.41249940e-04]
 [2.61729199e-01 2.14401862e-01 2.25971486e-01 4.99005425e-03]
 [1.20973293e-02 1.06697722e-01 2.36405607e-01 4.62600659e-03]
 [3.39604609e-01 3.00503828e-01 4.36486470e-01 2.24774157e-01]]
Matrix Adv:
[[4.19377879e-01 3.88031655e-01 4.85738564e-01 4.93781302e-01]
 [2.65156805e-01 2.14454911e-01 2.26029177e-01 8.49656449e-02]
 [5.32557150e-01 1.06925725e-01 2.36793301e-01 6.35326482e-02]
 [2.67621720e-54 0.00000000e+00 0.00000000e+00 0.00000000e+00]]
--------------------------------------------------
[2026-05-14 15:21:46] ERROR: 
Matrix Ego:
[[4.19377603e-01 3.88031655e-01 4.85738553e-01 1.41249940e-04]
 [2.61729199e-01 2.14401862e-01 2.25971486e-01 4.99005425e-03]
 [1.20973293e-02 1.06697722e-01 2.36405607e-01 4.62600659e-03]
 [3.39604609e-01 3.00503828e-01 4.36486470e-01 2.24774157e-01]]
Matrix Adv:
[[4.19377879e-01 3.88031655e-01 4.85738564e-01 4.93781302e-01]
 [2.65156805e-01 2.14454911e-01 2.26029177e-01 8.49656449e-02]
 [5.32557150e-01 1.06925725e-01 2.36793301e-01 6.35326482e-02]
 [2.67621720e-54 0.00000000e+00 0.00000000e+00 0.00000000e+00]]
--------------------------------------------------
[2026-05-14 15:21:46] ERROR: 
Matrix Ego:
[[4.19377603e-01 3.88031655e-01 4.85738553e-01 1.41249940e-04]
 [2.61729199e-01 2.14401862e-01 2.25971486e-01 4.99005425e-03]
 [1.20973293e-02 1.06697722e-01 2.36405607e-01 4.62600659e-03]
 [3.39758572e-01 3.00503828e-01 4.36486470e-01 2.24774157e-01]]
Matrix Adv:
[[4.19377879e-01 3.88031655e-01 4.85738564e-01 4.93781302e-01]
 [2.65156805e-01 2.14454911e-01 2.26029177e-01 8.49656449e-02]
 [5.32557150e-01 1.06925725e-01 2.36793301e-01 6.35326482e-02]
 [2.40859548e-54 0.00000000e+00 0.00000000e+00 0.00000000e+00]]
--------------------------------------------------
[2026-05-14 15:21:46] ERROR: 
Matrix Ego:
[[4.19377603e-01 3.88031655e-01 4.85738553e-01 1.41249940e-04]
 [2.61729199e-01 2.14401862e-01 2.25971486e-01 4.99005425e-03]
 [1.20973293e-02 1.06697722e-01 2.36405607e-01 4.62600659e-03]
 [3.39758572e-01 3.00503828e-01 4.36486470e-01 2.24774157e-01]]
Matrix Adv:
[[4.19377879e-01 3.88031655e-01 4.85738564e-01 4.93781302e-01]
 [2.65156805e-01 2.14454911e-01 2.26029177e-01 8.49656449e-02]
 [5.32557150e-01 1.06925725e-01 2.36793301e-01 6.35326482e-02]
 [2.40859548e-54 0.00000000e+00 0.00000000e+00 0.00000000e+00]]
--------------------------------------------------
[2026-05-14 15:21:46] ERROR: 
Matrix Ego:
[[4.19377603e-01 3.88031655e-01 4.85738553e-01 1.41249940e-04]
 [2.61729199e-01 2.14401862e-01 2.25971486e-01 4.99005425e-03]
 [1.20973293e-02 1.06697722e-01 2.36405607e-01 4.62600659e-03]
 [3.39948140e-01 3.00503828e-01 4.36486470e-01 2.24774157e-01]]
Matrix Adv:
[[4.19377879e-01 3.88031655e-01 4.85738564e-01 4.93781302e-01]
 [2.65156805e-01 2.14454911e-01 2.26029177e-01 8.49656449e-02]
 [5.32557150e-01 1.06925725e-01 2.36793301e-01 6.35326482e-02]
 [2.16773594e-54 0.00000000e+00 0.00000000e+00 0.00000000e+00]]
--------------------------------------------------
[2026-05-14 15:21:46] ERROR: 
Matrix Ego:
[[4.19377603e-01 3.88031655e-01 4.85738553e-01 1.41249940e-04]
 [2.61729199e-01 2.14401862e-01 2.25971486e-01 4.99005425e-03]
 [1.20973293e-02 1.06697722e-01 2.36405607e-01 4.62600659e-03]
 [3.39948140e-01 3.00503828e-01 4.36486470e-01 2.24774157e-01]]
Matrix Adv:
[[4.19377879e-01 3.88031655e-01 4.85738564e-01 4.93781302e-01]
 [2.65156805e-01 2.14454911e-01 2.26029177e-01 8.49656449e-02]
 [5.32557150e-01 1.06925725e-01 2.36793301e-01 6.35326482e-02]
 [2.16773594e-54 0.00000000e+00 0.00000000e+00 0.00000000e+00]]
--------------------------------------------------
[2026-05-14 15:21:47] ERROR: 
Matrix Ego:
[[4.19377603e-01 3.88031655e-01 4.85738553e-01 1.41249940e-04]
 [2.71710454e-01 2.14401862e-01 2.25971486e-01 4.99005425e-03]
 [1.20973293e-02 1.06697722e-01 2.36405607e-01 4.62600659e-03]
 [3.39948140e-01 3.00503828e-01 4.36486470e-01 2.24774157e-01]]
Matrix Adv:
[[4.19377879e-01 3.88031655e-01 4.85738564e-01 4.93781302e-01]
 [2.74983936e-01 2.14454911e-01 2.26029177e-01 8.49656449e-02]
 [5.32557150e-01 1.06925725e-01 2.36793301e-01 6.35326482e-02]
 [2.16773594e-54 0.00000000e+00 0.00000000e+00 0.00000000e+00]]
--------------------------------------------------
[2026-05-14 15:21:47] ERROR: 
Matrix Ego:
[[4.19377603e-01 3.88031655e-01 4.85738553e-01 1.41249940e-04]
 [2.71710454e-01 2.14401862e-01 2.25971486e-01 4.99005425e-03]
 [1.20973293e-02 1.06697722e-01 2.36405607e-01 4.62600659e-03]
 [3.39948140e-01 3.00503828e-01 4.36486470e-01 2.24774157e-01]]
Matrix Adv:
[[4.19377879e-01 3.88031655e-01 4.85738564e-01 4.93781302e-01]
 [2.74983936e-01 2.14454911e-01 2.26029177e-01 8.49656449e-02]
 [5.32557150e-01 1.06925725e-01 2.36793301e-01 6.35326482e-02]
 [2.16773594e-54 0.00000000e+00 0.00000000e+00 0.00000000e+00]]
--------------------------------------------------
[2026-05-14 15:21:47] ERROR: 
Matrix Ego:
[[4.19377603e-01 3.88031655e-01 4.85738553e-01 1.41249940e-04]
 [2.71710454e-01 2.14401862e-01 2.25971486e-01 4.99005425e-03]
 [1.20973293e-02 1.06697722e-01 2.36405607e-01 4.62600659e-03]
 [3.40166303e-01 3.00503828e-01 4.36486470e-01 2.24774157e-01]]
Matrix Adv:
[[4.19377879e-01 3.88031655e-01 4.85738564e-01 4.93781302e-01]
 [2.74983936e-01 2.14454911e-01 2.26029177e-01 8.49656449e-02]
 [5.32557150e-01 1.06925725e-01 2.36793301e-01 6.35326482e-02]
 [1.95096234e-54 0.00000000e+00 0.00000000e+00 0.00000000e+00]]
--------------------------------------------------
[2026-05-14 15:21:47] ERROR: 
Matrix Ego:
[[4.19377603e-01 3.88031655e-01 4.85738553e-01 1.41249940e-04]
 [2.71710454e-01 2.14401862e-01 2.25971486e-01 4.99005425e-03]
 [1.20973293e-02 1.06697722e-01 2.36405607e-01 4.62600659e-03]
 [3.40166303e-01 3.00503828e-01 4.36486470e-01 2.24774157e-01]]
Matrix Adv:
[[4.19377879e-01 3.88031655e-01 4.85738564e-01 4.93781302e-01]
 [2.74983936e-01 2.14454911e-01 2.26029177e-01 8.49656449e-02]
 [5.32557150e-01 1.06925725e-01 2.36793301e-01 6.35326482e-02]
 [1.95096234e-54 0.00000000e+00 0.00000000e+00 0.00000000e+00]]
--------------------------------------------------
[2026-05-14 15:21:47] ERROR: 
Matrix Ego:
[[4.19377603e-01 3.88031655e-01 4.85738553e-01 1.41249940e-04]
 [2.71710454e-01 2.14401862e-01 2.25971486e-01 4.99005425e-03]
 [1.20973293e-02 1.06697722e-01 2.36405607e-01 4.62600659e-03]
 [3.40406877e-01 3.00503828e-01 4.36486470e-01 2.24774157e-01]]
Matrix Adv:
[[4.19377879e-01 3.88031655e-01 4.85738564e-01 4.93781302e-01]
 [2.74983936e-01 2.14454911e-01 2.26029177e-01 8.49656449e-02]
 [5.32557150e-01 1.06925725e-01 2.36793301e-01 6.35326482e-02]
 [1.75586611e-54 0.00000000e+00 0.00000000e+00 0.00000000e+00]]
--------------------------------------------------
[2026-05-14 15:21:47] ERROR: 
Matrix Ego:
[[4.19377603e-01 3.88031655e-01 4.85738553e-01 1.41249940e-04]
 [2.71710454e-01 2.14401862e-01 2.25971486e-01 4.99005425e-03]
 [1.20973293e-02 1.06697722e-01 2.36405607e-01 4.62600659e-03]
 [3.40406877e-01 3.00503828e-01 4.36486470e-01 2.24774157e-01]]
Matrix Adv:
[[4.19377879e-01 3.88031655e-01 4.85738564e-01 4.93781302e-01]
 [2.74983936e-01 2.14454911e-01 2.26029177e-01 8.49656449e-02]
 [5.32557150e-01 1.06925725e-01 2.36793301e-01 6.35326482e-02]
 [1.75586611e-54 0.00000000e+00 0.00000000e+00 0.00000000e+00]]
--------------------------------------------------
[2026-05-14 15:21:47] ERROR: 
Matrix Ego:
[[4.19377603e-01 3.88031655e-01 4.85738553e-01 1.41249940e-04]
 [2.81321413e-01 2.14401862e-01 2.25971486e-01 4.99005425e-03]
 [1.20973293e-02 1.06697722e-01 2.36405607e-01 4.62600659e-03]
 [3.40406877e-01 3.00503828e-01 4.36486470e-01 2.24774157e-01]]
Matrix Adv:
[[4.19377879e-01 3.88031655e-01 4.85738564e-01 4.93781302e-01]
 [2.84437318e-01 2.14454911e-01 2.26029177e-01 8.49656449e-02]
 [5.32557150e-01 1.06925725e-01 2.36793301e-01 6.35326482e-02]
 [1.75586611e-54 0.00000000e+00 0.00000000e+00 0.00000000e+00]]
--------------------------------------------------
[2026-05-14 15:21:47] ERROR: 
Matrix Ego:
[[4.19377603e-01 3.88031655e-01 4.85738553e-01 1.41249940e-04]
 [2.81321413e-01 2.14401862e-01 2.25971486e-01 4.99005425e-03]
 [1.20973293e-02 1.06697722e-01 2.36405607e-01 4.62600659e-03]
 [3.40406877e-01 3.00503828e-01 4.36486470e-01 2.24774157e-01]]
Matrix Adv:
[[4.19377879e-01 3.88031655e-01 4.85738564e-01 4.93781302e-01]
 [2.84437318e-01 2.14454911e-01 2.26029177e-01 8.49656449e-02]
 [5.32557150e-01 1.06925725e-01 2.36793301e-01 6.35326482e-02]
 [1.75586611e-54 0.00000000e+00 0.00000000e+00 0.00000000e+00]]
--------------------------------------------------
[2026-05-14 15:21:47] ERROR: 
Matrix Ego:
[[4.19377603e-01 3.88031655e-01 4.85738553e-01 1.41249940e-04]
 [2.81321413e-01 2.14401862e-01 2.25971486e-01 5.05873420e-03]
 [1.20973293e-02 1.06697722e-01 2.36405607e-01 4.62600659e-03]
 [3.40406877e-01 3.00503828e-01 4.36486470e-01 2.24774157e-01]]
Matrix Adv:
[[4.19377879e-01 3.88031655e-01 4.85738564e-01 4.93781302e-01]
 [2.84437318e-01 2.14454911e-01 2.26029177e-01 8.63348407e-02]
 [5.32557150e-01 1.06925725e-01 2.36793301e-01 6.35326482e-02]
 [1.75586611e-54 0.00000000e+00 0.00000000e+00 0.00000000e+00]]
--------------------------------------------------
[2026-05-14 15:21:47] ERROR: 
Matrix Ego:
[[4.19377603e-01 3.88031655e-01 4.85738553e-01 1.41249940e-04]
 [2.81321413e-01 2.14401862e-01 2.25971486e-01 5.05873420e-03]
 [1.20973293e-02 1.06697722e-01 2.36405607e-01 4.62600659e-03]
 [3.40406877e-01 3.00503828e-01 4.36486470e-01 2.24774157e-01]]
Matrix Adv:
[[4.19377879e-01 3.88031655e-01 4.85738564e-01 4.93781302e-01]
 [2.84437318e-01 2.14454911e-01 2.26029177e-01 8.63348407e-02]
 [5.32557150e-01 1.06925725e-01 2.36793301e-01 6.35326482e-02]
 [1.75586611e-54 0.00000000e+00 0.00000000e+00 0.00000000e+00]]
--------------------------------------------------
[2026-05-14 15:21:48] ERROR: 
Matrix Ego:
[[4.19377603e-01 3.88031655e-01 4.85738553e-01 1.41249940e-04]
 [2.81321413e-01 2.14401862e-01 2.25971486e-01 5.05873420e-03]
 [1.20973293e-02 1.06697722e-01 2.36405607e-01 4.62600659e-03]
 [3.40623394e-01 3.00503828e-01 4.36486470e-01 2.24774157e-01]]
Matrix Adv:
[[4.19377879e-01 3.88031655e-01 4.85738564e-01 4.93781302e-01]
 [2.84437318e-01 2.14454911e-01 2.26029177e-01 8.63348407e-02]
 [5.32557150e-01 1.06925725e-01 2.36793301e-01 6.35326482e-02]
 [1.58027950e-54 0.00000000e+00 0.00000000e+00 0.00000000e+00]]
--------------------------------------------------
[2026-05-14 15:21:48] ERROR: 
Matrix Ego:
[[4.19377603e-01 3.88031655e-01 4.85738553e-01 1.41249940e-04]
 [2.81321413e-01 2.14401862e-01 2.25971486e-01 5.05873420e-03]
 [1.20973293e-02 1.06697722e-01 2.36405607e-01 4.62600659e-03]
 [3.40623394e-01 3.00503828e-01 4.36486470e-01 2.24774157e-01]]
Matrix Adv:
[[4.19377879e-01 3.88031655e-01 4.85738564e-01 4.93781302e-01]
 [2.84437318e-01 2.14454911e-01 2.26029177e-01 8.63348407e-02]
 [5.32557150e-01 1.06925725e-01 2.36793301e-01 6.35326482e-02]
 [1.58027950e-54 0.00000000e+00 0.00000000e+00 0.00000000e+00]]
--------------------------------------------------
[2026-05-14 15:21:48] ERROR: 
Matrix Ego:
[[4.19377603e-01 3.88031655e-01 4.85738553e-01 1.41249940e-04]
 [2.81321413e-01 2.14401862e-01 2.25971486e-01 5.05873420e-03]
 [1.20973293e-02 1.06697722e-01 2.36405607e-01 4.62600659e-03]
 [3.40818260e-01 3.00503828e-01 4.36486470e-01 2.24774157e-01]]
Matrix Adv:
[[4.19377879e-01 3.88031655e-01 4.85738564e-01 4.93781302e-01]
 [2.84437318e-01 2.14454911e-01 2.26029177e-01 8.63348407e-02]
 [5.32557150e-01 1.06925725e-01 2.36793301e-01 6.35326482e-02]
 [1.42225155e-54 0.00000000e+00 0.00000000e+00 0.00000000e+00]]
--------------------------------------------------
[2026-05-14 15:21:48] ERROR: 
Matrix Ego:
[[4.19377603e-01 3.88031655e-01 4.85738553e-01 1.41249940e-04]
 [2.81321413e-01 2.14401862e-01 2.25971486e-01 5.05873420e-03]
 [1.20973293e-02 1.06697722e-01 2.36405607e-01 4.62600659e-03]
 [3.40818260e-01 3.00503828e-01 4.36486470e-01 2.24774157e-01]]
Matrix Adv:
[[4.19377879e-01 3.88031655e-01 4.85738564e-01 4.93781302e-01]
 [2.84437318e-01 2.14454911e-01 2.26029177e-01 8.63348407e-02]
 [5.32557150e-01 1.06925725e-01 2.36793301e-01 6.35326482e-02]
 [1.42225155e-54 0.00000000e+00 0.00000000e+00 0.00000000e+00]]
--------------------------------------------------
[2026-05-14 15:21:48] ERROR: 
Matrix Ego:
[[4.19377603e-01 3.88031655e-01 4.85738553e-01 1.41249940e-04]
 [2.81321413e-01 2.14401862e-01 2.25971486e-01 5.05873420e-03]
 [1.20973293e-02 1.06697722e-01 2.36405607e-01 4.62600659e-03]
 [3.41034733e-01 3.00503828e-01 4.36486470e-01 2.24774157e-01]]
Matrix Adv:
[[4.19377879e-01 3.88031655e-01 4.85738564e-01 4.93781302e-01]
 [2.84437318e-01 2.14454911e-01 2.26029177e-01 8.63348407e-02]
 [5.32557150e-01 1.06925725e-01 2.36793301e-01 6.35326482e-02]
 [1.28002639e-54 0.00000000e+00 0.00000000e+00 0.00000000e+00]]
--------------------------------------------------
[2026-05-14 15:21:48] ERROR: 
Matrix Ego:
[[4.19377603e-01 3.88031655e-01 4.85738553e-01 1.41249940e-04]
 [2.81321413e-01 2.14401862e-01 2.25971486e-01 5.05873420e-03]
 [1.20973293e-02 1.06697722e-01 2.36405607e-01 4.62600659e-03]
 [3.41034733e-01 3.00503828e-01 4.36486470e-01 2.24774157e-01]]
Matrix Adv:
[[4.19377879e-01 3.88031655e-01 4.85738564e-01 4.93781302e-01]
 [2.84437318e-01 2.14454911e-01 2.26029177e-01 8.63348407e-02]
 [5.32557150e-01 1.06925725e-01 2.36793301e-01 6.35326482e-02]
 [1.28002639e-54 0.00000000e+00 0.00000000e+00 0.00000000e+00]]
--------------------------------------------------
[2026-05-14 15:21:49] ERROR: 
Matrix Ego:
[[4.19377603e-01 3.88031655e-01 4.85738553e-01 1.41249940e-04]
 [2.81321413e-01 2.14401862e-01 2.25971486e-01 5.05873420e-03]
 [1.20973293e-02 1.06697722e-01 2.36405607e-01 4.62600659e-03]
 [3.41266543e-01 3.00503828e-01 4.36486470e-01 2.24774157e-01]]
Matrix Adv:
[[4.19377879e-01 3.88031655e-01 4.85738564e-01 4.93781302e-01]
 [2.84437318e-01 2.14454911e-01 2.26029177e-01 8.63348407e-02]
 [5.32557150e-01 1.06925725e-01 2.36793301e-01 6.35326482e-02]
 [1.15202375e-54 0.00000000e+00 0.00000000e+00 0.00000000e+00]]
--------------------------------------------------
[2026-05-14 15:21:49] ERROR: 
Matrix Ego:
[[4.19377603e-01 3.88031655e-01 4.85738553e-01 1.41249940e-04]
 [2.81321413e-01 2.14401862e-01 2.25971486e-01 5.05873420e-03]
 [1.20973293e-02 1.06697722e-01 2.36405607e-01 4.62600659e-03]
 [3.41266543e-01 3.00503828e-01 4.36486470e-01 2.24774157e-01]]
Matrix Adv:
[[4.19377879e-01 3.88031655e-01 4.85738564e-01 4.93781302e-01]
 [2.84437318e-01 2.14454911e-01 2.26029177e-01 8.63348407e-02]
 [5.32557150e-01 1.06925725e-01 2.36793301e-01 6.35326482e-02]
 [1.15202375e-54 0.00000000e+00 0.00000000e+00 0.00000000e+00]]
--------------------------------------------------
[2026-05-14 15:21:49] ERROR: 
Matrix Ego:
[[4.19377603e-01 3.88031655e-01 4.85738553e-01 1.41249940e-04]
 [2.81321413e-01 2.14401862e-01 2.25971486e-01 5.05873420e-03]
 [1.20973293e-02 1.06697722e-01 2.36405607e-01 4.62600659e-03]
 [3.41508458e-01 3.00503828e-01 4.36486470e-01 2.24774157e-01]]
Matrix Adv:
[[4.19377879e-01 3.88031655e-01 4.85738564e-01 4.93781302e-01]
 [2.84437318e-01 2.14454911e-01 2.26029177e-01 8.63348407e-02]
 [5.32557150e-01 1.06925725e-01 2.36793301e-01 6.35326482e-02]
 [1.03682138e-54 0.00000000e+00 0.00000000e+00 0.00000000e+00]]
--------------------------------------------------
[2026-05-14 15:21:49] ERROR: 
Matrix Ego:
[[4.19377603e-01 3.88031655e-01 4.85738553e-01 1.41249940e-04]
 [2.81321413e-01 2.14401862e-01 2.25971486e-01 5.05873420e-03]
 [1.20973293e-02 1.06697722e-01 2.36405607e-01 4.62600659e-03]
 [3.41508458e-01 3.00503828e-01 4.36486470e-01 2.24774157e-01]]
Matrix Adv:
[[4.19377879e-01 3.88031655e-01 4.85738564e-01 4.93781302e-01]
 [2.84437318e-01 2.14454911e-01 2.26029177e-01 8.63348407e-02]
 [5.32557150e-01 1.06925725e-01 2.36793301e-01 6.35326482e-02]
 [1.03682138e-54 0.00000000e+00 0.00000000e+00 0.00000000e+00]]
--------------------------------------------------
[2026-05-14 15:21:49] ERROR: 
Matrix Ego:
[[4.19377603e-01 3.88031655e-01 4.85738553e-01 1.41249940e-04]
 [2.81321413e-01 2.14401862e-01 2.25971486e-01 5.05873420e-03]
 [1.20973293e-02 1.06697722e-01 2.36405607e-01 4.62600659e-03]
 [3.41756140e-01 3.00503828e-01 4.36486470e-01 2.24774157e-01]]
Matrix Adv:
[[4.19377879e-01 3.88031655e-01 4.85738564e-01 4.93781302e-01]
 [2.84437318e-01 2.14454911e-01 2.26029177e-01 8.63348407e-02]
 [5.32557150e-01 1.06925725e-01 2.36793301e-01 6.35326482e-02]
 [9.33139240e-55 0.00000000e+00 0.00000000e+00 0.00000000e+00]]
--------------------------------------------------
[2026-05-14 15:21:49] ERROR: 
Matrix Ego:
[[4.19377603e-01 3.88031655e-01 4.85738553e-01 1.41249940e-04]
 [2.81321413e-01 2.14401862e-01 2.25971486e-01 5.05873420e-03]
 [1.20973293e-02 1.06697722e-01 2.36405607e-01 4.62600659e-03]
 [3.41756140e-01 3.00503828e-01 4.36486470e-01 2.24774157e-01]]
Matrix Adv:
[[4.19377879e-01 3.88031655e-01 4.85738564e-01 4.93781302e-01]
 [2.84437318e-01 2.14454911e-01 2.26029177e-01 8.63348407e-02]
 [5.32557150e-01 1.06925725e-01 2.36793301e-01 6.35326482e-02]
 [9.33139240e-55 0.00000000e+00 0.00000000e+00 0.00000000e+00]]
--------------------------------------------------
[2026-05-14 15:21:49] ERROR: 
Matrix Ego:
[[4.19377603e-01 3.88031655e-01 4.85738553e-01 1.41249940e-04]
 [2.81321413e-01 2.14401862e-01 2.25971486e-01 5.05873420e-03]
 [1.20973293e-02 1.06697722e-01 2.36405607e-01 4.62600659e-03]
 [3.41979053e-01 3.00503828e-01 4.36486470e-01 2.24774157e-01]]
Matrix Adv:
[[4.19377879e-01 3.88031655e-01 4.85738564e-01 4.93781302e-01]
 [2.84437318e-01 2.14454911e-01 2.26029177e-01 8.63348407e-02]
 [5.32557150e-01 1.06925725e-01 2.36793301e-01 6.35326482e-02]
 [8.39825316e-55 0.00000000e+00 0.00000000e+00 0.00000000e+00]]
--------------------------------------------------
[2026-05-14 15:21:49] ERROR: 
Matrix Ego:
[[4.19377603e-01 3.88031655e-01 4.85738553e-01 1.41249940e-04]
 [2.81321413e-01 2.14401862e-01 2.25971486e-01 5.05873420e-03]
 [1.20973293e-02 1.06697722e-01 2.36405607e-01 4.62600659e-03]
 [3.41979053e-01 3.00503828e-01 4.36486470e-01 2.24774157e-01]]
Matrix Adv:
[[4.19377879e-01 3.88031655e-01 4.85738564e-01 4.93781302e-01]
 [2.84437318e-01 2.14454911e-01 2.26029177e-01 8.63348407e-02]
 [5.32557150e-01 1.06925725e-01 2.36793301e-01 6.35326482e-02]
 [8.39825316e-55 0.00000000e+00 0.00000000e+00 0.00000000e+00]]
--------------------------------------------------
[2026-05-14 15:21:50] ERROR: 
Matrix Ego:
[[4.19377603e-01 3.88031655e-01 4.85738553e-01 1.41249940e-04]
 [2.81321413e-01 2.14401862e-01 2.25971486e-01 5.05873420e-03]
 [1.20973293e-02 1.06697722e-01 2.36405607e-01 4.62600659e-03]
 [3.42179675e-01 3.00503828e-01 4.36486470e-01 2.24774157e-01]]
Matrix Adv:
[[4.19377879e-01 3.88031655e-01 4.85738564e-01 4.93781302e-01]
 [2.84437318e-01 2.14454911e-01 2.26029177e-01 8.63348407e-02]
 [5.32557150e-01 1.06925725e-01 2.36793301e-01 6.35326482e-02]
 [7.55842784e-55 0.00000000e+00 0.00000000e+00 0.00000000e+00]]
--------------------------------------------------
[2026-05-14 15:21:50] ERROR: 
Matrix Ego:
[[4.19377603e-01 3.88031655e-01 4.85738553e-01 1.41249940e-04]
 [2.81321413e-01 2.14401862e-01 2.25971486e-01 5.05873420e-03]
 [1.20973293e-02 1.06697722e-01 2.36405607e-01 4.62600659e-03]
 [3.42179675e-01 3.00503828e-01 4.36486470e-01 2.24774157e-01]]
Matrix Adv:
[[4.19377879e-01 3.88031655e-01 4.85738564e-01 4.93781302e-01]
 [2.84437318e-01 2.14454911e-01 2.26029177e-01 8.63348407e-02]
 [5.32557150e-01 1.06925725e-01 2.36793301e-01 6.35326482e-02]
 [7.55842784e-55 0.00000000e+00 0.00000000e+00 0.00000000e+00]]
--------------------------------------------------
[2026-05-14 15:21:50] ERROR: 
Matrix Ego:
[[4.19377603e-01 3.88031655e-01 4.85738553e-01 1.41249940e-04]
 [2.81321413e-01 2.14401862e-01 2.25971486e-01 5.05873420e-03]
 [1.20973293e-02 1.06697722e-01 2.36405607e-01 4.62600659e-03]
 [3.42360235e-01 3.00503828e-01 4.36486470e-01 2.24774157e-01]]
Matrix Adv:
[[4.19377879e-01 3.88031655e-01 4.85738564e-01 4.93781302e-01]
 [2.84437318e-01 2.14454911e-01 2.26029177e-01 8.63348407e-02]
 [5.32557150e-01 1.06925725e-01 2.36793301e-01 6.35326482e-02]
 [6.80258506e-55 0.00000000e+00 0.00000000e+00 0.00000000e+00]]
--------------------------------------------------
[2026-05-14 15:21:50] ERROR: 
Matrix Ego:
[[4.19377603e-01 3.88031655e-01 4.85738553e-01 1.41249940e-04]
 [2.81321413e-01 2.14401862e-01 2.25971486e-01 5.05873420e-03]
 [1.20973293e-02 1.06697722e-01 2.36405607e-01 4.62600659e-03]
 [3.42360235e-01 3.00503828e-01 4.36486470e-01 2.24774157e-01]]
Matrix Adv:
[[4.19377879e-01 3.88031655e-01 4.85738564e-01 4.93781302e-01]
 [2.84437318e-01 2.14454911e-01 2.26029177e-01 8.63348407e-02]
 [5.32557150e-01 1.06925725e-01 2.36793301e-01 6.35326482e-02]
 [6.80258506e-55 0.00000000e+00 0.00000000e+00 0.00000000e+00]]
--------------------------------------------------
[2026-05-14 15:21:50] ERROR: 
Matrix Ego:
[[4.19377603e-01 3.88031655e-01 4.85738553e-01 1.41249940e-04]
 [2.81321413e-01 2.14401862e-01 2.25971486e-01 5.05873420e-03]
 [1.20973293e-02 1.06697722e-01 2.36405607e-01 4.62600659e-03]
 [3.42522738e-01 3.00503828e-01 4.36486470e-01 2.24774157e-01]]
Matrix Adv:
[[4.19377879e-01 3.88031655e-01 4.85738564e-01 4.93781302e-01]
 [2.84437318e-01 2.14454911e-01 2.26029177e-01 8.63348407e-02]
 [5.32557150e-01 1.06925725e-01 2.36793301e-01 6.35326482e-02]
 [6.12232655e-55 0.00000000e+00 0.00000000e+00 0.00000000e+00]]
--------------------------------------------------
[2026-05-14 15:21:50] ERROR: 
Matrix Ego:
[[4.19377603e-01 3.88031655e-01 4.85738553e-01 1.41249940e-04]
 [2.81321413e-01 2.14401862e-01 2.25971486e-01 5.05873420e-03]
 [1.20973293e-02 1.06697722e-01 2.36405607e-01 4.62600659e-03]
 [3.42522738e-01 3.00503828e-01 4.36486470e-01 2.24774157e-01]]
Matrix Adv:
[[4.19377879e-01 3.88031655e-01 4.85738564e-01 4.93781302e-01]
 [2.84437318e-01 2.14454911e-01 2.26029177e-01 8.63348407e-02]
 [5.32557150e-01 1.06925725e-01 2.36793301e-01 6.35326482e-02]
 [6.12232655e-55 0.00000000e+00 0.00000000e+00 0.00000000e+00]]
--------------------------------------------------
[2026-05-14 15:21:51] ERROR: 
Matrix Ego:
[[4.19377603e-01 3.88031655e-01 4.85738553e-01 1.41249940e-04]
 [2.81321413e-01 2.14401862e-01 2.25971486e-01 5.05873420e-03]
 [1.20973293e-02 1.06697722e-01 2.36405607e-01 4.62600659e-03]
 [3.42697011e-01 3.00503828e-01 4.36486470e-01 2.24774157e-01]]
Matrix Adv:
[[4.19377879e-01 3.88031655e-01 4.85738564e-01 4.93781302e-01]
 [2.84437318e-01 2.14454911e-01 2.26029177e-01 8.63348407e-02]
 [5.32557150e-01 1.06925725e-01 2.36793301e-01 6.35326482e-02]
 [5.51009390e-55 0.00000000e+00 0.00000000e+00 0.00000000e+00]]
--------------------------------------------------
[2026-05-14 15:21:51] ERROR: 
Matrix Ego:
[[4.19377603e-01 3.88031655e-01 4.85738553e-01 1.41249940e-04]
 [2.81321413e-01 2.14401862e-01 2.25971486e-01 5.05873420e-03]
 [1.20973293e-02 1.06697722e-01 2.36405607e-01 4.62600659e-03]
 [3.42697011e-01 3.00503828e-01 4.36486470e-01 2.24774157e-01]]
Matrix Adv:
[[4.19377879e-01 3.88031655e-01 4.85738564e-01 4.93781302e-01]
 [2.84437318e-01 2.14454911e-01 2.26029177e-01 8.63348407e-02]
 [5.32557150e-01 1.06925725e-01 2.36793301e-01 6.35326482e-02]
 [5.51009390e-55 0.00000000e+00 0.00000000e+00 0.00000000e+00]]
--------------------------------------------------
[2026-05-14 15:21:51] ERROR: 
Matrix Ego:
[[4.19377603e-01 3.88031655e-01 4.85738553e-01 1.41249940e-04]
 [2.81321413e-01 2.14401862e-01 2.25971486e-01 5.05873420e-03]
 [1.20973293e-02 1.06697722e-01 2.36405607e-01 4.62600659e-03]
 [3.42879074e-01 3.00503828e-01 4.36486470e-01 2.24774157e-01]]
Matrix Adv:
[[4.19377879e-01 3.88031655e-01 4.85738564e-01 4.93781302e-01]
 [2.84437318e-01 2.14454911e-01 2.26029177e-01 8.63348407e-02]
 [5.32557150e-01 1.06925725e-01 2.36793301e-01 6.35326482e-02]
 [4.95908451e-55 0.00000000e+00 0.00000000e+00 0.00000000e+00]]
--------------------------------------------------
[2026-05-14 15:21:51] ERROR: 
Matrix Ego:
[[4.19377603e-01 3.88031655e-01 4.85738553e-01 1.41249940e-04]
 [2.81321413e-01 2.14401862e-01 2.25971486e-01 5.05873420e-03]
 [1.20973293e-02 1.06697722e-01 2.36405607e-01 4.62600659e-03]
 [3.42879074e-01 3.00503828e-01 4.36486470e-01 2.24774157e-01]]
Matrix Adv:
[[4.19377879e-01 3.88031655e-01 4.85738564e-01 4.93781302e-01]
 [2.84437318e-01 2.14454911e-01 2.26029177e-01 8.63348407e-02]
 [5.32557150e-01 1.06925725e-01 2.36793301e-01 6.35326482e-02]
 [4.95908451e-55 0.00000000e+00 0.00000000e+00 0.00000000e+00]]
--------------------------------------------------
[2026-05-14 15:21:51] ERROR: 
Matrix Ego:
[[4.19377603e-01 3.88031655e-01 4.85738553e-01 1.41249940e-04]
 [2.81321413e-01 2.14401862e-01 2.25971486e-01 5.05873420e-03]
 [1.20973293e-02 1.06697722e-01 2.36405607e-01 4.62600659e-03]
 [3.43042931e-01 3.00503828e-01 4.36486470e-01 2.24774157e-01]]
Matrix Adv:
[[4.19377879e-01 3.88031655e-01 4.85738564e-01 4.93781302e-01]
 [2.84437318e-01 2.14454911e-01 2.26029177e-01 8.63348407e-02]
 [5.32557150e-01 1.06925725e-01 2.36793301e-01 6.35326482e-02]
 [4.46317606e-55 0.00000000e+00 0.00000000e+00 0.00000000e+00]]
--------------------------------------------------
[2026-05-14 15:21:51] ERROR: 
Matrix Ego:
[[4.19377603e-01 3.88031655e-01 4.85738553e-01 1.41249940e-04]
 [2.81321413e-01 2.14401862e-01 2.25971486e-01 5.05873420e-03]
 [1.20973293e-02 1.06697722e-01 2.36405607e-01 4.62600659e-03]
 [3.43042931e-01 3.00503828e-01 4.36486470e-01 2.24774157e-01]]
Matrix Adv:
[[4.19377879e-01 3.88031655e-01 4.85738564e-01 4.93781302e-01]
 [2.84437318e-01 2.14454911e-01 2.26029177e-01 8.63348407e-02]
 [5.32557150e-01 1.06925725e-01 2.36793301e-01 6.35326482e-02]
 [4.46317606e-55 0.00000000e+00 0.00000000e+00 0.00000000e+00]]
--------------------------------------------------
[2026-05-14 15:21:51] ERROR: 
Matrix Ego:
[[4.19377603e-01 3.88031655e-01 4.85738553e-01 1.41249940e-04]
 [2.81321413e-01 2.14401862e-01 2.25971486e-01 5.05873420e-03]
 [1.20973293e-02 1.06697722e-01 2.36405607e-01 4.62600659e-03]
 [3.43214002e-01 3.00503828e-01 4.36486470e-01 2.24774157e-01]]
Matrix Adv:
[[4.19377879e-01 3.88031655e-01 4.85738564e-01 4.93781302e-01]
 [2.84437318e-01 2.14454911e-01 2.26029177e-01 8.63348407e-02]
 [5.32557150e-01 1.06925725e-01 2.36793301e-01 6.35326482e-02]
 [4.01685845e-55 0.00000000e+00 0.00000000e+00 0.00000000e+00]]
--------------------------------------------------
[2026-05-14 15:21:51] ERROR: 
Matrix Ego:
[[4.19377603e-01 3.88031655e-01 4.85738553e-01 1.41249940e-04]
 [2.81321413e-01 2.14401862e-01 2.25971486e-01 5.05873420e-03]
 [1.20973293e-02 1.06697722e-01 2.36405607e-01 4.62600659e-03]
 [3.43214002e-01 3.00503828e-01 4.36486470e-01 2.24774157e-01]]
Matrix Adv:
[[4.19377879e-01 3.88031655e-01 4.85738564e-01 4.93781302e-01]
 [2.84437318e-01 2.14454911e-01 2.26029177e-01 8.63348407e-02]
 [5.32557150e-01 1.06925725e-01 2.36793301e-01 6.35326482e-02]
 [4.01685845e-55 0.00000000e+00 0.00000000e+00 0.00000000e+00]]
--------------------------------------------------
[2026-05-14 15:21:51] ERROR: 
Matrix Ego:
[[4.19377603e-01 3.88031655e-01 4.85738553e-01 1.41249940e-04]
 [2.81321413e-01 2.14401862e-01 2.25971486e-01 5.05873420e-03]
 [1.20973293e-02 1.06697722e-01 2.36405607e-01 4.62600659e-03]
 [3.43389939e-01 3.00503828e-01 4.36486470e-01 2.24774157e-01]]
Matrix Adv:
[[4.19377879e-01 3.88031655e-01 4.85738564e-01 4.93781302e-01]
 [2.84437318e-01 2.14454911e-01 2.26029177e-01 8.63348407e-02]
 [5.32557150e-01 1.06925725e-01 2.36793301e-01 6.35326482e-02]
 [3.61517261e-55 0.00000000e+00 0.00000000e+00 0.00000000e+00]]
--------------------------------------------------
[2026-05-14 15:21:51] ERROR: 
Matrix Ego:
[[4.19377603e-01 3.88031655e-01 4.85738553e-01 1.41249940e-04]
 [2.81321413e-01 2.14401862e-01 2.25971486e-01 5.05873420e-03]
 [1.20973293e-02 1.06697722e-01 2.36405607e-01 4.62600659e-03]
 [3.43389939e-01 3.00503828e-01 4.36486470e-01 2.24774157e-01]]
Matrix Adv:
[[4.19377879e-01 3.88031655e-01 4.85738564e-01 4.93781302e-01]
 [2.84437318e-01 2.14454911e-01 2.26029177e-01 8.63348407e-02]
 [5.32557150e-01 1.06925725e-01 2.36793301e-01 6.35326482e-02]
 [3.61517261e-55 0.00000000e+00 0.00000000e+00 0.00000000e+00]]
--------------------------------------------------
[2026-05-14 15:21:52] ERROR: 
Matrix Ego:
[[4.19377603e-01 3.88031655e-01 4.85738553e-01 1.41249940e-04]
 [2.81321413e-01 2.14401862e-01 2.25971486e-01 5.05873420e-03]
 [1.20973293e-02 1.06697722e-01 2.36405607e-01 4.62600659e-03]
 [3.43568683e-01 3.00503828e-01 4.36486470e-01 2.24774157e-01]]
Matrix Adv:
[[4.19377879e-01 3.88031655e-01 4.85738564e-01 4.93781302e-01]
 [2.84437318e-01 2.14454911e-01 2.26029177e-01 8.63348407e-02]
 [5.32557150e-01 1.06925725e-01 2.36793301e-01 6.35326482e-02]
 [3.25365535e-55 0.00000000e+00 0.00000000e+00 0.00000000e+00]]
--------------------------------------------------
[2026-05-14 15:21:52] ERROR: 
Matrix Ego:
[[4.19377603e-01 3.88031655e-01 4.85738553e-01 1.41249940e-04]
 [2.81321413e-01 2.14401862e-01 2.25971486e-01 5.05873420e-03]
 [1.20973293e-02 1.06697722e-01 2.36405607e-01 4.62600659e-03]
 [3.43568683e-01 3.00503828e-01 4.36486470e-01 2.24774157e-01]]
Matrix Adv:
[[4.19377879e-01 3.88031655e-01 4.85738564e-01 4.93781302e-01]
 [2.84437318e-01 2.14454911e-01 2.26029177e-01 8.63348407e-02]
 [5.32557150e-01 1.06925725e-01 2.36793301e-01 6.35326482e-02]
 [3.25365535e-55 0.00000000e+00 0.00000000e+00 0.00000000e+00]]
--------------------------------------------------
[2026-05-14 15:21:52] ERROR: 
Matrix Ego:
[[4.19377603e-01 3.88031655e-01 4.85738553e-01 1.41249940e-04]
 [2.81321413e-01 2.18436925e-01 2.25971486e-01 5.05873420e-03]
 [1.20973293e-02 1.06697722e-01 2.36405607e-01 4.62600659e-03]
 [3.43568683e-01 3.00503828e-01 4.36486470e-01 2.24774157e-01]]
Matrix Adv:
[[4.19377879e-01 3.88031655e-01 4.85738564e-01 4.93781302e-01]
 [2.84437318e-01 2.18487634e-01 2.26029177e-01 8.63348407e-02]
 [5.32557150e-01 1.06925725e-01 2.36793301e-01 6.35326482e-02]
 [3.25365535e-55 0.00000000e+00 0.00000000e+00 0.00000000e+00]]
--------------------------------------------------
[2026-05-14 15:21:52] ERROR: 
Matrix Ego:
[[4.19377603e-01 3.88031655e-01 4.85738553e-01 1.41249940e-04]
 [2.81321413e-01 2.18436925e-01 2.25971486e-01 5.05873420e-03]
 [1.20973293e-02 1.06697722e-01 2.36405607e-01 4.62600659e-03]
 [3.43568683e-01 3.00503828e-01 4.36486470e-01 2.24774157e-01]]
Matrix Adv:
[[4.19377879e-01 3.88031655e-01 4.85738564e-01 4.93781302e-01]
 [2.84437318e-01 2.18487634e-01 2.26029177e-01 8.63348407e-02]
 [5.32557150e-01 1.06925725e-01 2.36793301e-01 6.35326482e-02]
 [3.25365535e-55 0.00000000e+00 0.00000000e+00 0.00000000e+00]]
--------------------------------------------------
[2026-05-14 15:21:52] ERROR: 
Matrix Ego:
[[4.19377603e-01 3.88031655e-01 4.85738553e-01 1.41249940e-04]
 [2.81321413e-01 2.18436925e-01 2.25971486e-01 5.05873420e-03]
 [1.20973293e-02 1.06697722e-01 2.36405607e-01 4.62600659e-03]
 [3.43729552e-01 3.00503828e-01 4.36486470e-01 2.24774157e-01]]
Matrix Adv:
[[4.19377879e-01 3.88031655e-01 4.85738564e-01 4.93781302e-01]
 [2.84437318e-01 2.18487634e-01 2.26029177e-01 8.63348407e-02]
 [5.32557150e-01 1.06925725e-01 2.36793301e-01 6.35326482e-02]
 [2.92828981e-55 0.00000000e+00 0.00000000e+00 0.00000000e+00]]
--------------------------------------------------
[2026-05-14 15:21:52] ERROR: 
Matrix Ego:
[[4.19377603e-01 3.88031655e-01 4.85738553e-01 1.41249940e-04]
 [2.81321413e-01 2.18436925e-01 2.25971486e-01 5.05873420e-03]
 [1.20973293e-02 1.06697722e-01 2.36405607e-01 4.62600659e-03]
 [3.43729552e-01 3.00503828e-01 4.36486470e-01 2.24774157e-01]]
Matrix Adv:
[[4.19377879e-01 3.88031655e-01 4.85738564e-01 4.93781302e-01]
 [2.84437318e-01 2.18487634e-01 2.26029177e-01 8.63348407e-02]
 [5.32557150e-01 1.06925725e-01 2.36793301e-01 6.35326482e-02]
 [2.92828981e-55 0.00000000e+00 0.00000000e+00 0.00000000e+00]]
--------------------------------------------------
[2026-05-14 15:21:52] ERROR: 
Matrix Ego:
[[4.19377603e-01 3.88031655e-01 4.85738553e-01 1.41249940e-04]
 [2.81321413e-01 2.18436925e-01 2.25971486e-01 5.05873420e-03]
 [1.20973293e-02 1.06697722e-01 2.36405607e-01 4.62600659e-03]
 [3.43893226e-01 3.00503828e-01 4.36486470e-01 2.24774157e-01]]
Matrix Adv:
[[4.19377879e-01 3.88031655e-01 4.85738564e-01 4.93781302e-01]
 [2.84437318e-01 2.18487634e-01 2.26029177e-01 8.63348407e-02]
 [5.32557150e-01 1.06925725e-01 2.36793301e-01 6.35326482e-02]
 [2.63546083e-55 0.00000000e+00 0.00000000e+00 0.00000000e+00]]
--------------------------------------------------
[2026-05-14 15:21:52] ERROR: 
Matrix Ego:
[[4.19377603e-01 3.88031655e-01 4.85738553e-01 1.41249940e-04]
 [2.81321413e-01 2.18436925e-01 2.25971486e-01 5.05873420e-03]
 [1.20973293e-02 1.06697722e-01 2.36405607e-01 4.62600659e-03]
 [3.43893226e-01 3.00503828e-01 4.36486470e-01 2.24774157e-01]]
Matrix Adv:
[[4.19377879e-01 3.88031655e-01 4.85738564e-01 4.93781302e-01]
 [2.84437318e-01 2.18487634e-01 2.26029177e-01 8.63348407e-02]
 [5.32557150e-01 1.06925725e-01 2.36793301e-01 6.35326482e-02]
 [2.63546083e-55 0.00000000e+00 0.00000000e+00 0.00000000e+00]]
--------------------------------------------------
[2026-05-14 15:21:52] ERROR: 
Matrix Ego:
[[4.19377603e-01 3.88031655e-01 4.85738553e-01 1.41249940e-04]
 [2.81321413e-01 2.18436925e-01 2.25971486e-01 5.05873420e-03]
 [1.20973293e-02 1.06697722e-01 2.36405607e-01 4.62600659e-03]
 [3.44040533e-01 3.00503828e-01 4.36486470e-01 2.24774157e-01]]
Matrix Adv:
[[4.19377879e-01 3.88031655e-01 4.85738564e-01 4.93781302e-01]
 [2.84437318e-01 2.18487634e-01 2.26029177e-01 8.63348407e-02]
 [5.32557150e-01 1.06925725e-01 2.36793301e-01 6.35326482e-02]
 [2.37191475e-55 0.00000000e+00 0.00000000e+00 0.00000000e+00]]
--------------------------------------------------
[2026-05-14 15:21:52] ERROR: 
Matrix Ego:
[[4.19377603e-01 3.88031655e-01 4.85738553e-01 1.41249940e-04]
 [2.81321413e-01 2.18436925e-01 2.25971486e-01 5.05873420e-03]
 [1.20973293e-02 1.06697722e-01 2.36405607e-01 4.62600659e-03]
 [3.44040533e-01 3.00503828e-01 4.36486470e-01 2.24774157e-01]]
Matrix Adv:
[[4.19377879e-01 3.88031655e-01 4.85738564e-01 4.93781302e-01]
 [2.84437318e-01 2.18487634e-01 2.26029177e-01 8.63348407e-02]
 [5.32557150e-01 1.06925725e-01 2.36793301e-01 6.35326482e-02]
 [2.37191475e-55 0.00000000e+00 0.00000000e+00 0.00000000e+00]]
--------------------------------------------------
[2026-05-14 15:21:53] ERROR: 
Matrix Ego:
[[4.19377603e-01 3.88031655e-01 4.85738553e-01 1.41249940e-04]
 [2.81321413e-01 2.18436925e-01 2.25971486e-01 5.05873420e-03]
 [1.20973293e-02 1.06697722e-01 2.36405607e-01 4.62600659e-03]
 [3.44190565e-01 3.00503828e-01 4.36486470e-01 2.24774157e-01]]
Matrix Adv:
[[4.19377879e-01 3.88031655e-01 4.85738564e-01 4.93781302e-01]
 [2.84437318e-01 2.18487634e-01 2.26029177e-01 8.63348407e-02]
 [5.32557150e-01 1.06925725e-01 2.36793301e-01 6.35326482e-02]
 [2.13472327e-55 0.00000000e+00 0.00000000e+00 0.00000000e+00]]
--------------------------------------------------
[2026-05-14 15:21:53] ERROR: 
Matrix Ego:
[[4.19377603e-01 3.88031655e-01 4.85738553e-01 1.41249940e-04]
 [2.81321413e-01 2.18436925e-01 2.25971486e-01 5.05873420e-03]
 [1.20973293e-02 1.06697722e-01 2.36405607e-01 4.62600659e-03]
 [3.44190565e-01 3.00503828e-01 4.36486470e-01 2.24774157e-01]]
Matrix Adv:
[[4.19377879e-01 3.88031655e-01 4.85738564e-01 4.93781302e-01]
 [2.84437318e-01 2.18487634e-01 2.26029177e-01 8.63348407e-02]
 [5.32557150e-01 1.06925725e-01 2.36793301e-01 6.35326482e-02]
 [2.13472327e-55 0.00000000e+00 0.00000000e+00 0.00000000e+00]]
--------------------------------------------------
[2026-05-14 15:21:53] ERROR: 
Matrix Ego:
[[4.19377603e-01 3.88031655e-01 4.85738553e-01 1.41249940e-04]
 [2.81321413e-01 2.18436925e-01 2.25971486e-01 5.05873420e-03]
 [1.20973293e-02 1.06697722e-01 2.36405607e-01 4.62600659e-03]
 [3.44341689e-01 3.00503828e-01 4.36486470e-01 2.24774157e-01]]
Matrix Adv:
[[4.19377879e-01 3.88031655e-01 4.85738564e-01 4.93781302e-01]
 [2.84437318e-01 2.18487634e-01 2.26029177e-01 8.63348407e-02]
 [5.32557150e-01 1.06925725e-01 2.36793301e-01 6.35326482e-02]
 [1.92125095e-55 0.00000000e+00 0.00000000e+00 0.00000000e+00]]
--------------------------------------------------
[2026-05-14 15:21:53] ERROR: 
Matrix Ego:
[[4.19377603e-01 3.88031655e-01 4.85738553e-01 1.41249940e-04]
 [2.81321413e-01 2.18436925e-01 2.25971486e-01 5.05873420e-03]
 [1.20973293e-02 1.06697722e-01 2.36405607e-01 4.62600659e-03]
 [3.44341689e-01 3.00503828e-01 4.36486470e-01 2.24774157e-01]]
Matrix Adv:
[[4.19377879e-01 3.88031655e-01 4.85738564e-01 4.93781302e-01]
 [2.84437318e-01 2.18487634e-01 2.26029177e-01 8.63348407e-02]
 [5.32557150e-01 1.06925725e-01 2.36793301e-01 6.35326482e-02]
 [1.92125095e-55 0.00000000e+00 0.00000000e+00 0.00000000e+00]]
--------------------------------------------------
[2026-05-14 15:21:53] ERROR: 
Matrix Ego:
[[4.19377603e-01 3.88031655e-01 4.85738553e-01 1.41249940e-04]
 [2.81321413e-01 2.18436925e-01 2.25971486e-01 5.05873420e-03]
 [1.20973293e-02 1.06697722e-01 2.36405607e-01 4.62600659e-03]
 [3.44492514e-01 3.00503828e-01 4.36486470e-01 2.24774157e-01]]
Matrix Adv:
[[4.19377879e-01 3.88031655e-01 4.85738564e-01 4.93781302e-01]
 [2.84437318e-01 2.18487634e-01 2.26029177e-01 8.63348407e-02]
 [5.32557150e-01 1.06925725e-01 2.36793301e-01 6.35326482e-02]
 [1.72912585e-55 0.00000000e+00 0.00000000e+00 0.00000000e+00]]
--------------------------------------------------
[2026-05-14 15:21:53] ERROR: 
Matrix Ego:
[[4.19377603e-01 3.88031655e-01 4.85738553e-01 1.41249940e-04]
 [2.81321413e-01 2.18436925e-01 2.25971486e-01 5.05873420e-03]
 [1.20973293e-02 1.06697722e-01 2.36405607e-01 4.62600659e-03]
 [3.44492514e-01 3.00503828e-01 4.36486470e-01 2.24774157e-01]]
Matrix Adv:
[[4.19377879e-01 3.88031655e-01 4.85738564e-01 4.93781302e-01]
 [2.84437318e-01 2.18487634e-01 2.26029177e-01 8.63348407e-02]
 [5.32557150e-01 1.06925725e-01 2.36793301e-01 6.35326482e-02]
 [1.72912585e-55 0.00000000e+00 0.00000000e+00 0.00000000e+00]]
--------------------------------------------------
[2026-05-14 15:21:53] ERROR: 
Matrix Ego:
[[4.19377603e-01 3.88031655e-01 4.85738553e-01 1.41249940e-04]
 [2.81321413e-01 2.18436925e-01 2.25971486e-01 5.05873420e-03]
 [1.20973293e-02 1.06697722e-01 2.36405607e-01 4.62600659e-03]
 [3.44641875e-01 3.00503828e-01 4.36486470e-01 2.24774157e-01]]
Matrix Adv:
[[4.19377879e-01 3.88031655e-01 4.85738564e-01 4.93781302e-01]
 [2.84437318e-01 2.18487634e-01 2.26029177e-01 8.63348407e-02]
 [5.32557150e-01 1.06925725e-01 2.36793301e-01 6.35326482e-02]
 [1.55621327e-55 0.00000000e+00 0.00000000e+00 0.00000000e+00]]
--------------------------------------------------
[2026-05-14 15:21:53] ERROR: 
Matrix Ego:
[[4.19377603e-01 3.88031655e-01 4.85738553e-01 1.41249940e-04]
 [2.81321413e-01 2.18436925e-01 2.25971486e-01 5.05873420e-03]
 [1.20973293e-02 1.06697722e-01 2.36405607e-01 4.62600659e-03]
 [3.44641875e-01 3.00503828e-01 4.36486470e-01 2.24774157e-01]]
Matrix Adv:
[[4.19377879e-01 3.88031655e-01 4.85738564e-01 4.93781302e-01]
 [2.84437318e-01 2.18487634e-01 2.26029177e-01 8.63348407e-02]
 [5.32557150e-01 1.06925725e-01 2.36793301e-01 6.35326482e-02]
 [1.55621327e-55 0.00000000e+00 0.00000000e+00 0.00000000e+00]]
--------------------------------------------------
[2026-05-14 15:21:53] ERROR: 
Matrix Ego:
[[4.19377603e-01 3.88031655e-01 4.85738553e-01 1.41249940e-04]
 [2.81321413e-01 2.18436925e-01 2.25971486e-01 5.05873420e-03]
 [1.20973293e-02 1.06697722e-01 2.36405607e-01 4.62600659e-03]
 [3.44788803e-01 3.00503828e-01 4.36486470e-01 2.24774157e-01]]
Matrix Adv:
[[4.19377879e-01 3.88031655e-01 4.85738564e-01 4.93781302e-01]
 [2.84437318e-01 2.18487634e-01 2.26029177e-01 8.63348407e-02]
 [5.32557150e-01 1.06925725e-01 2.36793301e-01 6.35326482e-02]
 [1.40059194e-55 0.00000000e+00 0.00000000e+00 0.00000000e+00]]
--------------------------------------------------
[2026-05-14 15:21:53] ERROR: 
Matrix Ego:
[[4.19377603e-01 3.88031655e-01 4.85738553e-01 1.41249940e-04]
 [2.81321413e-01 2.18436925e-01 2.25971486e-01 5.05873420e-03]
 [1.20973293e-02 1.06697722e-01 2.36405607e-01 4.62600659e-03]
 [3.44788803e-01 3.00503828e-01 4.36486470e-01 2.24774157e-01]]
Matrix Adv:
[[4.19377879e-01 3.88031655e-01 4.85738564e-01 4.93781302e-01]
 [2.84437318e-01 2.18487634e-01 2.26029177e-01 8.63348407e-02]
 [5.32557150e-01 1.06925725e-01 2.36793301e-01 6.35326482e-02]
 [1.40059194e-55 0.00000000e+00 0.00000000e+00 0.00000000e+00]]
--------------------------------------------------
[2026-05-14 15:21:53] ERROR: 
Matrix Ego:
[[4.19377603e-01 3.88031655e-01 4.85738553e-01 1.41249940e-04]
 [2.81321413e-01 2.18436925e-01 2.25971486e-01 5.05873420e-03]
 [1.20973293e-02 1.06697722e-01 2.36405607e-01 4.62600659e-03]
 [3.44932514e-01 3.00503828e-01 4.36486470e-01 2.24774157e-01]]
Matrix Adv:
[[4.19377879e-01 3.88031655e-01 4.85738564e-01 4.93781302e-01]
 [2.84437318e-01 2.18487634e-01 2.26029177e-01 8.63348407e-02]
 [5.32557150e-01 1.06925725e-01 2.36793301e-01 6.35326482e-02]
 [1.26053275e-55 0.00000000e+00 0.00000000e+00 0.00000000e+00]]
--------------------------------------------------
[2026-05-14 15:21:53] ERROR: 
Matrix Ego:
[[4.19377603e-01 3.88031655e-01 4.85738553e-01 1.41249940e-04]
 [2.81321413e-01 2.18436925e-01 2.25971486e-01 5.05873420e-03]
 [1.20973293e-02 1.06697722e-01 2.36405607e-01 4.62600659e-03]
 [3.44932514e-01 3.00503828e-01 4.36486470e-01 2.24774157e-01]]
Matrix Adv:
[[4.19377879e-01 3.88031655e-01 4.85738564e-01 4.93781302e-01]
 [2.84437318e-01 2.18487634e-01 2.26029177e-01 8.63348407e-02]
 [5.32557150e-01 1.06925725e-01 2.36793301e-01 6.35326482e-02]
 [1.26053275e-55 0.00000000e+00 0.00000000e+00 0.00000000e+00]]
--------------------------------------------------
[2026-05-14 15:21:54] ERROR: 
Matrix Ego:
[[4.19377603e-01 3.88031655e-01 4.85738553e-01 1.41249940e-04]
 [2.81321413e-01 2.22501905e-01 2.25971486e-01 5.05873420e-03]
 [1.20973293e-02 1.06697722e-01 2.36405607e-01 4.62600659e-03]
 [3.44932514e-01 3.00503828e-01 4.36486470e-01 2.24774157e-01]]
Matrix Adv:
[[4.19377879e-01 3.88031655e-01 4.85738564e-01 4.93781302e-01]
 [2.84437318e-01 2.22550252e-01 2.26029177e-01 8.63348407e-02]
 [5.32557150e-01 1.06925725e-01 2.36793301e-01 6.35326482e-02]
 [1.26053275e-55 0.00000000e+00 0.00000000e+00 0.00000000e+00]]
--------------------------------------------------
[2026-05-14 15:21:54] ERROR: 
Matrix Ego:
[[4.19377603e-01 3.88031655e-01 4.85738553e-01 1.41249940e-04]
 [2.81321413e-01 2.22501905e-01 2.25971486e-01 5.05873420e-03]
 [1.20973293e-02 1.06697722e-01 2.36405607e-01 4.62600659e-03]
 [3.44932514e-01 3.00503828e-01 4.36486470e-01 2.24774157e-01]]
Matrix Adv:
[[4.19377879e-01 3.88031655e-01 4.85738564e-01 4.93781302e-01]
 [2.84437318e-01 2.22550252e-01 2.26029177e-01 8.63348407e-02]
 [5.32557150e-01 1.06925725e-01 2.36793301e-01 6.35326482e-02]
 [1.26053275e-55 0.00000000e+00 0.00000000e+00 0.00000000e+00]]
--------------------------------------------------
[2026-05-14 15:21:54] ERROR: 
Matrix Ego:
[[4.19377603e-01 3.88031655e-01 4.85738553e-01 1.41249940e-04]
 [2.81321413e-01 2.22501905e-01 2.25971486e-01 5.05873420e-03]
 [1.20973293e-02 1.06697722e-01 2.36405607e-01 4.62600659e-03]
 [3.45072380e-01 3.00503828e-01 4.36486470e-01 2.24774157e-01]]
Matrix Adv:
[[4.19377879e-01 3.88031655e-01 4.85738564e-01 4.93781302e-01]
 [2.84437318e-01 2.22550252e-01 2.26029177e-01 8.63348407e-02]
 [5.32557150e-01 1.06925725e-01 2.36793301e-01 6.35326482e-02]
 [1.13447947e-55 0.00000000e+00 0.00000000e+00 0.00000000e+00]]
--------------------------------------------------
[2026-05-14 15:21:54] ERROR: 
Matrix Ego:
[[4.19377603e-01 3.88031655e-01 4.85738553e-01 1.41249940e-04]
 [2.81321413e-01 2.22501905e-01 2.25971486e-01 5.05873420e-03]
 [1.20973293e-02 1.06697722e-01 2.36405607e-01 4.62600659e-03]
 [3.45072380e-01 3.00503828e-01 4.36486470e-01 2.24774157e-01]]
Matrix Adv:
[[4.19377879e-01 3.88031655e-01 4.85738564e-01 4.93781302e-01]
 [2.84437318e-01 2.22550252e-01 2.26029177e-01 8.63348407e-02]
 [5.32557150e-01 1.06925725e-01 2.36793301e-01 6.35326482e-02]
 [1.13447947e-55 0.00000000e+00 0.00000000e+00 0.00000000e+00]]
--------------------------------------------------
[2026-05-14 15:21:55] ERROR: 
Matrix Ego:
[[4.19377603e-01 3.88031655e-01 4.85738553e-01 1.41249940e-04]
 [2.81321413e-01 2.22501905e-01 2.25971486e-01 5.05873420e-03]
 [1.20973293e-02 1.06697722e-01 2.36405607e-01 4.62600659e-03]
 [3.44446965e-01 3.00503828e-01 4.36486470e-01 2.24774157e-01]]
Matrix Adv:
[[4.19377879e-01 3.88031655e-01 4.85738564e-01 4.93781302e-01]
 [2.84437318e-01 2.22550252e-01 2.26029177e-01 8.63348407e-02]
 [5.32557150e-01 1.06925725e-01 2.36793301e-01 6.35326482e-02]
 [1.02103152e-55 0.00000000e+00 0.00000000e+00 0.00000000e+00]]
--------------------------------------------------
[2026-05-14 15:21:55] ERROR: 
Matrix Ego:
[[4.19377603e-01 3.88031655e-01 4.85738553e-01 1.41249940e-04]
 [2.81321413e-01 2.22501905e-01 2.25971486e-01 5.05873420e-03]
 [1.20973293e-02 1.06697722e-01 2.36405607e-01 4.62600659e-03]
 [3.44446965e-01 3.00503828e-01 4.36486470e-01 2.24774157e-01]]
Matrix Adv:
[[4.19377879e-01 3.88031655e-01 4.85738564e-01 4.93781302e-01]
 [2.84437318e-01 2.22550252e-01 2.26029177e-01 8.63348407e-02]
 [5.32557150e-01 1.06925725e-01 2.36793301e-01 6.35326482e-02]
 [1.02103152e-55 0.00000000e+00 0.00000000e+00 0.00000000e+00]]
--------------------------------------------------
[2026-05-14 15:21:55] ERROR: 
Matrix Ego:
[[4.19377603e-01 3.88031655e-01 4.85738553e-01 1.27124946e-04]
 [2.81321413e-01 2.22501905e-01 2.25971486e-01 5.05873420e-03]
 [1.20973293e-02 1.06697722e-01 2.36405607e-01 4.62600659e-03]
 [3.44446965e-01 3.00503828e-01 4.36486470e-01 2.24774157e-01]]
Matrix Adv:
[[4.19377879e-01 3.88031655e-01 4.85738564e-01 4.98884467e-01]
 [2.84437318e-01 2.22550252e-01 2.26029177e-01 8.63348407e-02]
 [5.32557150e-01 1.06925725e-01 2.36793301e-01 6.35326482e-02]
 [1.02103152e-55 0.00000000e+00 0.00000000e+00 0.00000000e+00]]
--------------------------------------------------
[2026-05-14 15:21:55] ERROR: 
Matrix Ego:
[[4.19377603e-01 3.88031655e-01 4.85738553e-01 1.27124946e-04]
 [2.81321413e-01 2.22501905e-01 2.25971486e-01 5.05873420e-03]
 [1.20973293e-02 1.06697722e-01 2.36405607e-01 4.62600659e-03]
 [3.44446965e-01 3.00503828e-01 4.36486470e-01 2.24774157e-01]]
Matrix Adv:
[[4.19377879e-01 3.88031655e-01 4.85738564e-01 4.98884467e-01]
 [2.84437318e-01 2.22550252e-01 2.26029177e-01 8.63348407e-02]
 [5.32557150e-01 1.06925725e-01 2.36793301e-01 6.35326482e-02]
 [1.02103152e-55 0.00000000e+00 0.00000000e+00 0.00000000e+00]]
--------------------------------------------------
[2026-05-14 15:21:55] ERROR: 
Matrix Ego:
[[4.19377603e-01 3.88031655e-01 4.85738553e-01 1.27124946e-04]
 [2.81321413e-01 2.22501905e-01 2.25971486e-01 5.05873420e-03]
 [1.20973293e-02 1.06697722e-01 2.36405607e-01 4.62600659e-03]
 [3.43969025e-01 3.00503828e-01 4.36486470e-01 2.24774157e-01]]
Matrix Adv:
[[4.19377879e-01 3.88031655e-01 4.85738564e-01 4.98884467e-01]
 [2.84437318e-01 2.22550252e-01 2.26029177e-01 8.63348407e-02]
 [5.32557150e-01 1.06925725e-01 2.36793301e-01 6.35326482e-02]
 [9.18928371e-56 0.00000000e+00 0.00000000e+00 0.00000000e+00]]
--------------------------------------------------
[2026-05-14 15:21:55] ERROR: 
Matrix Ego:
[[4.19377603e-01 3.88031655e-01 4.85738553e-01 1.27124946e-04]
 [2.81321413e-01 2.22501905e-01 2.25971486e-01 5.05873420e-03]
 [1.20973293e-02 1.06697722e-01 2.36405607e-01 4.62600659e-03]
 [3.43969025e-01 3.00503828e-01 4.36486470e-01 2.24774157e-01]]
Matrix Adv:
[[4.19377879e-01 3.88031655e-01 4.85738564e-01 4.98884467e-01]
 [2.84437318e-01 2.22550252e-01 2.26029177e-01 8.63348407e-02]
 [5.32557150e-01 1.06925725e-01 2.36793301e-01 6.35326482e-02]
 [9.18928371e-56 0.00000000e+00 0.00000000e+00 0.00000000e+00]]
--------------------------------------------------
[2026-05-14 15:21:56] ERROR: 
Matrix Ego:
[[4.19377603e-01 3.88031655e-01 4.85738553e-01 1.27124946e-04]
 [2.81321413e-01 2.22501905e-01 2.25971486e-01 5.05873420e-03]
 [1.20973293e-02 1.06697722e-01 2.36405607e-01 4.62600659e-03]
 [3.43615429e-01 3.00503828e-01 4.36486470e-01 2.24774157e-01]]
Matrix Adv:
[[4.19377879e-01 3.88031655e-01 4.85738564e-01 4.98884467e-01]
 [2.84437318e-01 2.22550252e-01 2.26029177e-01 8.63348407e-02]
 [5.32557150e-01 1.06925725e-01 2.36793301e-01 6.35326482e-02]
 [8.27035534e-56 0.00000000e+00 0.00000000e+00 0.00000000e+00]]
--------------------------------------------------
[2026-05-14 15:21:56] ERROR: 
Matrix Ego:
[[4.19377603e-01 3.88031655e-01 4.85738553e-01 1.27124946e-04]
 [2.81321413e-01 2.22501905e-01 2.25971486e-01 5.05873420e-03]
 [1.20973293e-02 1.06697722e-01 2.36405607e-01 4.62600659e-03]
 [3.43615429e-01 3.00503828e-01 4.36486470e-01 2.24774157e-01]]
Matrix Adv:
[[4.19377879e-01 3.88031655e-01 4.85738564e-01 4.98884467e-01]
 [2.84437318e-01 2.22550252e-01 2.26029177e-01 8.63348407e-02]
 [5.32557150e-01 1.06925725e-01 2.36793301e-01 6.35326482e-02]
 [8.27035534e-56 0.00000000e+00 0.00000000e+00 0.00000000e+00]]
--------------------------------------------------
[2026-05-14 15:21:56] ERROR: 
Matrix Ego:
[[4.19377603e-01 3.88031655e-01 4.85738553e-01 1.27124946e-04]
 [2.81321413e-01 2.22501905e-01 2.25971486e-01 5.05873420e-03]
 [1.20973293e-02 1.06697722e-01 2.36405607e-01 4.62600659e-03]
 [3.43366186e-01 3.00503828e-01 4.36486470e-01 2.24774157e-01]]
Matrix Adv:
[[4.19377879e-01 3.88031655e-01 4.85738564e-01 4.98884467e-01]
 [2.84437318e-01 2.22550252e-01 2.26029177e-01 8.63348407e-02]
 [5.32557150e-01 1.06925725e-01 2.36793301e-01 6.35326482e-02]
 [7.44331981e-56 0.00000000e+00 0.00000000e+00 0.00000000e+00]]
--------------------------------------------------
[2026-05-14 15:21:56] ERROR: 
Matrix Ego:
[[4.19377603e-01 3.88031655e-01 4.85738553e-01 1.27124946e-04]
 [2.81321413e-01 2.22501905e-01 2.25971486e-01 5.05873420e-03]
 [1.20973293e-02 1.06697722e-01 2.36405607e-01 4.62600659e-03]
 [3.43366186e-01 3.00503828e-01 4.36486470e-01 2.24774157e-01]]
Matrix Adv:
[[4.19377879e-01 3.88031655e-01 4.85738564e-01 4.98884467e-01]
 [2.84437318e-01 2.22550252e-01 2.26029177e-01 8.63348407e-02]
 [5.32557150e-01 1.06925725e-01 2.36793301e-01 6.35326482e-02]
 [7.44331981e-56 0.00000000e+00 0.00000000e+00 0.00000000e+00]]
--------------------------------------------------
[2026-05-14 15:21:56] ERROR: 
Matrix Ego:
[[4.19377603e-01 3.88031655e-01 4.85738553e-01 1.27124946e-04]
 [2.81321413e-01 2.22501905e-01 2.25971486e-01 5.05873420e-03]
 [1.20973293e-02 1.06697722e-01 2.36405607e-01 4.62600659e-03]
 [3.43204013e-01 3.00503828e-01 4.36486470e-01 2.24774157e-01]]
Matrix Adv:
[[4.19377879e-01 3.88031655e-01 4.85738564e-01 4.98884467e-01]
 [2.84437318e-01 2.22550252e-01 2.26029177e-01 8.63348407e-02]
 [5.32557150e-01 1.06925725e-01 2.36793301e-01 6.35326482e-02]
 [6.69898783e-56 0.00000000e+00 0.00000000e+00 0.00000000e+00]]
--------------------------------------------------
[2026-05-14 15:21:56] ERROR: 
Matrix Ego:
[[4.19377603e-01 3.88031655e-01 4.85738553e-01 1.27124946e-04]
 [2.81321413e-01 2.22501905e-01 2.25971486e-01 5.05873420e-03]
 [1.20973293e-02 1.06697722e-01 2.36405607e-01 4.62600659e-03]
 [3.43204013e-01 3.00503828e-01 4.36486470e-01 2.24774157e-01]]
Matrix Adv:
[[4.19377879e-01 3.88031655e-01 4.85738564e-01 4.98884467e-01]
 [2.84437318e-01 2.22550252e-01 2.26029177e-01 8.63348407e-02]
 [5.32557150e-01 1.06925725e-01 2.36793301e-01 6.35326482e-02]
 [6.69898783e-56 0.00000000e+00 0.00000000e+00 0.00000000e+00]]
--------------------------------------------------
[2026-05-14 15:21:57] ERROR: 
Matrix Ego:
[[4.19377603e-01 3.88031655e-01 4.85738553e-01 1.27124946e-04]
 [2.81321413e-01 2.22501905e-01 2.25971486e-01 5.05873420e-03]
 [1.20973293e-02 1.06697722e-01 2.36405607e-01 4.62600659e-03]
 [3.43113985e-01 3.00503828e-01 4.36486470e-01 2.24774157e-01]]
Matrix Adv:
[[4.19377879e-01 3.88031655e-01 4.85738564e-01 4.98884467e-01]
 [2.84437318e-01 2.22550252e-01 2.26029177e-01 8.63348407e-02]
 [5.32557150e-01 1.06925725e-01 2.36793301e-01 6.35326482e-02]
 [6.02908904e-56 0.00000000e+00 0.00000000e+00 0.00000000e+00]]
--------------------------------------------------
[2026-05-14 15:21:57] ERROR: 
Matrix Ego:
[[4.19377603e-01 3.88031655e-01 4.85738553e-01 1.27124946e-04]
 [2.81321413e-01 2.22501905e-01 2.25971486e-01 5.05873420e-03]
 [1.20973293e-02 1.06697722e-01 2.36405607e-01 4.62600659e-03]
 [3.43113985e-01 3.00503828e-01 4.36486470e-01 2.24774157e-01]]
Matrix Adv:
[[4.19377879e-01 3.88031655e-01 4.85738564e-01 4.98884467e-01]
 [2.84437318e-01 2.22550252e-01 2.26029177e-01 8.63348407e-02]
 [5.32557150e-01 1.06925725e-01 2.36793301e-01 6.35326482e-02]
 [6.02908904e-56 0.00000000e+00 0.00000000e+00 0.00000000e+00]]
--------------------------------------------------
[2026-05-14 15:21:57] ERROR: 
Matrix Ego:
[[4.19377603e-01 3.88031655e-01 4.85738553e-01 1.27124946e-04]
 [2.81321413e-01 2.22501905e-01 2.25971486e-01 5.05873420e-03]
 [1.20973293e-02 1.06697722e-01 2.36405607e-01 4.62600659e-03]
 [3.43083297e-01 3.00503828e-01 4.36486470e-01 2.24774157e-01]]
Matrix Adv:
[[4.19377879e-01 3.88031655e-01 4.85738564e-01 4.98884467e-01]
 [2.84437318e-01 2.22550252e-01 2.26029177e-01 8.63348407e-02]
 [5.32557150e-01 1.06925725e-01 2.36793301e-01 6.35326482e-02]
 [5.42618014e-56 0.00000000e+00 0.00000000e+00 0.00000000e+00]]
--------------------------------------------------
[2026-05-14 15:21:57] ERROR: 
Matrix Ego:
[[4.19377603e-01 3.88031655e-01 4.85738553e-01 1.27124946e-04]
 [2.81321413e-01 2.22501905e-01 2.25971486e-01 5.05873420e-03]
 [1.20973293e-02 1.06697722e-01 2.36405607e-01 4.62600659e-03]
 [3.43083297e-01 3.00503828e-01 4.36486470e-01 2.24774157e-01]]
Matrix Adv:
[[4.19377879e-01 3.88031655e-01 4.85738564e-01 4.98884467e-01]
 [2.84437318e-01 2.22550252e-01 2.26029177e-01 8.63348407e-02]
 [5.32557150e-01 1.06925725e-01 2.36793301e-01 6.35326482e-02]
 [5.42618014e-56 0.00000000e+00 0.00000000e+00 0.00000000e+00]]
--------------------------------------------------
[2026-05-14 15:21:57] ERROR: 
Matrix Ego:
[[4.19377603e-01 3.88031655e-01 4.85738553e-01 1.27124946e-04]
 [2.81321413e-01 2.22501905e-01 2.25971486e-01 5.05873420e-03]
 [1.20973293e-02 1.06697722e-01 2.36405607e-01 4.62600659e-03]
 [3.43100922e-01 3.00503828e-01 4.36486470e-01 2.24774157e-01]]
Matrix Adv:
[[4.19377879e-01 3.88031655e-01 4.85738564e-01 4.98884467e-01]
 [2.84437318e-01 2.22550252e-01 2.26029177e-01 8.63348407e-02]
 [5.32557150e-01 1.06925725e-01 2.36793301e-01 6.35326482e-02]
 [4.88356213e-56 0.00000000e+00 0.00000000e+00 0.00000000e+00]]
--------------------------------------------------
[2026-05-14 15:21:57] ERROR: 
Matrix Ego:
[[4.19377603e-01 3.88031655e-01 4.85738553e-01 1.27124946e-04]
 [2.81321413e-01 2.22501905e-01 2.25971486e-01 5.05873420e-03]
 [1.20973293e-02 1.06697722e-01 2.36405607e-01 4.62600659e-03]
 [3.43100922e-01 3.00503828e-01 4.36486470e-01 2.24774157e-01]]
Matrix Adv:
[[4.19377879e-01 3.88031655e-01 4.85738564e-01 4.98884467e-01]
 [2.84437318e-01 2.22550252e-01 2.26029177e-01 8.63348407e-02]
 [5.32557150e-01 1.06925725e-01 2.36793301e-01 6.35326482e-02]
 [4.88356213e-56 0.00000000e+00 0.00000000e+00 0.00000000e+00]]
--------------------------------------------------
[2026-05-14 15:21:57] ERROR: 
Matrix Ego:
[[4.19377603e-01 3.87484307e-01 4.85738553e-01 1.27124946e-04]
 [2.81321413e-01 2.22501905e-01 2.25971486e-01 5.05873420e-03]
 [1.20973293e-02 1.06697722e-01 2.36405607e-01 4.62600659e-03]
 [3.43100922e-01 3.00503828e-01 4.36486470e-01 2.24774157e-01]]
Matrix Adv:
[[4.19377879e-01 3.87484421e-01 4.85738564e-01 4.98884467e-01]
 [2.84437318e-01 2.22550252e-01 2.26029177e-01 8.63348407e-02]
 [5.32557150e-01 1.06925725e-01 2.36793301e-01 6.35326482e-02]
 [4.88356213e-56 0.00000000e+00 0.00000000e+00 0.00000000e+00]]
--------------------------------------------------
[2026-05-14 15:21:57] ERROR: 
Matrix Ego:
[[4.19377603e-01 3.87484307e-01 4.85738553e-01 1.27124946e-04]
 [2.81321413e-01 2.22501905e-01 2.25971486e-01 5.05873420e-03]
 [1.20973293e-02 1.06697722e-01 2.36405607e-01 4.62600659e-03]
 [3.43100922e-01 3.00503828e-01 4.36486470e-01 2.24774157e-01]]
Matrix Adv:
[[4.19377879e-01 3.87484421e-01 4.85738564e-01 4.98884467e-01]
 [2.84437318e-01 2.22550252e-01 2.26029177e-01 8.63348407e-02]
 [5.32557150e-01 1.06925725e-01 2.36793301e-01 6.35326482e-02]
 [4.88356213e-56 0.00000000e+00 0.00000000e+00 0.00000000e+00]]
--------------------------------------------------
[2026-05-14 15:21:58] ERROR: 
Matrix Ego:
[[4.19377603e-01 3.87484307e-01 4.85738553e-01 1.27124946e-04]
 [2.81321413e-01 2.22501905e-01 2.25971486e-01 5.05873420e-03]
 [1.20973293e-02 1.06697722e-01 2.36405607e-01 4.62600659e-03]
 [3.43157400e-01 3.00503828e-01 4.36486470e-01 2.24774157e-01]]
Matrix Adv:
[[4.19377879e-01 3.87484421e-01 4.85738564e-01 4.98884467e-01]
 [2.84437318e-01 2.22550252e-01 2.26029177e-01 8.63348407e-02]
 [5.32557150e-01 1.06925725e-01 2.36793301e-01 6.35326482e-02]
 [4.39520591e-56 0.00000000e+00 0.00000000e+00 0.00000000e+00]]
--------------------------------------------------
[2026-05-14 15:21:58] ERROR: 
Matrix Ego:
[[4.19377603e-01 3.87484307e-01 4.85738553e-01 1.27124946e-04]
 [2.81321413e-01 2.22501905e-01 2.25971486e-01 5.05873420e-03]
 [1.20973293e-02 1.06697722e-01 2.36405607e-01 4.62600659e-03]
 [3.43157400e-01 3.00503828e-01 4.36486470e-01 2.24774157e-01]]
Matrix Adv:
[[4.19377879e-01 3.87484421e-01 4.85738564e-01 4.98884467e-01]
 [2.84437318e-01 2.22550252e-01 2.26029177e-01 8.63348407e-02]
 [5.32557150e-01 1.06925725e-01 2.36793301e-01 6.35326482e-02]
 [4.39520591e-56 0.00000000e+00 0.00000000e+00 0.00000000e+00]]
--------------------------------------------------
[2026-05-14 15:21:58] ERROR: 
Matrix Ego:
[[4.19377603e-01 3.87484307e-01 4.85738553e-01 1.27124946e-04]
 [2.81321413e-01 2.22501905e-01 2.25971486e-01 5.05873420e-03]
 [1.20973293e-02 1.06697722e-01 2.36405607e-01 4.62600659e-03]
 [3.43244636e-01 3.00503828e-01 4.36486470e-01 2.24774157e-01]]
Matrix Adv:
[[4.19377879e-01 3.87484421e-01 4.85738564e-01 4.98884467e-01]
 [2.84437318e-01 2.22550252e-01 2.26029177e-01 8.63348407e-02]
 [5.32557150e-01 1.06925725e-01 2.36793301e-01 6.35326482e-02]
 [3.95568532e-56 0.00000000e+00 0.00000000e+00 0.00000000e+00]]
--------------------------------------------------
[2026-05-14 15:21:58] ERROR: 
Matrix Ego:
[[4.19377603e-01 3.87484307e-01 4.85738553e-01 1.27124946e-04]
 [2.81321413e-01 2.22501905e-01 2.25971486e-01 5.05873420e-03]
 [1.20973293e-02 1.06697722e-01 2.36405607e-01 4.62600659e-03]
 [3.43244636e-01 3.00503828e-01 4.36486470e-01 2.24774157e-01]]
Matrix Adv:
[[4.19377879e-01 3.87484421e-01 4.85738564e-01 4.98884467e-01]
 [2.84437318e-01 2.22550252e-01 2.26029177e-01 8.63348407e-02]
 [5.32557150e-01 1.06925725e-01 2.36793301e-01 6.35326482e-02]
 [3.95568532e-56 0.00000000e+00 0.00000000e+00 0.00000000e+00]]
--------------------------------------------------
[2026-05-14 15:21:58] ERROR: 
Matrix Ego:
[[4.19377603e-01 3.87484307e-01 4.85738553e-01 1.27124946e-04]
 [2.81321413e-01 2.22501905e-01 2.25971486e-01 5.05873420e-03]
 [1.20973293e-02 1.06697722e-01 2.36405607e-01 4.62600659e-03]
 [3.43355732e-01 3.00503828e-01 4.36486470e-01 2.24774157e-01]]
Matrix Adv:
[[4.19377879e-01 3.87484421e-01 4.85738564e-01 4.98884467e-01]
 [2.84437318e-01 2.22550252e-01 2.26029177e-01 8.63348407e-02]
 [5.32557150e-01 1.06925725e-01 2.36793301e-01 6.35326482e-02]
 [3.56011679e-56 0.00000000e+00 0.00000000e+00 0.00000000e+00]]
--------------------------------------------------
[2026-05-14 15:21:58] ERROR: 
Matrix Ego:
[[4.19377603e-01 3.87484307e-01 4.85738553e-01 1.27124946e-04]
 [2.81321413e-01 2.22501905e-01 2.25971486e-01 5.05873420e-03]
 [1.20973293e-02 1.06697722e-01 2.36405607e-01 4.62600659e-03]
 [3.43355732e-01 3.00503828e-01 4.36486470e-01 2.24774157e-01]]
Matrix Adv:
[[4.19377879e-01 3.87484421e-01 4.85738564e-01 4.98884467e-01]
 [2.84437318e-01 2.22550252e-01 2.26029177e-01 8.63348407e-02]
 [5.32557150e-01 1.06925725e-01 2.36793301e-01 6.35326482e-02]
 [3.56011679e-56 0.00000000e+00 0.00000000e+00 0.00000000e+00]]
--------------------------------------------------
[2026-05-14 15:21:58] ERROR: 
Matrix Ego:
[[4.19377603e-01 3.87484307e-01 4.85738553e-01 1.27124946e-04]
 [2.81321413e-01 2.22501905e-01 2.25971486e-01 5.05873420e-03]
 [1.20973293e-02 1.06697722e-01 2.36405607e-01 4.62600659e-03]
 [3.43484803e-01 3.00503828e-01 4.36486470e-01 2.24774157e-01]]
Matrix Adv:
[[4.19377879e-01 3.87484421e-01 4.85738564e-01 4.98884467e-01]
 [2.84437318e-01 2.22550252e-01 2.26029177e-01 8.63348407e-02]
 [5.32557150e-01 1.06925725e-01 2.36793301e-01 6.35326482e-02]
 [3.20410511e-56 0.00000000e+00 0.00000000e+00 0.00000000e+00]]
--------------------------------------------------
[2026-05-14 15:21:58] ERROR: 
Matrix Ego:
[[4.19377603e-01 3.87484307e-01 4.85738553e-01 1.27124946e-04]
 [2.81321413e-01 2.22501905e-01 2.25971486e-01 5.05873420e-03]
 [1.20973293e-02 1.06697722e-01 2.36405607e-01 4.62600659e-03]
 [3.43484803e-01 3.00503828e-01 4.36486470e-01 2.24774157e-01]]
Matrix Adv:
[[4.19377879e-01 3.87484421e-01 4.85738564e-01 4.98884467e-01]
 [2.84437318e-01 2.22550252e-01 2.26029177e-01 8.63348407e-02]
 [5.32557150e-01 1.06925725e-01 2.36793301e-01 6.35326482e-02]
 [3.20410511e-56 0.00000000e+00 0.00000000e+00 0.00000000e+00]]
--------------------------------------------------
[2026-05-14 15:21:59] ERROR: 
Matrix Ego:
[[4.19377603e-01 3.87484307e-01 4.85738553e-01 1.27124946e-04]
 [2.81321413e-01 2.22501905e-01 2.25971486e-01 5.05873420e-03]
 [1.20973293e-02 1.06697722e-01 2.36405607e-01 4.62600659e-03]
 [3.43600967e-01 3.00503828e-01 4.36486470e-01 2.24774157e-01]]
Matrix Adv:
[[4.19377879e-01 3.87484421e-01 4.85738564e-01 4.98884467e-01]
 [2.84437318e-01 2.22550252e-01 2.26029177e-01 8.63348407e-02]
 [5.32557150e-01 1.06925725e-01 2.36793301e-01 6.35326482e-02]
 [2.88369460e-56 0.00000000e+00 0.00000000e+00 0.00000000e+00]]
--------------------------------------------------
[2026-05-14 15:21:59] ERROR: 
Matrix Ego:
[[4.19377603e-01 3.87484307e-01 4.85738553e-01 1.27124946e-04]
 [2.81321413e-01 2.22501905e-01 2.25971486e-01 5.05873420e-03]
 [1.20973293e-02 1.06697722e-01 2.36405607e-01 4.62600659e-03]
 [3.43600967e-01 3.00503828e-01 4.36486470e-01 2.24774157e-01]]
Matrix Adv:
[[4.19377879e-01 3.87484421e-01 4.85738564e-01 4.98884467e-01]
 [2.84437318e-01 2.22550252e-01 2.26029177e-01 8.63348407e-02]
 [5.32557150e-01 1.06925725e-01 2.36793301e-01 6.35326482e-02]
 [2.88369460e-56 0.00000000e+00 0.00000000e+00 0.00000000e+00]]
--------------------------------------------------
[2026-05-14 15:22:04] ERROR: 
Matrix Ego:
[[4.19377603e-01 3.87484307e-01 4.90068299e-01 9.26740856e-05]
 [2.81321413e-01 2.22501905e-01 2.25971486e-01 5.12054615e-03]
 [1.20973293e-02 1.06697722e-01 2.39079860e-01 4.62600659e-03]
 [3.45830731e-01 3.00503828e-01 4.32212367e-01 2.35259641e-01]]
Matrix Adv:
[[4.19377879e-01 3.87484421e-01 4.90068307e-01 5.11331088e-01]
 [2.84437318e-01 2.22550252e-01 2.26029177e-01 8.75671170e-02]
 [5.32557150e-01 1.06925725e-01 2.39463322e-01 6.35326482e-02]
 [3.89544380e-57 0.00000000e+00 0.00000000e+00 0.00000000e+00]]
--------------------------------------------------
[2026-05-14 15:22:04] ERROR: 
Matrix Ego:
[[4.19377603e-01 3.87484307e-01 4.90068299e-01 9.26740856e-05]
 [2.81321413e-01 2.22501905e-01 2.25971486e-01 5.12054615e-03]
 [1.20973293e-02 1.06697722e-01 2.39079860e-01 4.62600659e-03]
 [3.45830731e-01 3.00503828e-01 4.32212367e-01 2.35259641e-01]]
Matrix Adv:
[[4.19377879e-01 3.87484421e-01 4.90068307e-01 5.11331088e-01]
 [2.84437318e-01 2.22550252e-01 2.26029177e-01 8.75671170e-02]
 [5.32557150e-01 1.06925725e-01 2.39463322e-01 6.35326482e-02]
 [3.89544380e-57 0.00000000e+00 0.00000000e+00 0.00000000e+00]]
--------------------------------------------------
[2026-05-14 15:22:04] ERROR: 
Matrix Ego:
[[4.19377603e-01 3.87484307e-01 4.90068299e-01 9.26740856e-05]
 [2.81321413e-01 2.26562244e-01 2.25971486e-01 5.12054615e-03]
 [1.20973293e-02 1.06697722e-01 2.39079860e-01 4.62600659e-03]
 [3.45830731e-01 3.00503828e-01 4.32212367e-01 2.35259641e-01]]
Matrix Adv:
[[4.19377879e-01 3.87484421e-01 4.90068307e-01 5.11331088e-01]
 [2.84437318e-01 2.26608234e-01 2.26029177e-01 8.75671170e-02]
 [5.32557150e-01 1.06925725e-01 2.39463322e-01 6.35326482e-02]
 [3.89544380e-57 0.00000000e+00 0.00000000e+00 0.00000000e+00]]
--------------------------------------------------
[2026-05-14 15:22:04] ERROR: 
Matrix Ego:
[[4.19377603e-01 3.87484307e-01 4.90068299e-01 9.26740856e-05]
 [2.81321413e-01 2.26562244e-01 2.25971486e-01 5.12054615e-03]
 [1.20973293e-02 1.06697722e-01 2.39079860e-01 4.62600659e-03]
 [3.45830731e-01 3.00503828e-01 4.32212367e-01 2.35259641e-01]]
Matrix Adv:
[[4.19377879e-01 3.87484421e-01 4.90068307e-01 5.11331088e-01]
 [2.84437318e-01 2.26608234e-01 2.26029177e-01 8.75671170e-02]
 [5.32557150e-01 1.06925725e-01 2.39463322e-01 6.35326482e-02]
 [3.89544380e-57 0.00000000e+00 0.00000000e+00 0.00000000e+00]]
--------------------------------------------------
[2026-05-14 15:22:04] ERROR: 
Matrix Ego:
[[4.19377603e-01 3.87484307e-01 4.90068299e-01 9.26740856e-05]
 [2.81321413e-01 2.26562244e-01 2.25971486e-01 5.12054615e-03]
 [1.20973293e-02 1.06697722e-01 2.39079860e-01 4.62600659e-03]
 [3.45905664e-01 3.00503828e-01 4.32212367e-01 2.35259641e-01]]
Matrix Adv:
[[4.19377879e-01 3.87484421e-01 4.90068307e-01 5.11331088e-01]
 [2.84437318e-01 2.26608234e-01 2.26029177e-01 8.75671170e-02]
 [5.32557150e-01 1.06925725e-01 2.39463322e-01 6.35326482e-02]
 [3.50589942e-57 0.00000000e+00 0.00000000e+00 0.00000000e+00]]
--------------------------------------------------
[2026-05-14 15:22:04] ERROR: 
Matrix Ego:
[[4.19377603e-01 3.87484307e-01 4.90068299e-01 9.26740856e-05]
 [2.81321413e-01 2.26562244e-01 2.25971486e-01 5.12054615e-03]
 [1.20973293e-02 1.06697722e-01 2.39079860e-01 4.62600659e-03]
 [3.45905664e-01 3.00503828e-01 4.32212367e-01 2.35259641e-01]]
Matrix Adv:
[[4.19377879e-01 3.87484421e-01 4.90068307e-01 5.11331088e-01]
 [2.84437318e-01 2.26608234e-01 2.26029177e-01 8.75671170e-02]
 [5.32557150e-01 1.06925725e-01 2.39463322e-01 6.35326482e-02]
 [3.50589942e-57 0.00000000e+00 0.00000000e+00 0.00000000e+00]]
--------------------------------------------------
[2026-05-14 15:22:04] ERROR: 
Matrix Ego:
[[4.19377603e-01 3.87484307e-01 4.90068299e-01 9.26740856e-05]
 [2.81321413e-01 2.26562244e-01 2.25971486e-01 5.12054615e-03]
 [1.20973293e-02 1.06697722e-01 2.39079860e-01 4.62600659e-03]
 [3.45978852e-01 3.00503828e-01 4.32212367e-01 2.35259641e-01]]
Matrix Adv:
[[4.19377879e-01 3.87484421e-01 4.90068307e-01 5.11331088e-01]
 [2.84437318e-01 2.26608234e-01 2.26029177e-01 8.75671170e-02]
 [5.32557150e-01 1.06925725e-01 2.39463322e-01 6.35326482e-02]
 [3.15530948e-57 0.00000000e+00 0.00000000e+00 0.00000000e+00]]
--------------------------------------------------
[2026-05-14 15:22:04] ERROR: 
Matrix Ego:
[[4.19377603e-01 3.87484307e-01 4.90068299e-01 9.26740856e-05]
 [2.81321413e-01 2.26562244e-01 2.25971486e-01 5.12054615e-03]
 [1.20973293e-02 1.06697722e-01 2.39079860e-01 4.62600659e-03]
 [3.45978852e-01 3.00503828e-01 4.32212367e-01 2.35259641e-01]]
Matrix Adv:
[[4.19377879e-01 3.87484421e-01 4.90068307e-01 5.11331088e-01]
 [2.84437318e-01 2.26608234e-01 2.26029177e-01 8.75671170e-02]
 [5.32557150e-01 1.06925725e-01 2.39463322e-01 6.35326482e-02]
 [3.15530948e-57 0.00000000e+00 0.00000000e+00 0.00000000e+00]]
--------------------------------------------------
[2026-05-14 15:22:05] ERROR: 
Matrix Ego:
[[4.19377603e-01 3.87484307e-01 4.90068299e-01 9.26740856e-05]
 [2.81321413e-01 2.26562244e-01 2.25971486e-01 5.12054615e-03]
 [1.20973293e-02 1.06697722e-01 2.39079860e-01 4.62600659e-03]
 [3.44935253e-01 3.00503828e-01 4.32212367e-01 2.35259641e-01]]
Matrix Adv:
[[4.19377879e-01 3.87484421e-01 4.90068307e-01 5.11331088e-01]
 [2.84437318e-01 2.26608234e-01 2.26029177e-01 8.75671170e-02]
 [5.32557150e-01 1.06925725e-01 2.39463322e-01 6.35326482e-02]
 [2.83977853e-57 0.00000000e+00 0.00000000e+00 0.00000000e+00]]
--------------------------------------------------
[2026-05-14 15:22:05] ERROR: 
Matrix Ego:
[[4.19377603e-01 3.87484307e-01 4.90068299e-01 9.26740856e-05]
 [2.81321413e-01 2.26562244e-01 2.25971486e-01 5.12054615e-03]
 [1.20973293e-02 1.06697722e-01 2.39079860e-01 4.62600659e-03]
 [3.44935253e-01 3.00503828e-01 4.32212367e-01 2.35259641e-01]]
Matrix Adv:
[[4.19377879e-01 3.87484421e-01 4.90068307e-01 5.11331088e-01]
 [2.84437318e-01 2.26608234e-01 2.26029177e-01 8.75671170e-02]
 [5.32557150e-01 1.06925725e-01 2.39463322e-01 6.35326482e-02]
 [2.83977853e-57 0.00000000e+00 0.00000000e+00 0.00000000e+00]]
--------------------------------------------------
[2026-05-14 15:22:05] ERROR: 
Matrix Ego:
[[4.19377603e-01 3.87484307e-01 4.90068299e-01 9.26740856e-05]
 [2.81321413e-01 2.26562244e-01 2.25971486e-01 5.12054615e-03]
 [1.20973293e-02 1.06697722e-01 2.39079860e-01 4.62600659e-03]
 [3.44112145e-01 3.00503828e-01 4.32212367e-01 2.35259641e-01]]
Matrix Adv:
[[4.19377879e-01 3.87484421e-01 4.90068307e-01 5.11331088e-01]
 [2.84437318e-01 2.26608234e-01 2.26029177e-01 8.75671170e-02]
 [5.32557150e-01 1.06925725e-01 2.39463322e-01 6.35326482e-02]
 [2.55580068e-57 0.00000000e+00 0.00000000e+00 0.00000000e+00]]
--------------------------------------------------
[2026-05-14 15:22:05] ERROR: 
Matrix Ego:
[[4.19377603e-01 3.87484307e-01 4.90068299e-01 9.26740856e-05]
 [2.81321413e-01 2.26562244e-01 2.25971486e-01 5.12054615e-03]
 [1.20973293e-02 1.06697722e-01 2.39079860e-01 4.62600659e-03]
 [3.44112145e-01 3.00503828e-01 4.32212367e-01 2.35259641e-01]]
Matrix Adv:
[[4.19377879e-01 3.87484421e-01 4.90068307e-01 5.11331088e-01]
 [2.84437318e-01 2.26608234e-01 2.26029177e-01 8.75671170e-02]
 [5.32557150e-01 1.06925725e-01 2.39463322e-01 6.35326482e-02]
 [2.55580068e-57 0.00000000e+00 0.00000000e+00 0.00000000e+00]]
--------------------------------------------------
[2026-05-14 15:22:05] ERROR: 
Matrix Ego:
[[4.19377603e-01 3.87484307e-01 4.90068299e-01 9.26740856e-05]
 [2.81321413e-01 2.26562244e-01 2.25971486e-01 5.12054615e-03]
 [1.20973293e-02 1.06697722e-01 2.39079860e-01 4.62600659e-03]
 [3.43475851e-01 3.00503828e-01 4.32212367e-01 2.35259641e-01]]
Matrix Adv:
[[4.19377879e-01 3.87484421e-01 4.90068307e-01 5.11331088e-01]
 [2.84437318e-01 2.26608234e-01 2.26029177e-01 8.75671170e-02]
 [5.32557150e-01 1.06925725e-01 2.39463322e-01 6.35326482e-02]
 [2.30022061e-57 0.00000000e+00 0.00000000e+00 0.00000000e+00]]
--------------------------------------------------
[2026-05-14 15:22:05] ERROR: 
Matrix Ego:
[[4.19377603e-01 3.87484307e-01 4.90068299e-01 9.26740856e-05]
 [2.81321413e-01 2.26562244e-01 2.25971486e-01 5.12054615e-03]
 [1.20973293e-02 1.06697722e-01 2.39079860e-01 4.62600659e-03]
 [3.43475851e-01 3.00503828e-01 4.32212367e-01 2.35259641e-01]]
Matrix Adv:
[[4.19377879e-01 3.87484421e-01 4.90068307e-01 5.11331088e-01]
 [2.84437318e-01 2.26608234e-01 2.26029177e-01 8.75671170e-02]
 [5.32557150e-01 1.06925725e-01 2.39463322e-01 6.35326482e-02]
 [2.30022061e-57 0.00000000e+00 0.00000000e+00 0.00000000e+00]]
--------------------------------------------------
[2026-05-14 15:22:05] ERROR: 
Matrix Ego:
[[4.19377603e-01 3.87484307e-01 4.90068299e-01 9.26740856e-05]
 [2.81321413e-01 2.26562244e-01 2.25971486e-01 5.12054615e-03]
 [1.20973293e-02 1.06697722e-01 2.39079860e-01 4.62600659e-03]
 [3.42997195e-01 3.00503828e-01 4.32212367e-01 2.35259641e-01]]
Matrix Adv:
[[4.19377879e-01 3.87484421e-01 4.90068307e-01 5.11331088e-01]
 [2.84437318e-01 2.26608234e-01 2.26029177e-01 8.75671170e-02]
 [5.32557150e-01 1.06925725e-01 2.39463322e-01 6.35326482e-02]
 [2.07019855e-57 0.00000000e+00 0.00000000e+00 0.00000000e+00]]
--------------------------------------------------
[2026-05-14 15:22:05] ERROR: 
Matrix Ego:
[[4.19377603e-01 3.87484307e-01 4.90068299e-01 9.26740856e-05]
 [2.81321413e-01 2.26562244e-01 2.25971486e-01 5.12054615e-03]
 [1.20973293e-02 1.06697722e-01 2.39079860e-01 4.62600659e-03]
 [3.42997195e-01 3.00503828e-01 4.32212367e-01 2.35259641e-01]]
Matrix Adv:
[[4.19377879e-01 3.87484421e-01 4.90068307e-01 5.11331088e-01]
 [2.84437318e-01 2.26608234e-01 2.26029177e-01 8.75671170e-02]
 [5.32557150e-01 1.06925725e-01 2.39463322e-01 6.35326482e-02]
 [2.07019855e-57 0.00000000e+00 0.00000000e+00 0.00000000e+00]]
--------------------------------------------------
[2026-05-14 15:22:05] ERROR: 
Matrix Ego:
[[4.19377603e-01 3.87484307e-01 4.90068299e-01 9.26740856e-05]
 [2.81321413e-01 2.26562244e-01 2.25971486e-01 5.12054615e-03]
 [1.20973293e-02 1.06697722e-01 2.39079860e-01 4.62600659e-03]
 [3.42651015e-01 3.00503828e-01 4.32212367e-01 2.35259641e-01]]
Matrix Adv:
[[4.19377879e-01 3.87484421e-01 4.90068307e-01 5.11331088e-01]
 [2.84437318e-01 2.26608234e-01 2.26029177e-01 8.75671170e-02]
 [5.32557150e-01 1.06925725e-01 2.39463322e-01 6.35326482e-02]
 [1.86317870e-57 0.00000000e+00 0.00000000e+00 0.00000000e+00]]
--------------------------------------------------
[2026-05-14 15:22:05] ERROR: 
Matrix Ego:
[[4.19377603e-01 3.87484307e-01 4.90068299e-01 9.26740856e-05]
 [2.81321413e-01 2.26562244e-01 2.25971486e-01 5.12054615e-03]
 [1.20973293e-02 1.06697722e-01 2.39079860e-01 4.62600659e-03]
 [3.42651015e-01 3.00503828e-01 4.32212367e-01 2.35259641e-01]]
Matrix Adv:
[[4.19377879e-01 3.87484421e-01 4.90068307e-01 5.11331088e-01]
 [2.84437318e-01 2.26608234e-01 2.26029177e-01 8.75671170e-02]
 [5.32557150e-01 1.06925725e-01 2.39463322e-01 6.35326482e-02]
 [1.86317870e-57 0.00000000e+00 0.00000000e+00 0.00000000e+00]]
--------------------------------------------------
[2026-05-14 15:22:05] ERROR: 
Matrix Ego:
[[4.19377603e-01 3.87484307e-01 4.90068299e-01 9.26740856e-05]
 [2.89971275e-01 2.26562244e-01 2.25971486e-01 5.12054615e-03]
 [1.20973293e-02 1.06697722e-01 2.39079860e-01 4.62600659e-03]
 [3.42651015e-01 3.00503828e-01 4.32212367e-01 2.35259641e-01]]
Matrix Adv:
[[4.19377879e-01 3.87484421e-01 4.90068307e-01 5.11331088e-01]
 [2.92945363e-01 2.26608234e-01 2.26029177e-01 8.75671170e-02]
 [5.32557150e-01 1.06925725e-01 2.39463322e-01 6.35326482e-02]
 [1.86317870e-57 0.00000000e+00 0.00000000e+00 0.00000000e+00]]
--------------------------------------------------
[2026-05-14 15:22:05] ERROR: 
Matrix Ego:
[[4.19377603e-01 3.87484307e-01 4.90068299e-01 9.26740856e-05]
 [2.89971275e-01 2.26562244e-01 2.25971486e-01 5.12054615e-03]
 [1.20973293e-02 1.06697722e-01 2.39079860e-01 4.62600659e-03]
 [3.42651015e-01 3.00503828e-01 4.32212367e-01 2.35259641e-01]]
Matrix Adv:
[[4.19377879e-01 3.87484421e-01 4.90068307e-01 5.11331088e-01]
 [2.92945363e-01 2.26608234e-01 2.26029177e-01 8.75671170e-02]
 [5.32557150e-01 1.06925725e-01 2.39463322e-01 6.35326482e-02]
 [1.86317870e-57 0.00000000e+00 0.00000000e+00 0.00000000e+00]]
--------------------------------------------------
[2026-05-14 15:22:06] ERROR: 
Matrix Ego:
[[4.19377603e-01 3.87484307e-01 4.90068299e-01 9.26740856e-05]
 [2.89971275e-01 2.26562244e-01 2.25971486e-01 5.12054615e-03]
 [1.20973293e-02 1.06697722e-01 2.39079860e-01 4.62600659e-03]
 [3.42415536e-01 3.00503828e-01 4.32212367e-01 2.35259641e-01]]
Matrix Adv:
[[4.19377879e-01 3.87484421e-01 4.90068307e-01 5.11331088e-01]
 [2.92945363e-01 2.26608234e-01 2.26029177e-01 8.75671170e-02]
 [5.32557150e-01 1.06925725e-01 2.39463322e-01 6.35326482e-02]
 [1.67686083e-57 0.00000000e+00 0.00000000e+00 0.00000000e+00]]
--------------------------------------------------
[2026-05-14 15:22:06] ERROR: 
Matrix Ego:
[[4.19377603e-01 3.87484307e-01 4.90068299e-01 9.26740856e-05]
 [2.89971275e-01 2.26562244e-01 2.25971486e-01 5.12054615e-03]
 [1.20973293e-02 1.06697722e-01 2.39079860e-01 4.62600659e-03]
 [3.42415536e-01 3.00503828e-01 4.32212367e-01 2.35259641e-01]]
Matrix Adv:
[[4.19377879e-01 3.87484421e-01 4.90068307e-01 5.11331088e-01]
 [2.92945363e-01 2.26608234e-01 2.26029177e-01 8.75671170e-02]
 [5.32557150e-01 1.06925725e-01 2.39463322e-01 6.35326482e-02]
 [1.67686083e-57 0.00000000e+00 0.00000000e+00 0.00000000e+00]]
--------------------------------------------------
[2026-05-14 15:22:06] ERROR: 
Matrix Ego:
[[4.19377603e-01 3.87484307e-01 4.90068299e-01 9.26740856e-05]
 [2.89971275e-01 2.26562244e-01 2.25971486e-01 5.12054615e-03]
 [1.20973293e-02 1.06697722e-01 2.39079860e-01 4.62600659e-03]
 [3.42272001e-01 3.00503828e-01 4.32212367e-01 2.35259641e-01]]
Matrix Adv:
[[4.19377879e-01 3.87484421e-01 4.90068307e-01 5.11331088e-01]
 [2.92945363e-01 2.26608234e-01 2.26029177e-01 8.75671170e-02]
 [5.32557150e-01 1.06925725e-01 2.39463322e-01 6.35326482e-02]
 [1.50917474e-57 0.00000000e+00 0.00000000e+00 0.00000000e+00]]
--------------------------------------------------
[2026-05-14 15:22:06] ERROR: 
Matrix Ego:
[[4.19377603e-01 3.87484307e-01 4.90068299e-01 9.26740856e-05]
 [2.89971275e-01 2.26562244e-01 2.25971486e-01 5.12054615e-03]
 [1.20973293e-02 1.06697722e-01 2.39079860e-01 4.62600659e-03]
 [3.42272001e-01 3.00503828e-01 4.32212367e-01 2.35259641e-01]]
Matrix Adv:
[[4.19377879e-01 3.87484421e-01 4.90068307e-01 5.11331088e-01]
 [2.92945363e-01 2.26608234e-01 2.26029177e-01 8.75671170e-02]
 [5.32557150e-01 1.06925725e-01 2.39463322e-01 6.35326482e-02]
 [1.50917474e-57 0.00000000e+00 0.00000000e+00 0.00000000e+00]]
--------------------------------------------------
[2026-05-14 15:22:06] ERROR: 
Matrix Ego:
[[4.19377603e-01 3.87484307e-01 4.90068299e-01 9.26740856e-05]
 [2.89971275e-01 2.26562244e-01 2.25971486e-01 5.12054615e-03]
 [1.20973293e-02 1.06697722e-01 2.39079860e-01 4.62600659e-03]
 [3.42204287e-01 3.00503828e-01 4.32212367e-01 2.35259641e-01]]
Matrix Adv:
[[4.19377879e-01 3.87484421e-01 4.90068307e-01 5.11331088e-01]
 [2.92945363e-01 2.26608234e-01 2.26029177e-01 8.75671170e-02]
 [5.32557150e-01 1.06925725e-01 2.39463322e-01 6.35326482e-02]
 [1.35825727e-57 0.00000000e+00 0.00000000e+00 0.00000000e+00]]
--------------------------------------------------
[2026-05-14 15:22:06] ERROR: 
Matrix Ego:
[[4.19377603e-01 3.87484307e-01 4.90068299e-01 9.26740856e-05]
 [2.89971275e-01 2.26562244e-01 2.25971486e-01 5.12054615e-03]
 [1.20973293e-02 1.06697722e-01 2.39079860e-01 4.62600659e-03]
 [3.42204287e-01 3.00503828e-01 4.32212367e-01 2.35259641e-01]]
Matrix Adv:
[[4.19377879e-01 3.87484421e-01 4.90068307e-01 5.11331088e-01]
 [2.92945363e-01 2.26608234e-01 2.26029177e-01 8.75671170e-02]
 [5.32557150e-01 1.06925725e-01 2.39463322e-01 6.35326482e-02]
 [1.35825727e-57 0.00000000e+00 0.00000000e+00 0.00000000e+00]]
--------------------------------------------------
[2026-05-14 15:22:06] ERROR: 
Matrix Ego:
[[4.19377603e-01 3.87484307e-01 4.90068299e-01 9.26740856e-05]
 [2.89971275e-01 2.26562244e-01 2.25971486e-01 5.12054615e-03]
 [1.20973293e-02 1.06697722e-01 2.39079860e-01 4.62600659e-03]
 [3.42198572e-01 3.00503828e-01 4.32212367e-01 2.35259641e-01]]
Matrix Adv:
[[4.19377879e-01 3.87484421e-01 4.90068307e-01 5.11331088e-01]
 [2.92945363e-01 2.26608234e-01 2.26029177e-01 8.75671170e-02]
 [5.32557150e-01 1.06925725e-01 2.39463322e-01 6.35326482e-02]
 [1.22243154e-57 0.00000000e+00 0.00000000e+00 0.00000000e+00]]
--------------------------------------------------
[2026-05-14 15:22:06] ERROR: 
Matrix Ego:
[[4.19377603e-01 3.87484307e-01 4.90068299e-01 9.26740856e-05]
 [2.89971275e-01 2.26562244e-01 2.25971486e-01 5.12054615e-03]
 [1.20973293e-02 1.06697722e-01 2.39079860e-01 4.62600659e-03]
 [3.42198572e-01 3.00503828e-01 4.32212367e-01 2.35259641e-01]]
Matrix Adv:
[[4.19377879e-01 3.87484421e-01 4.90068307e-01 5.11331088e-01]
 [2.92945363e-01 2.26608234e-01 2.26029177e-01 8.75671170e-02]
 [5.32557150e-01 1.06925725e-01 2.39463322e-01 6.35326482e-02]
 [1.22243154e-57 0.00000000e+00 0.00000000e+00 0.00000000e+00]]
--------------------------------------------------
[2026-05-14 15:22:07] ERROR: 
Matrix Ego:
[[4.19377603e-01 3.87484307e-01 4.90068299e-01 9.26740856e-05]
 [2.89971275e-01 2.26562244e-01 2.25971486e-01 5.12054615e-03]
 [1.20973293e-02 1.06697722e-01 2.39079860e-01 4.62600659e-03]
 [3.42243047e-01 3.00503828e-01 4.32212367e-01 2.35259641e-01]]
Matrix Adv:
[[4.19377879e-01 3.87484421e-01 4.90068307e-01 5.11331088e-01]
 [2.92945363e-01 2.26608234e-01 2.26029177e-01 8.75671170e-02]
 [5.32557150e-01 1.06925725e-01 2.39463322e-01 6.35326482e-02]
 [1.10018839e-57 0.00000000e+00 0.00000000e+00 0.00000000e+00]]
--------------------------------------------------
[2026-05-14 15:22:07] ERROR: 
Matrix Ego:
[[4.19377603e-01 3.87484307e-01 4.90068299e-01 9.26740856e-05]
 [2.89971275e-01 2.26562244e-01 2.25971486e-01 5.12054615e-03]
 [1.20973293e-02 1.06697722e-01 2.39079860e-01 4.62600659e-03]
 [3.42243047e-01 3.00503828e-01 4.32212367e-01 2.35259641e-01]]
Matrix Adv:
[[4.19377879e-01 3.87484421e-01 4.90068307e-01 5.11331088e-01]
 [2.92945363e-01 2.26608234e-01 2.26029177e-01 8.75671170e-02]
 [5.32557150e-01 1.06925725e-01 2.39463322e-01 6.35326482e-02]
 [1.10018839e-57 0.00000000e+00 0.00000000e+00 0.00000000e+00]]
--------------------------------------------------
[2026-05-14 15:22:07] ERROR: 
Matrix Ego:
[[4.19377603e-01 3.87484307e-01 4.90068299e-01 9.26740856e-05]
 [2.89971275e-01 2.26562244e-01 2.25971486e-01 5.12054615e-03]
 [1.20973293e-02 1.06697722e-01 2.39079860e-01 4.62600659e-03]
 [3.42327652e-01 3.00503828e-01 4.32212367e-01 2.35259641e-01]]
Matrix Adv:
[[4.19377879e-01 3.87484421e-01 4.90068307e-01 5.11331088e-01]
 [2.92945363e-01 2.26608234e-01 2.26029177e-01 8.75671170e-02]
 [5.32557150e-01 1.06925725e-01 2.39463322e-01 6.35326482e-02]
 [9.90169549e-58 0.00000000e+00 0.00000000e+00 0.00000000e+00]]
--------------------------------------------------
[2026-05-14 15:22:07] ERROR: 
Matrix Ego:
[[4.19377603e-01 3.87484307e-01 4.90068299e-01 9.26740856e-05]
 [2.89971275e-01 2.26562244e-01 2.25971486e-01 5.12054615e-03]
 [1.20973293e-02 1.06697722e-01 2.39079860e-01 4.62600659e-03]
 [3.42327652e-01 3.00503828e-01 4.32212367e-01 2.35259641e-01]]
Matrix Adv:
[[4.19377879e-01 3.87484421e-01 4.90068307e-01 5.11331088e-01]
 [2.92945363e-01 2.26608234e-01 2.26029177e-01 8.75671170e-02]
 [5.32557150e-01 1.06925725e-01 2.39463322e-01 6.35326482e-02]
 [9.90169549e-58 0.00000000e+00 0.00000000e+00 0.00000000e+00]]
--------------------------------------------------
[2026-05-14 15:22:07] ERROR: 
Matrix Ego:
[[4.19377603e-01 3.87484307e-01 4.90068299e-01 9.26740856e-05]
 [2.89971275e-01 2.26562244e-01 2.25971486e-01 5.12054615e-03]
 [1.20973293e-02 1.06697722e-01 2.39079860e-01 4.62600659e-03]
 [3.42443851e-01 3.00503828e-01 4.32212367e-01 2.35259641e-01]]
Matrix Adv:
[[4.19377879e-01 3.87484421e-01 4.90068307e-01 5.11331088e-01]
 [2.92945363e-01 2.26608234e-01 2.26029177e-01 8.75671170e-02]
 [5.32557150e-01 1.06925725e-01 2.39463322e-01 6.35326482e-02]
 [8.91152594e-58 0.00000000e+00 0.00000000e+00 0.00000000e+00]]
--------------------------------------------------
[2026-05-14 15:22:07] ERROR: 
Matrix Ego:
[[4.19377603e-01 3.87484307e-01 4.90068299e-01 9.26740856e-05]
 [2.89971275e-01 2.26562244e-01 2.25971486e-01 5.12054615e-03]
 [1.20973293e-02 1.06697722e-01 2.39079860e-01 4.62600659e-03]
 [3.42443851e-01 3.00503828e-01 4.32212367e-01 2.35259641e-01]]
Matrix Adv:
[[4.19377879e-01 3.87484421e-01 4.90068307e-01 5.11331088e-01]
 [2.92945363e-01 2.26608234e-01 2.26029177e-01 8.75671170e-02]
 [5.32557150e-01 1.06925725e-01 2.39463322e-01 6.35326482e-02]
 [8.91152594e-58 0.00000000e+00 0.00000000e+00 0.00000000e+00]]
--------------------------------------------------
[2026-05-14 15:22:07] ERROR: 
Matrix Ego:
[[4.19377603e-01 3.87484307e-01 4.90068299e-01 9.26740856e-05]
 [2.89971275e-01 2.26562244e-01 2.25971486e-01 5.12054615e-03]
 [1.20973293e-02 1.06697722e-01 2.39079860e-01 4.62600659e-03]
 [3.42584423e-01 3.00503828e-01 4.32212367e-01 2.35259641e-01]]
Matrix Adv:
[[4.19377879e-01 3.87484421e-01 4.90068307e-01 5.11331088e-01]
 [2.92945363e-01 2.26608234e-01 2.26029177e-01 8.75671170e-02]
 [5.32557150e-01 1.06925725e-01 2.39463322e-01 6.35326482e-02]
 [8.02037335e-58 0.00000000e+00 0.00000000e+00 0.00000000e+00]]
--------------------------------------------------
[2026-05-14 15:22:07] ERROR: 
Matrix Ego:
[[4.19377603e-01 3.87484307e-01 4.90068299e-01 9.26740856e-05]
 [2.89971275e-01 2.26562244e-01 2.25971486e-01 5.12054615e-03]
 [1.20973293e-02 1.06697722e-01 2.39079860e-01 4.62600659e-03]
 [3.42584423e-01 3.00503828e-01 4.32212367e-01 2.35259641e-01]]
Matrix Adv:
[[4.19377879e-01 3.87484421e-01 4.90068307e-01 5.11331088e-01]
 [2.92945363e-01 2.26608234e-01 2.26029177e-01 8.75671170e-02]
 [5.32557150e-01 1.06925725e-01 2.39463322e-01 6.35326482e-02]
 [8.02037335e-58 0.00000000e+00 0.00000000e+00 0.00000000e+00]]
--------------------------------------------------
[2026-05-14 15:22:08] ERROR: 
Matrix Ego:
[[4.19377603e-01 3.87484307e-01 4.90068299e-01 9.26740856e-05]
 [2.89971275e-01 2.26562244e-01 2.25971486e-01 5.12054615e-03]
 [1.20973293e-02 1.06697722e-01 2.39079860e-01 4.62600659e-03]
 [3.42743291e-01 3.00503828e-01 4.32212367e-01 2.35259641e-01]]
Matrix Adv:
[[4.19377879e-01 3.87484421e-01 4.90068307e-01 5.11331088e-01]
 [2.92945363e-01 2.26608234e-01 2.26029177e-01 8.75671170e-02]
 [5.32557150e-01 1.06925725e-01 2.39463322e-01 6.35326482e-02]
 [7.21833601e-58 0.00000000e+00 0.00000000e+00 0.00000000e+00]]
--------------------------------------------------
[2026-05-14 15:22:08] ERROR: 
Matrix Ego:
[[4.19377603e-01 3.87484307e-01 4.90068299e-01 9.26740856e-05]
 [2.89971275e-01 2.26562244e-01 2.25971486e-01 5.12054615e-03]
 [1.20973293e-02 1.06697722e-01 2.39079860e-01 4.62600659e-03]
 [3.42743291e-01 3.00503828e-01 4.32212367e-01 2.35259641e-01]]
Matrix Adv:
[[4.19377879e-01 3.87484421e-01 4.90068307e-01 5.11331088e-01]
 [2.92945363e-01 2.26608234e-01 2.26029177e-01 8.75671170e-02]
 [5.32557150e-01 1.06925725e-01 2.39463322e-01 6.35326482e-02]
 [7.21833601e-58 0.00000000e+00 0.00000000e+00 0.00000000e+00]]
--------------------------------------------------
[2026-05-14 15:22:08] ERROR: 
Matrix Ego:
[[4.19377603e-01 3.87484307e-01 4.90068299e-01 9.26740856e-05]
 [2.89971275e-01 2.26562244e-01 2.25971486e-01 5.12054615e-03]
 [1.20973293e-02 1.06697722e-01 2.39079860e-01 4.62600659e-03]
 [3.42915391e-01 3.00503828e-01 4.32212367e-01 2.35259641e-01]]
Matrix Adv:
[[4.19377879e-01 3.87484421e-01 4.90068307e-01 5.11331088e-01]
 [2.92945363e-01 2.26608234e-01 2.26029177e-01 8.75671170e-02]
 [5.32557150e-01 1.06925725e-01 2.39463322e-01 6.35326482e-02]
 [6.49650241e-58 0.00000000e+00 0.00000000e+00 0.00000000e+00]]
--------------------------------------------------
[2026-05-14 15:22:08] ERROR: 
Matrix Ego:
[[4.19377603e-01 3.87484307e-01 4.90068299e-01 9.26740856e-05]
 [2.89971275e-01 2.26562244e-01 2.25971486e-01 5.12054615e-03]
 [1.20973293e-02 1.06697722e-01 2.39079860e-01 4.62600659e-03]
 [3.42915391e-01 3.00503828e-01 4.32212367e-01 2.35259641e-01]]
Matrix Adv:
[[4.19377879e-01 3.87484421e-01 4.90068307e-01 5.11331088e-01]
 [2.92945363e-01 2.26608234e-01 2.26029177e-01 8.75671170e-02]
 [5.32557150e-01 1.06925725e-01 2.39463322e-01 6.35326482e-02]
 [6.49650241e-58 0.00000000e+00 0.00000000e+00 0.00000000e+00]]
--------------------------------------------------
[2026-05-14 15:22:08] ERROR: 
Matrix Ego:
[[4.19377603e-01 3.87484307e-01 4.90068299e-01 9.26740856e-05]
 [2.89971275e-01 2.26562244e-01 2.25971486e-01 5.12054615e-03]
 [1.20973293e-02 1.06697722e-01 2.39079860e-01 4.62600659e-03]
 [3.43070281e-01 3.00503828e-01 4.32212367e-01 2.35259641e-01]]
Matrix Adv:
[[4.19377879e-01 3.87484421e-01 4.90068307e-01 5.11331088e-01]
 [2.92945363e-01 2.26608234e-01 2.26029177e-01 8.75671170e-02]
 [5.32557150e-01 1.06925725e-01 2.39463322e-01 6.35326482e-02]
 [5.84685217e-58 0.00000000e+00 0.00000000e+00 0.00000000e+00]]
--------------------------------------------------
[2026-05-14 15:22:08] ERROR: 
Matrix Ego:
[[4.19377603e-01 3.87484307e-01 4.90068299e-01 9.26740856e-05]
 [2.89971275e-01 2.26562244e-01 2.25971486e-01 5.12054615e-03]
 [1.20973293e-02 1.06697722e-01 2.39079860e-01 4.62600659e-03]
 [3.43070281e-01 3.00503828e-01 4.32212367e-01 2.35259641e-01]]
Matrix Adv:
[[4.19377879e-01 3.87484421e-01 4.90068307e-01 5.11331088e-01]
 [2.92945363e-01 2.26608234e-01 2.26029177e-01 8.75671170e-02]
 [5.32557150e-01 1.06925725e-01 2.39463322e-01 6.35326482e-02]
 [5.84685217e-58 0.00000000e+00 0.00000000e+00 0.00000000e+00]]
--------------------------------------------------
[2026-05-14 15:22:08] ERROR: 
Matrix Ego:
[[4.19377603e-01 3.87484307e-01 4.90068299e-01 9.26740856e-05]
 [2.89971275e-01 2.26562244e-01 2.25971486e-01 5.12054615e-03]
 [1.20973293e-02 1.06697722e-01 2.39079860e-01 4.62600659e-03]
 [3.43259451e-01 3.00503828e-01 4.32212367e-01 2.35259641e-01]]
Matrix Adv:
[[4.19377879e-01 3.87484421e-01 4.90068307e-01 5.11331088e-01]
 [2.92945363e-01 2.26608234e-01 2.26029177e-01 8.75671170e-02]
 [5.32557150e-01 1.06925725e-01 2.39463322e-01 6.35326482e-02]
 [5.26216695e-58 0.00000000e+00 0.00000000e+00 0.00000000e+00]]
--------------------------------------------------
[2026-05-14 15:22:08] ERROR: 
Matrix Ego:
[[4.19377603e-01 3.87484307e-01 4.90068299e-01 9.26740856e-05]
 [2.89971275e-01 2.26562244e-01 2.25971486e-01 5.12054615e-03]
 [1.20973293e-02 1.06697722e-01 2.39079860e-01 4.62600659e-03]
 [3.43259451e-01 3.00503828e-01 4.32212367e-01 2.35259641e-01]]
Matrix Adv:
[[4.19377879e-01 3.87484421e-01 4.90068307e-01 5.11331088e-01]
 [2.92945363e-01 2.26608234e-01 2.26029177e-01 8.75671170e-02]
 [5.32557150e-01 1.06925725e-01 2.39463322e-01 6.35326482e-02]
 [5.26216695e-58 0.00000000e+00 0.00000000e+00 0.00000000e+00]]
--------------------------------------------------
[2026-05-14 15:22:08] ERROR: 
Matrix Ego:
[[4.19377603e-01 3.87484307e-01 4.90068299e-01 9.26740856e-05]
 [2.89971275e-01 2.26562244e-01 2.25971486e-01 5.12054615e-03]
 [1.20973293e-02 1.06697722e-01 2.39079860e-01 4.62600659e-03]
 [3.43450932e-01 3.00503828e-01 4.32212367e-01 2.35259641e-01]]
Matrix Adv:
[[4.19377879e-01 3.87484421e-01 4.90068307e-01 5.11331088e-01]
 [2.92945363e-01 2.26608234e-01 2.26029177e-01 8.75671170e-02]
 [5.32557150e-01 1.06925725e-01 2.39463322e-01 6.35326482e-02]
 [4.73595026e-58 0.00000000e+00 0.00000000e+00 0.00000000e+00]]
--------------------------------------------------
[2026-05-14 15:22:09] ERROR: 
Matrix Ego:
[[4.19377603e-01 3.87484307e-01 4.90068299e-01 9.26740856e-05]
 [2.89971275e-01 2.26562244e-01 2.25971486e-01 5.12054615e-03]
 [1.20973293e-02 1.06697722e-01 2.39079860e-01 4.62600659e-03]
 [3.43450932e-01 3.00503828e-01 4.32212367e-01 2.35259641e-01]]
Matrix Adv:
[[4.19377879e-01 3.87484421e-01 4.90068307e-01 5.11331088e-01]
 [2.92945363e-01 2.26608234e-01 2.26029177e-01 8.75671170e-02]
 [5.32557150e-01 1.06925725e-01 2.39463322e-01 6.35326482e-02]
 [4.73595026e-58 0.00000000e+00 0.00000000e+00 0.00000000e+00]]
--------------------------------------------------
[2026-05-14 15:22:09] ERROR: 
Matrix Ego:
[[4.19377603e-01 3.87484307e-01 4.90068299e-01 9.26740856e-05]
 [2.89971275e-01 2.26562244e-01 2.25971486e-01 5.12054615e-03]
 [1.20973293e-02 1.06697722e-01 2.39079860e-01 4.62600659e-03]
 [3.43642377e-01 3.00503828e-01 4.32212367e-01 2.35259641e-01]]
Matrix Adv:
[[4.19377879e-01 3.87484421e-01 4.90068307e-01 5.11331088e-01]
 [2.92945363e-01 2.26608234e-01 2.26029177e-01 8.75671170e-02]
 [5.32557150e-01 1.06925725e-01 2.39463322e-01 6.35326482e-02]
 [4.26235523e-58 0.00000000e+00 0.00000000e+00 0.00000000e+00]]
--------------------------------------------------
[2026-05-14 15:22:09] ERROR: 
Matrix Ego:
[[4.19377603e-01 3.87484307e-01 4.90068299e-01 9.26740856e-05]
 [2.89971275e-01 2.26562244e-01 2.25971486e-01 5.12054615e-03]
 [1.20973293e-02 1.06697722e-01 2.39079860e-01 4.62600659e-03]
 [3.43642377e-01 3.00503828e-01 4.32212367e-01 2.35259641e-01]]
Matrix Adv:
[[4.19377879e-01 3.87484421e-01 4.90068307e-01 5.11331088e-01]
 [2.92945363e-01 2.26608234e-01 2.26029177e-01 8.75671170e-02]
 [5.32557150e-01 1.06925725e-01 2.39463322e-01 6.35326482e-02]
 [4.26235523e-58 0.00000000e+00 0.00000000e+00 0.00000000e+00]]
--------------------------------------------------
[2026-05-14 15:22:09] ERROR: 
Matrix Ego:
[[4.19377603e-01 3.87484307e-01 4.90068299e-01 9.26740856e-05]
 [2.89971275e-01 2.26562244e-01 2.25971486e-01 5.12054615e-03]
 [1.20973293e-02 1.06697722e-01 2.39079860e-01 4.62600659e-03]
 [3.43831877e-01 3.00503828e-01 4.32212367e-01 2.35259641e-01]]
Matrix Adv:
[[4.19377879e-01 3.87484421e-01 4.90068307e-01 5.11331088e-01]
 [2.92945363e-01 2.26608234e-01 2.26029177e-01 8.75671170e-02]
 [5.32557150e-01 1.06925725e-01 2.39463322e-01 6.35326482e-02]
 [3.83611971e-58 0.00000000e+00 0.00000000e+00 0.00000000e+00]]
--------------------------------------------------
[2026-05-14 15:22:09] ERROR: 
Matrix Ego:
[[4.19377603e-01 3.87484307e-01 4.90068299e-01 9.26740856e-05]
 [2.89971275e-01 2.26562244e-01 2.25971486e-01 5.12054615e-03]
 [1.20973293e-02 1.06697722e-01 2.39079860e-01 4.62600659e-03]
 [3.43831877e-01 3.00503828e-01 4.32212367e-01 2.35259641e-01]]
Matrix Adv:
[[4.19377879e-01 3.87484421e-01 4.90068307e-01 5.11331088e-01]
 [2.92945363e-01 2.26608234e-01 2.26029177e-01 8.75671170e-02]
 [5.32557150e-01 1.06925725e-01 2.39463322e-01 6.35326482e-02]
 [3.83611971e-58 0.00000000e+00 0.00000000e+00 0.00000000e+00]]
--------------------------------------------------
[2026-05-14 15:22:10] ERROR: 
Matrix Ego:
[[4.19377603e-01 3.87484307e-01 4.90068299e-01 9.26740856e-05]
 [2.89971275e-01 2.26562244e-01 2.25971486e-01 5.12054615e-03]
 [1.20973293e-02 1.06697722e-01 2.39079860e-01 4.62600659e-03]
 [3.44017971e-01 3.00503828e-01 4.32212367e-01 2.35259641e-01]]
Matrix Adv:
[[4.19377879e-01 3.87484421e-01 4.90068307e-01 5.11331088e-01]
 [2.92945363e-01 2.26608234e-01 2.26029177e-01 8.75671170e-02]
 [5.32557150e-01 1.06925725e-01 2.39463322e-01 6.35326482e-02]
 [3.45250774e-58 0.00000000e+00 0.00000000e+00 0.00000000e+00]]
--------------------------------------------------
[2026-05-14 15:22:10] ERROR: 
Matrix Ego:
[[4.19377603e-01 3.87484307e-01 4.90068299e-01 9.26740856e-05]
 [2.89971275e-01 2.26562244e-01 2.25971486e-01 5.12054615e-03]
 [1.20973293e-02 1.06697722e-01 2.39079860e-01 4.62600659e-03]
 [3.44017971e-01 3.00503828e-01 4.32212367e-01 2.35259641e-01]]
Matrix Adv:
[[4.19377879e-01 3.87484421e-01 4.90068307e-01 5.11331088e-01]
 [2.92945363e-01 2.26608234e-01 2.26029177e-01 8.75671170e-02]
 [5.32557150e-01 1.06925725e-01 2.39463322e-01 6.35326482e-02]
 [3.45250774e-58 0.00000000e+00 0.00000000e+00 0.00000000e+00]]
--------------------------------------------------
[2026-05-14 15:22:10] ERROR: 
Matrix Ego:
[[4.19377603e-01 3.87484307e-01 4.90068299e-01 9.26740856e-05]
 [2.89971275e-01 2.26562244e-01 2.25971486e-01 5.12054615e-03]
 [1.20973293e-02 1.06697722e-01 2.39079860e-01 4.62600659e-03]
 [3.44199536e-01 3.00503828e-01 4.32212367e-01 2.35259641e-01]]
Matrix Adv:
[[4.19377879e-01 3.87484421e-01 4.90068307e-01 5.11331088e-01]
 [2.92945363e-01 2.26608234e-01 2.26029177e-01 8.75671170e-02]
 [5.32557150e-01 1.06925725e-01 2.39463322e-01 6.35326482e-02]
 [3.10725696e-58 0.00000000e+00 0.00000000e+00 0.00000000e+00]]
--------------------------------------------------
[2026-05-14 15:22:10] ERROR: 
Matrix Ego:
[[4.19377603e-01 3.87484307e-01 4.90068299e-01 9.26740856e-05]
 [2.89971275e-01 2.26562244e-01 2.25971486e-01 5.12054615e-03]
 [1.20973293e-02 1.06697722e-01 2.39079860e-01 4.62600659e-03]
 [3.44199536e-01 3.00503828e-01 4.32212367e-01 2.35259641e-01]]
Matrix Adv:
[[4.19377879e-01 3.87484421e-01 4.90068307e-01 5.11331088e-01]
 [2.92945363e-01 2.26608234e-01 2.26029177e-01 8.75671170e-02]
 [5.32557150e-01 1.06925725e-01 2.39463322e-01 6.35326482e-02]
 [3.10725696e-58 0.00000000e+00 0.00000000e+00 0.00000000e+00]]
--------------------------------------------------
[2026-05-14 15:22:10] ERROR: 
Matrix Ego:
[[4.19377603e-01 3.87484307e-01 4.90068299e-01 9.26740856e-05]
 [2.89971275e-01 2.26562244e-01 2.25971486e-01 5.12054615e-03]
 [1.20973293e-02 1.06697722e-01 2.39079860e-01 4.62600659e-03]
 [3.44362944e-01 3.00503828e-01 4.32212367e-01 2.35259641e-01]]
Matrix Adv:
[[4.19377879e-01 3.87484421e-01 4.90068307e-01 5.11331088e-01]
 [2.92945363e-01 2.26608234e-01 2.26029177e-01 8.75671170e-02]
 [5.32557150e-01 1.06925725e-01 2.39463322e-01 6.35326482e-02]
 [2.79653127e-58 0.00000000e+00 0.00000000e+00 0.00000000e+00]]
--------------------------------------------------
[2026-05-14 15:22:10] ERROR: 
Matrix Ego:
[[4.19377603e-01 3.87484307e-01 4.90068299e-01 9.26740856e-05]
 [2.89971275e-01 2.26562244e-01 2.25971486e-01 5.12054615e-03]
 [1.20973293e-02 1.06697722e-01 2.39079860e-01 4.62600659e-03]
 [3.44362944e-01 3.00503828e-01 4.32212367e-01 2.35259641e-01]]
Matrix Adv:
[[4.19377879e-01 3.87484421e-01 4.90068307e-01 5.11331088e-01]
 [2.92945363e-01 2.26608234e-01 2.26029177e-01 8.75671170e-02]
 [5.32557150e-01 1.06925725e-01 2.39463322e-01 6.35326482e-02]
 [2.79653127e-58 0.00000000e+00 0.00000000e+00 0.00000000e+00]]
--------------------------------------------------
[2026-05-14 15:22:10] ERROR: 
Matrix Ego:
[[4.19377603e-01 3.87484307e-01 4.90068299e-01 9.26740856e-05]
 [2.89971275e-01 2.26562244e-01 2.25971486e-01 5.12054615e-03]
 [1.20973293e-02 1.06697722e-01 2.39079860e-01 4.62600659e-03]
 [3.44522884e-01 3.00503828e-01 4.32212367e-01 2.35259641e-01]]
Matrix Adv:
[[4.19377879e-01 3.87484421e-01 4.90068307e-01 5.11331088e-01]
 [2.92945363e-01 2.26608234e-01 2.26029177e-01 8.75671170e-02]
 [5.32557150e-01 1.06925725e-01 2.39463322e-01 6.35326482e-02]
 [2.51687814e-58 0.00000000e+00 0.00000000e+00 0.00000000e+00]]
--------------------------------------------------
[2026-05-14 15:22:10] ERROR: 
Matrix Ego:
[[4.19377603e-01 3.87484307e-01 4.90068299e-01 9.26740856e-05]
 [2.89971275e-01 2.26562244e-01 2.25971486e-01 5.12054615e-03]
 [1.20973293e-02 1.06697722e-01 2.39079860e-01 4.62600659e-03]
 [3.44522884e-01 3.00503828e-01 4.32212367e-01 2.35259641e-01]]
Matrix Adv:
[[4.19377879e-01 3.87484421e-01 4.90068307e-01 5.11331088e-01]
 [2.92945363e-01 2.26608234e-01 2.26029177e-01 8.75671170e-02]
 [5.32557150e-01 1.06925725e-01 2.39463322e-01 6.35326482e-02]
 [2.51687814e-58 0.00000000e+00 0.00000000e+00 0.00000000e+00]]
--------------------------------------------------
[2026-05-14 15:22:11] ERROR: 
Matrix Ego:
[[4.19377603e-01 3.87484307e-01 4.90068299e-01 9.26740856e-05]
 [2.89971275e-01 2.26562244e-01 2.25971486e-01 5.12054615e-03]
 [1.20973293e-02 1.06697722e-01 2.39079860e-01 4.62600659e-03]
 [3.44678566e-01 3.00503828e-01 4.32212367e-01 2.35259641e-01]]
Matrix Adv:
[[4.19377879e-01 3.87484421e-01 4.90068307e-01 5.11331088e-01]
 [2.92945363e-01 2.26608234e-01 2.26029177e-01 8.75671170e-02]
 [5.32557150e-01 1.06925725e-01 2.39463322e-01 6.35326482e-02]
 [2.26519033e-58 0.00000000e+00 0.00000000e+00 0.00000000e+00]]
--------------------------------------------------
[2026-05-14 15:22:11] ERROR: 
Matrix Ego:
[[4.19377603e-01 3.87484307e-01 4.90068299e-01 9.26740856e-05]
 [2.89971275e-01 2.26562244e-01 2.25971486e-01 5.12054615e-03]
 [1.20973293e-02 1.06697722e-01 2.39079860e-01 4.62600659e-03]
 [3.44678566e-01 3.00503828e-01 4.32212367e-01 2.35259641e-01]]
Matrix Adv:
[[4.19377879e-01 3.87484421e-01 4.90068307e-01 5.11331088e-01]
 [2.92945363e-01 2.26608234e-01 2.26029177e-01 8.75671170e-02]
 [5.32557150e-01 1.06925725e-01 2.39463322e-01 6.35326482e-02]
 [2.26519033e-58 0.00000000e+00 0.00000000e+00 0.00000000e+00]]
--------------------------------------------------
[2026-05-14 15:22:11] ERROR: 
Matrix Ego:
[[4.19377603e-01 3.87484307e-01 4.90068299e-01 9.26740856e-05]
 [2.89971275e-01 2.26562244e-01 2.25971486e-01 5.12054615e-03]
 [1.20973293e-02 1.06697722e-01 2.39079860e-01 4.62600659e-03]
 [3.44829419e-01 3.00503828e-01 4.32212367e-01 2.35259641e-01]]
Matrix Adv:
[[4.19377879e-01 3.87484421e-01 4.90068307e-01 5.11331088e-01]
 [2.92945363e-01 2.26608234e-01 2.26029177e-01 8.75671170e-02]
 [5.32557150e-01 1.06925725e-01 2.39463322e-01 6.35326482e-02]
 [2.03867129e-58 0.00000000e+00 0.00000000e+00 0.00000000e+00]]
--------------------------------------------------
[2026-05-14 15:22:11] ERROR: 
Matrix Ego:
[[4.19377603e-01 3.87484307e-01 4.90068299e-01 9.26740856e-05]
 [2.89971275e-01 2.26562244e-01 2.25971486e-01 5.12054615e-03]
 [1.20973293e-02 1.06697722e-01 2.39079860e-01 4.62600659e-03]
 [3.44829419e-01 3.00503828e-01 4.32212367e-01 2.35259641e-01]]
Matrix Adv:
[[4.19377879e-01 3.87484421e-01 4.90068307e-01 5.11331088e-01]
 [2.92945363e-01 2.26608234e-01 2.26029177e-01 8.75671170e-02]
 [5.32557150e-01 1.06925725e-01 2.39463322e-01 6.35326482e-02]
 [2.03867129e-58 0.00000000e+00 0.00000000e+00 0.00000000e+00]]
--------------------------------------------------
[2026-05-14 15:22:12] ERROR: 
Matrix Ego:
[[4.19377603e-01 3.87484307e-01 4.90068299e-01 9.26740856e-05]
 [2.89971275e-01 2.26562244e-01 2.25971486e-01 5.12054615e-03]
 [1.20973293e-02 1.06697722e-01 2.39079860e-01 4.62600659e-03]
 [3.44975055e-01 3.00503828e-01 4.32212367e-01 2.35259641e-01]]
Matrix Adv:
[[4.19377879e-01 3.87484421e-01 4.90068307e-01 5.11331088e-01]
 [2.92945363e-01 2.26608234e-01 2.26029177e-01 8.75671170e-02]
 [5.32557150e-01 1.06925725e-01 2.39463322e-01 6.35326482e-02]
 [1.83480416e-58 0.00000000e+00 0.00000000e+00 0.00000000e+00]]
--------------------------------------------------
[2026-05-14 15:22:12] ERROR: 
Matrix Ego:
[[4.19377603e-01 3.87484307e-01 4.90068299e-01 9.26740856e-05]
 [2.89971275e-01 2.26562244e-01 2.25971486e-01 5.12054615e-03]
 [1.20973293e-02 1.06697722e-01 2.39079860e-01 4.62600659e-03]
 [3.44975055e-01 3.00503828e-01 4.32212367e-01 2.35259641e-01]]
Matrix Adv:
[[4.19377879e-01 3.87484421e-01 4.90068307e-01 5.11331088e-01]
 [2.92945363e-01 2.26608234e-01 2.26029177e-01 8.75671170e-02]
 [5.32557150e-01 1.06925725e-01 2.39463322e-01 6.35326482e-02]
 [1.83480416e-58 0.00000000e+00 0.00000000e+00 0.00000000e+00]]
--------------------------------------------------
[2026-05-14 15:22:12] ERROR: 
Matrix Ego:
[[4.19377603e-01 3.87484307e-01 4.90068299e-01 9.26740856e-05]
 [2.89971275e-01 2.26562244e-01 2.25971486e-01 5.12054615e-03]
 [1.20973293e-02 1.06697722e-01 2.39079860e-01 4.62600659e-03]
 [3.45115234e-01 3.00503828e-01 4.32212367e-01 2.35259641e-01]]
Matrix Adv:
[[4.19377879e-01 3.87484421e-01 4.90068307e-01 5.11331088e-01]
 [2.92945363e-01 2.26608234e-01 2.26029177e-01 8.75671170e-02]
 [5.32557150e-01 1.06925725e-01 2.39463322e-01 6.35326482e-02]
 [1.65132375e-58 0.00000000e+00 0.00000000e+00 0.00000000e+00]]
--------------------------------------------------
[2026-05-14 15:22:12] ERROR: 
Matrix Ego:
[[4.19377603e-01 3.87484307e-01 4.90068299e-01 9.26740856e-05]
 [2.89971275e-01 2.26562244e-01 2.25971486e-01 5.12054615e-03]
 [1.20973293e-02 1.06697722e-01 2.39079860e-01 4.62600659e-03]
 [3.45115234e-01 3.00503828e-01 4.32212367e-01 2.35259641e-01]]
Matrix Adv:
[[4.19377879e-01 3.87484421e-01 4.90068307e-01 5.11331088e-01]
 [2.92945363e-01 2.26608234e-01 2.26029177e-01 8.75671170e-02]
 [5.32557150e-01 1.06925725e-01 2.39463322e-01 6.35326482e-02]
 [1.65132375e-58 0.00000000e+00 0.00000000e+00 0.00000000e+00]]
--------------------------------------------------
[2026-05-14 15:22:12] ERROR: 
Matrix Ego:
[[4.19377603e-01 3.87484307e-01 4.90068299e-01 9.26740856e-05]
 [2.89971275e-01 2.26562244e-01 2.25971486e-01 5.12054615e-03]
 [1.20973293e-02 1.06697722e-01 2.39079860e-01 4.62600659e-03]
 [3.45249888e-01 3.00503828e-01 4.32212367e-01 2.35259641e-01]]
Matrix Adv:
[[4.19377879e-01 3.87484421e-01 4.90068307e-01 5.11331088e-01]
 [2.92945363e-01 2.26608234e-01 2.26029177e-01 8.75671170e-02]
 [5.32557150e-01 1.06925725e-01 2.39463322e-01 6.35326482e-02]
 [1.48619137e-58 0.00000000e+00 0.00000000e+00 0.00000000e+00]]
--------------------------------------------------
[2026-05-14 15:22:12] ERROR: 
Matrix Ego:
[[4.19377603e-01 3.87484307e-01 4.90068299e-01 9.26740856e-05]
 [2.89971275e-01 2.26562244e-01 2.25971486e-01 5.12054615e-03]
 [1.20973293e-02 1.06697722e-01 2.39079860e-01 4.62600659e-03]
 [3.45249888e-01 3.00503828e-01 4.32212367e-01 2.35259641e-01]]
Matrix Adv:
[[4.19377879e-01 3.87484421e-01 4.90068307e-01 5.11331088e-01]
 [2.92945363e-01 2.26608234e-01 2.26029177e-01 8.75671170e-02]
 [5.32557150e-01 1.06925725e-01 2.39463322e-01 6.35326482e-02]
 [1.48619137e-58 0.00000000e+00 0.00000000e+00 0.00000000e+00]]
--------------------------------------------------
[2026-05-14 15:22:12] ERROR: 
Matrix Ego:
[[4.19377603e-01 3.87484307e-01 4.90068299e-01 9.26740856e-05]
 [2.89971275e-01 2.26562244e-01 2.25971486e-01 5.12054615e-03]
 [1.20973293e-02 1.06697722e-01 2.39079860e-01 4.62600659e-03]
 [3.45379033e-01 3.00503828e-01 4.32212367e-01 2.35259641e-01]]
Matrix Adv:
[[4.19377879e-01 3.87484421e-01 4.90068307e-01 5.11331088e-01]
 [2.92945363e-01 2.26608234e-01 2.26029177e-01 8.75671170e-02]
 [5.32557150e-01 1.06925725e-01 2.39463322e-01 6.35326482e-02]
 [1.33757224e-58 0.00000000e+00 0.00000000e+00 0.00000000e+00]]
--------------------------------------------------
[2026-05-14 15:22:12] ERROR: 
Matrix Ego:
[[4.19377603e-01 3.87484307e-01 4.90068299e-01 9.26740856e-05]
 [2.89971275e-01 2.26562244e-01 2.25971486e-01 5.12054615e-03]
 [1.20973293e-02 1.06697722e-01 2.39079860e-01 4.62600659e-03]
 [3.45379033e-01 3.00503828e-01 4.32212367e-01 2.35259641e-01]]
Matrix Adv:
[[4.19377879e-01 3.87484421e-01 4.90068307e-01 5.11331088e-01]
 [2.92945363e-01 2.26608234e-01 2.26029177e-01 8.75671170e-02]
 [5.32557150e-01 1.06925725e-01 2.39463322e-01 6.35326482e-02]
 [1.33757224e-58 0.00000000e+00 0.00000000e+00 0.00000000e+00]]
--------------------------------------------------
[2026-05-14 15:22:13] ERROR: 
Matrix Ego:
[[4.19377603e-01 3.87484307e-01 4.90068299e-01 9.26740856e-05]
 [2.89971275e-01 2.26562244e-01 2.25971486e-01 5.12054615e-03]
 [1.20973293e-02 1.06697722e-01 2.39079860e-01 4.62600659e-03]
 [3.45502705e-01 3.00503828e-01 4.32212367e-01 2.35259641e-01]]
Matrix Adv:
[[4.19377879e-01 3.87484421e-01 4.90068307e-01 5.11331088e-01]
 [2.92945363e-01 2.26608234e-01 2.26029177e-01 8.75671170e-02]
 [5.32557150e-01 1.06925725e-01 2.39463322e-01 6.35326482e-02]
 [1.20381501e-58 0.00000000e+00 0.00000000e+00 0.00000000e+00]]
--------------------------------------------------
[2026-05-14 15:22:13] ERROR: 
Matrix Ego:
[[4.19377603e-01 3.87484307e-01 4.90068299e-01 9.26740856e-05]
 [2.89971275e-01 2.26562244e-01 2.25971486e-01 5.12054615e-03]
 [1.20973293e-02 1.06697722e-01 2.39079860e-01 4.62600659e-03]
 [3.45502705e-01 3.00503828e-01 4.32212367e-01 2.35259641e-01]]
Matrix Adv:
[[4.19377879e-01 3.87484421e-01 4.90068307e-01 5.11331088e-01]
 [2.92945363e-01 2.26608234e-01 2.26029177e-01 8.75671170e-02]
 [5.32557150e-01 1.06925725e-01 2.39463322e-01 6.35326482e-02]
 [1.20381501e-58 0.00000000e+00 0.00000000e+00 0.00000000e+00]]
--------------------------------------------------
[2026-05-14 15:22:13] ERROR: 
Matrix Ego:
[[4.19377603e-01 3.87484307e-01 4.90068299e-01 9.26740856e-05]
 [2.89971275e-01 2.26562244e-01 2.25971486e-01 5.12054615e-03]
 [1.20973293e-02 1.06697722e-01 2.39079860e-01 4.62600659e-03]
 [3.45621007e-01 3.00503828e-01 4.32212367e-01 2.35259641e-01]]
Matrix Adv:
[[4.19377879e-01 3.87484421e-01 4.90068307e-01 5.11331088e-01]
 [2.92945363e-01 2.26608234e-01 2.26029177e-01 8.75671170e-02]
 [5.32557150e-01 1.06925725e-01 2.39463322e-01 6.35326482e-02]
 [1.08343351e-58 0.00000000e+00 0.00000000e+00 0.00000000e+00]]
--------------------------------------------------
[2026-05-14 15:22:13] ERROR: 
Matrix Ego:
[[4.19377603e-01 3.87484307e-01 4.90068299e-01 9.26740856e-05]
 [2.89971275e-01 2.26562244e-01 2.25971486e-01 5.12054615e-03]
 [1.20973293e-02 1.06697722e-01 2.39079860e-01 4.62600659e-03]
 [3.45621007e-01 3.00503828e-01 4.32212367e-01 2.35259641e-01]]
Matrix Adv:
[[4.19377879e-01 3.87484421e-01 4.90068307e-01 5.11331088e-01]
 [2.92945363e-01 2.26608234e-01 2.26029177e-01 8.75671170e-02]
 [5.32557150e-01 1.06925725e-01 2.39463322e-01 6.35326482e-02]
 [1.08343351e-58 0.00000000e+00 0.00000000e+00 0.00000000e+00]]
--------------------------------------------------
[2026-05-14 15:22:13] ERROR: 
Matrix Ego:
[[4.19377603e-01 3.87484307e-01 4.90068299e-01 9.26740856e-05]
 [2.89971275e-01 2.26562244e-01 2.25971486e-01 5.12054615e-03]
 [1.20973293e-02 1.06697722e-01 2.39079860e-01 4.62600659e-03]
 [3.45733778e-01 3.00503828e-01 4.32212367e-01 2.35259641e-01]]
Matrix Adv:
[[4.19377879e-01 3.87484421e-01 4.90068307e-01 5.11331088e-01]
 [2.92945363e-01 2.26608234e-01 2.26029177e-01 8.75671170e-02]
 [5.32557150e-01 1.06925725e-01 2.39463322e-01 6.35326482e-02]
 [9.75090160e-59 0.00000000e+00 0.00000000e+00 0.00000000e+00]]
--------------------------------------------------
[2026-05-14 15:22:13] ERROR: 
Matrix Ego:
[[4.19377603e-01 3.87484307e-01 4.90068299e-01 9.26740856e-05]
 [2.89971275e-01 2.26562244e-01 2.25971486e-01 5.12054615e-03]
 [1.20973293e-02 1.06697722e-01 2.39079860e-01 4.62600659e-03]
 [3.45733778e-01 3.00503828e-01 4.32212367e-01 2.35259641e-01]]
Matrix Adv:
[[4.19377879e-01 3.87484421e-01 4.90068307e-01 5.11331088e-01]
 [2.92945363e-01 2.26608234e-01 2.26029177e-01 8.75671170e-02]
 [5.32557150e-01 1.06925725e-01 2.39463322e-01 6.35326482e-02]
 [9.75090160e-59 0.00000000e+00 0.00000000e+00 0.00000000e+00]]
--------------------------------------------------
[2026-05-14 15:22:13] ERROR: 
Matrix Ego:
[[4.19377603e-01 3.87484307e-01 4.90068299e-01 9.26740856e-05]
 [2.89971275e-01 2.26562244e-01 2.25971486e-01 5.12054615e-03]
 [1.20973293e-02 1.06697722e-01 2.39079860e-01 4.62600659e-03]
 [3.45841257e-01 3.00503828e-01 4.32212367e-01 2.35259641e-01]]
Matrix Adv:
[[4.19377879e-01 3.87484421e-01 4.90068307e-01 5.11331088e-01]
 [2.92945363e-01 2.26608234e-01 2.26029177e-01 8.75671170e-02]
 [5.32557150e-01 1.06925725e-01 2.39463322e-01 6.35326482e-02]
 [8.77581144e-59 0.00000000e+00 0.00000000e+00 0.00000000e+00]]
--------------------------------------------------
[2026-05-14 15:22:14] ERROR: 
Matrix Ego:
[[4.19377603e-01 3.87484307e-01 4.90068299e-01 9.26740856e-05]
 [2.89971275e-01 2.26562244e-01 2.25971486e-01 5.12054615e-03]
 [1.20973293e-02 1.06697722e-01 2.39079860e-01 4.62600659e-03]
 [3.45841257e-01 3.00503828e-01 4.32212367e-01 2.35259641e-01]]
Matrix Adv:
[[4.19377879e-01 3.87484421e-01 4.90068307e-01 5.11331088e-01]
 [2.92945363e-01 2.26608234e-01 2.26029177e-01 8.75671170e-02]
 [5.32557150e-01 1.06925725e-01 2.39463322e-01 6.35326482e-02]
 [8.77581144e-59 0.00000000e+00 0.00000000e+00 0.00000000e+00]]
--------------------------------------------------
[2026-05-14 15:22:14] ERROR: 
Matrix Ego:
[[4.19377603e-01 3.87484307e-01 4.90068299e-01 9.26740856e-05]
 [2.89971275e-01 2.26562244e-01 2.25971486e-01 5.12054615e-03]
 [1.20973293e-02 1.06697722e-01 2.39079860e-01 4.62600659e-03]
 [3.45943705e-01 3.00503828e-01 4.32212367e-01 2.35259641e-01]]
Matrix Adv:
[[4.19377879e-01 3.87484421e-01 4.90068307e-01 5.11331088e-01]
 [2.92945363e-01 2.26608234e-01 2.26029177e-01 8.75671170e-02]
 [5.32557150e-01 1.06925725e-01 2.39463322e-01 6.35326482e-02]
 [7.89823030e-59 0.00000000e+00 0.00000000e+00 0.00000000e+00]]
--------------------------------------------------
[2026-05-14 15:22:14] ERROR: 
Matrix Ego:
[[4.19377603e-01 3.87484307e-01 4.90068299e-01 9.26740856e-05]
 [2.89971275e-01 2.26562244e-01 2.25971486e-01 5.12054615e-03]
 [1.20973293e-02 1.06697722e-01 2.39079860e-01 4.62600659e-03]
 [3.45943705e-01 3.00503828e-01 4.32212367e-01 2.35259641e-01]]
Matrix Adv:
[[4.19377879e-01 3.87484421e-01 4.90068307e-01 5.11331088e-01]
 [2.92945363e-01 2.26608234e-01 2.26029177e-01 8.75671170e-02]
 [5.32557150e-01 1.06925725e-01 2.39463322e-01 6.35326482e-02]
 [7.89823030e-59 0.00000000e+00 0.00000000e+00 0.00000000e+00]]
--------------------------------------------------
[2026-05-14 15:22:14] ERROR: 
Matrix Ego:
[[4.19377603e-01 3.87484307e-01 4.90068299e-01 9.26740856e-05]
 [2.89971275e-01 2.26562244e-01 2.25971486e-01 5.12054615e-03]
 [1.20973293e-02 1.06697722e-01 2.39079860e-01 4.62600659e-03]
 [3.46041398e-01 3.00503828e-01 4.32212367e-01 2.35259641e-01]]
Matrix Adv:
[[4.19377879e-01 3.87484421e-01 4.90068307e-01 5.11331088e-01]
 [2.92945363e-01 2.26608234e-01 2.26029177e-01 8.75671170e-02]
 [5.32557150e-01 1.06925725e-01 2.39463322e-01 6.35326482e-02]
 [7.10840727e-59 0.00000000e+00 0.00000000e+00 0.00000000e+00]]
--------------------------------------------------
[2026-05-14 15:22:14] ERROR: 
Matrix Ego:
[[4.19377603e-01 3.87484307e-01 4.90068299e-01 9.26740856e-05]
 [2.89971275e-01 2.26562244e-01 2.25971486e-01 5.12054615e-03]
 [1.20973293e-02 1.06697722e-01 2.39079860e-01 4.62600659e-03]
 [3.46041398e-01 3.00503828e-01 4.32212367e-01 2.35259641e-01]]
Matrix Adv:
[[4.19377879e-01 3.87484421e-01 4.90068307e-01 5.11331088e-01]
 [2.92945363e-01 2.26608234e-01 2.26029177e-01 8.75671170e-02]
 [5.32557150e-01 1.06925725e-01 2.39463322e-01 6.35326482e-02]
 [7.10840727e-59 0.00000000e+00 0.00000000e+00 0.00000000e+00]]
--------------------------------------------------
[2026-05-14 15:22:14] ERROR: 
Matrix Ego:
[[4.19377603e-01 3.87484307e-01 4.90068299e-01 9.26740856e-05]
 [2.89971275e-01 2.26562244e-01 2.25971486e-01 5.12054615e-03]
 [1.08875964e-02 1.06697722e-01 2.39079860e-01 4.62600659e-03]
 [3.46041398e-01 3.00503828e-01 4.32212367e-01 2.35259641e-01]]
Matrix Adv:
[[4.19377879e-01 3.87484421e-01 4.90068307e-01 5.11331088e-01]
 [2.92945363e-01 2.26608234e-01 2.26029177e-01 8.75671170e-02]
 [5.42105826e-01 1.06925725e-01 2.39463322e-01 6.35326482e-02]
 [7.10840727e-59 0.00000000e+00 0.00000000e+00 0.00000000e+00]]
--------------------------------------------------
[2026-05-14 15:22:14] ERROR: 
Matrix Ego:
[[4.19377603e-01 3.87484307e-01 4.90068299e-01 9.26740856e-05]
 [2.89971275e-01 2.26562244e-01 2.25971486e-01 5.12054615e-03]
 [1.08875964e-02 1.06697722e-01 2.39079860e-01 4.62600659e-03]
 [3.46041398e-01 3.00503828e-01 4.32212367e-01 2.35259641e-01]]
Matrix Adv:
[[4.19377879e-01 3.87484421e-01 4.90068307e-01 5.11331088e-01]
 [2.92945363e-01 2.26608234e-01 2.26029177e-01 8.75671170e-02]
 [5.42105826e-01 1.06925725e-01 2.39463322e-01 6.35326482e-02]
 [7.10840727e-59 0.00000000e+00 0.00000000e+00 0.00000000e+00]]
--------------------------------------------------
[2026-05-14 15:22:14] ERROR: 
Matrix Ego:
[[4.19377603e-01 3.87484307e-01 4.90068299e-01 9.26740856e-05]
 [2.89971275e-01 2.26562244e-01 2.25971486e-01 5.12054615e-03]
 [1.08875964e-02 1.06697722e-01 2.39079860e-01 4.62600659e-03]
 [3.46134611e-01 3.00503828e-01 4.32212367e-01 2.35259641e-01]]
Matrix Adv:
[[4.19377879e-01 3.87484421e-01 4.90068307e-01 5.11331088e-01]
 [2.92945363e-01 2.26608234e-01 2.26029177e-01 8.75671170e-02]
 [5.42105826e-01 1.06925725e-01 2.39463322e-01 6.35326482e-02]
 [6.39756654e-59 0.00000000e+00 0.00000000e+00 0.00000000e+00]]
--------------------------------------------------
[2026-05-14 15:22:14] ERROR: 
Matrix Ego:
[[4.19377603e-01 3.87484307e-01 4.90068299e-01 9.26740856e-05]
 [2.89971275e-01 2.26562244e-01 2.25971486e-01 5.12054615e-03]
 [1.08875964e-02 1.06697722e-01 2.39079860e-01 4.62600659e-03]
 [3.46134611e-01 3.00503828e-01 4.32212367e-01 2.35259641e-01]]
Matrix Adv:
[[4.19377879e-01 3.87484421e-01 4.90068307e-01 5.11331088e-01]
 [2.92945363e-01 2.26608234e-01 2.26029177e-01 8.75671170e-02]
 [5.42105826e-01 1.06925725e-01 2.39463322e-01 6.35326482e-02]
 [6.39756654e-59 0.00000000e+00 0.00000000e+00 0.00000000e+00]]
--------------------------------------------------
[2026-05-14 15:22:15] ERROR: 
Matrix Ego:
[[4.19377603e-01 3.87484307e-01 4.90068299e-01 9.26740856e-05]
 [2.89971275e-01 2.26562244e-01 2.25971486e-01 5.12054615e-03]
 [1.08875964e-02 1.06697722e-01 2.39079860e-01 4.62600659e-03]
 [3.46223619e-01 3.00503828e-01 4.32212367e-01 2.35259641e-01]]
Matrix Adv:
[[4.19377879e-01 3.87484421e-01 4.90068307e-01 5.11331088e-01]
 [2.92945363e-01 2.26608234e-01 2.26029177e-01 8.75671170e-02]
 [5.42105826e-01 1.06925725e-01 2.39463322e-01 6.35326482e-02]
 [5.75780989e-59 0.00000000e+00 0.00000000e+00 0.00000000e+00]]
--------------------------------------------------
[2026-05-14 15:22:15] ERROR: 
Matrix Ego:
[[4.19377603e-01 3.87484307e-01 4.90068299e-01 9.26740856e-05]
 [2.89971275e-01 2.26562244e-01 2.25971486e-01 5.12054615e-03]
 [1.08875964e-02 1.06697722e-01 2.39079860e-01 4.62600659e-03]
 [3.46223619e-01 3.00503828e-01 4.32212367e-01 2.35259641e-01]]
Matrix Adv:
[[4.19377879e-01 3.87484421e-01 4.90068307e-01 5.11331088e-01]
 [2.92945363e-01 2.26608234e-01 2.26029177e-01 8.75671170e-02]
 [5.42105826e-01 1.06925725e-01 2.39463322e-01 6.35326482e-02]
 [5.75780989e-59 0.00000000e+00 0.00000000e+00 0.00000000e+00]]
--------------------------------------------------
[2026-05-14 15:22:15] ERROR: 
Matrix Ego:
[[4.19377603e-01 3.87484307e-01 4.90068299e-01 9.26740856e-05]
 [2.89971275e-01 2.26562244e-01 2.25971486e-01 5.12054615e-03]
 [1.08875964e-02 1.06697722e-01 2.39079860e-01 4.62600659e-03]
 [3.46308691e-01 3.00503828e-01 4.32212367e-01 2.35259641e-01]]
Matrix Adv:
[[4.19377879e-01 3.87484421e-01 4.90068307e-01 5.11331088e-01]
 [2.92945363e-01 2.26608234e-01 2.26029177e-01 8.75671170e-02]
 [5.42105826e-01 1.06925725e-01 2.39463322e-01 6.35326482e-02]
 [5.18202890e-59 0.00000000e+00 0.00000000e+00 0.00000000e+00]]
--------------------------------------------------
[2026-05-14 15:22:15] ERROR: 
Matrix Ego:
[[4.19377603e-01 3.87484307e-01 4.90068299e-01 9.26740856e-05]
 [2.89971275e-01 2.26562244e-01 2.25971486e-01 5.12054615e-03]
 [1.08875964e-02 1.06697722e-01 2.39079860e-01 4.62600659e-03]
 [3.46308691e-01 3.00503828e-01 4.32212367e-01 2.35259641e-01]]
Matrix Adv:
[[4.19377879e-01 3.87484421e-01 4.90068307e-01 5.11331088e-01]
 [2.92945363e-01 2.26608234e-01 2.26029177e-01 8.75671170e-02]
 [5.42105826e-01 1.06925725e-01 2.39463322e-01 6.35326482e-02]
 [5.18202890e-59 0.00000000e+00 0.00000000e+00 0.00000000e+00]]
--------------------------------------------------
[2026-05-14 15:22:15] ERROR: 
Matrix Ego:
[[4.19377603e-01 3.87484307e-01 4.90068299e-01 9.26740856e-05]
 [2.89971275e-01 2.26562244e-01 2.25971486e-01 5.12054615e-03]
 [1.08875964e-02 1.06697722e-01 2.39079860e-01 4.62600659e-03]
 [3.46389774e-01 3.00503828e-01 4.32212367e-01 2.35259641e-01]]
Matrix Adv:
[[4.19377879e-01 3.87484421e-01 4.90068307e-01 5.11331088e-01]
 [2.92945363e-01 2.26608234e-01 2.26029177e-01 8.75671170e-02]
 [5.42105826e-01 1.06925725e-01 2.39463322e-01 6.35326482e-02]
 [4.66382601e-59 0.00000000e+00 0.00000000e+00 0.00000000e+00]]
--------------------------------------------------
[2026-05-14 15:22:15] ERROR: 
Matrix Ego:
[[4.19377603e-01 3.87484307e-01 4.90068299e-01 9.26740856e-05]
 [2.89971275e-01 2.26562244e-01 2.25971486e-01 5.12054615e-03]
 [1.08875964e-02 1.06697722e-01 2.39079860e-01 4.62600659e-03]
 [3.46389774e-01 3.00503828e-01 4.32212367e-01 2.35259641e-01]]
Matrix Adv:
[[4.19377879e-01 3.87484421e-01 4.90068307e-01 5.11331088e-01]
 [2.92945363e-01 2.26608234e-01 2.26029177e-01 8.75671170e-02]
 [5.42105826e-01 1.06925725e-01 2.39463322e-01 6.35326482e-02]
 [4.66382601e-59 0.00000000e+00 0.00000000e+00 0.00000000e+00]]
--------------------------------------------------
[2026-05-14 15:22:16] ERROR: 
Matrix Ego:
[[4.19377603e-01 3.87484307e-01 4.90068299e-01 9.26740856e-05]
 [2.89971275e-01 2.26562244e-01 2.25971486e-01 5.12054615e-03]
 [1.08875964e-02 1.06697722e-01 2.39079860e-01 4.62600659e-03]
 [3.46466612e-01 3.00503828e-01 4.32212367e-01 2.35259641e-01]]
Matrix Adv:
[[4.19377879e-01 3.87484421e-01 4.90068307e-01 5.11331088e-01]
 [2.92945363e-01 2.26608234e-01 2.26029177e-01 8.75671170e-02]
 [5.42105826e-01 1.06925725e-01 2.39463322e-01 6.35326482e-02]
 [4.19744341e-59 0.00000000e+00 0.00000000e+00 0.00000000e+00]]
--------------------------------------------------
[2026-05-14 15:22:16] ERROR: 
Matrix Ego:
[[4.19377603e-01 3.87484307e-01 4.90068299e-01 9.26740856e-05]
 [2.89971275e-01 2.26562244e-01 2.25971486e-01 5.12054615e-03]
 [1.08875964e-02 1.06697722e-01 2.39079860e-01 4.62600659e-03]
 [3.46466612e-01 3.00503828e-01 4.32212367e-01 2.35259641e-01]]
Matrix Adv:
[[4.19377879e-01 3.87484421e-01 4.90068307e-01 5.11331088e-01]
 [2.92945363e-01 2.26608234e-01 2.26029177e-01 8.75671170e-02]
 [5.42105826e-01 1.06925725e-01 2.39463322e-01 6.35326482e-02]
 [4.19744341e-59 0.00000000e+00 0.00000000e+00 0.00000000e+00]]
--------------------------------------------------
[2026-05-14 15:22:16] ERROR: 
Matrix Ego:
[[4.19377603e-01 3.87484307e-01 4.90068299e-01 9.26740856e-05]
 [2.89971275e-01 2.26562244e-01 2.25971486e-01 5.12054615e-03]
 [1.08875964e-02 1.06697722e-01 2.39079860e-01 4.62600659e-03]
 [3.46535767e-01 3.00503828e-01 4.32212367e-01 2.35259641e-01]]
Matrix Adv:
[[4.19377879e-01 3.87484421e-01 4.90068307e-01 5.11331088e-01]
 [2.92945363e-01 2.26608234e-01 2.26029177e-01 8.75671170e-02]
 [5.42105826e-01 1.06925725e-01 2.39463322e-01 6.35326482e-02]
 [3.77769907e-59 0.00000000e+00 0.00000000e+00 0.00000000e+00]]
--------------------------------------------------
[2026-05-14 15:22:16] ERROR: 
Matrix Ego:
[[4.19377603e-01 3.87484307e-01 4.90068299e-01 9.26740856e-05]
 [2.89971275e-01 2.26562244e-01 2.25971486e-01 5.12054615e-03]
 [1.08875964e-02 1.06697722e-01 2.39079860e-01 4.62600659e-03]
 [3.46535767e-01 3.00503828e-01 4.32212367e-01 2.35259641e-01]]
Matrix Adv:
[[4.19377879e-01 3.87484421e-01 4.90068307e-01 5.11331088e-01]
 [2.92945363e-01 2.26608234e-01 2.26029177e-01 8.75671170e-02]
 [5.42105826e-01 1.06925725e-01 2.39463322e-01 6.35326482e-02]
 [3.77769907e-59 0.00000000e+00 0.00000000e+00 0.00000000e+00]]
--------------------------------------------------
[2026-05-14 15:22:16] ERROR: 
Matrix Ego:
[[4.19377603e-01 3.87484307e-01 4.90068299e-01 9.26740856e-05]
 [2.89971275e-01 2.26562244e-01 2.25971486e-01 5.12054615e-03]
 [1.08875964e-02 1.06697722e-01 2.39079860e-01 4.62600659e-03]
 [3.46601115e-01 3.00503828e-01 4.32212367e-01 2.35259641e-01]]
Matrix Adv:
[[4.19377879e-01 3.87484421e-01 4.90068307e-01 5.11331088e-01]
 [2.92945363e-01 2.26608234e-01 2.26029177e-01 8.75671170e-02]
 [5.42105826e-01 1.06925725e-01 2.39463322e-01 6.35326482e-02]
 [3.39992916e-59 0.00000000e+00 0.00000000e+00 0.00000000e+00]]
--------------------------------------------------
[2026-05-14 15:22:16] ERROR: 
Matrix Ego:
[[4.19377603e-01 3.87484307e-01 4.90068299e-01 9.26740856e-05]
 [2.89971275e-01 2.26562244e-01 2.25971486e-01 5.12054615e-03]
 [1.08875964e-02 1.06697722e-01 2.39079860e-01 4.62600659e-03]
 [3.46601115e-01 3.00503828e-01 4.32212367e-01 2.35259641e-01]]
Matrix Adv:
[[4.19377879e-01 3.87484421e-01 4.90068307e-01 5.11331088e-01]
 [2.92945363e-01 2.26608234e-01 2.26029177e-01 8.75671170e-02]
 [5.42105826e-01 1.06925725e-01 2.39463322e-01 6.35326482e-02]
 [3.39992916e-59 0.00000000e+00 0.00000000e+00 0.00000000e+00]]
--------------------------------------------------
[2026-05-14 15:22:16] ERROR: 
Matrix Ego:
[[4.19377603e-01 3.87484307e-01 4.90068299e-01 9.26740856e-05]
 [2.89971275e-01 2.26562244e-01 2.25971486e-01 5.12054615e-03]
 [1.08875964e-02 1.06697722e-01 2.39079860e-01 4.41470784e-03]
 [3.46601115e-01 3.00503828e-01 4.32212367e-01 2.35259641e-01]]
Matrix Adv:
[[4.19377879e-01 3.87484421e-01 4.90068307e-01 5.11331088e-01]
 [2.92945363e-01 2.26608234e-01 2.26029177e-01 8.75671170e-02]
 [5.42105826e-01 1.06925725e-01 2.39463322e-01 6.59568967e-02]
 [3.39992916e-59 0.00000000e+00 0.00000000e+00 0.00000000e+00]]
--------------------------------------------------
[2026-05-14 15:22:16] ERROR: 
Matrix Ego:
[[4.19377603e-01 3.87484307e-01 4.90068299e-01 9.26740856e-05]
 [2.89971275e-01 2.26562244e-01 2.25971486e-01 5.12054615e-03]
 [1.08875964e-02 1.06697722e-01 2.39079860e-01 4.41470784e-03]
 [3.46601115e-01 3.00503828e-01 4.32212367e-01 2.35259641e-01]]
Matrix Adv:
[[4.19377879e-01 3.87484421e-01 4.90068307e-01 5.11331088e-01]
 [2.92945363e-01 2.26608234e-01 2.26029177e-01 8.75671170e-02]
 [5.42105826e-01 1.06925725e-01 2.39463322e-01 6.59568967e-02]
 [3.39992916e-59 0.00000000e+00 0.00000000e+00 0.00000000e+00]]
--------------------------------------------------
[2026-05-14 15:22:16] ERROR: 
Matrix Ego:
[[4.19377603e-01 3.87484307e-01 4.90068299e-01 9.26740856e-05]
 [2.89971275e-01 2.26562244e-01 2.25971486e-01 5.12054615e-03]
 [1.08875964e-02 1.06697722e-01 2.39079860e-01 4.41470784e-03]
 [3.46662133e-01 3.00503828e-01 4.32212367e-01 2.35259641e-01]]
Matrix Adv:
[[4.19377879e-01 3.87484421e-01 4.90068307e-01 5.11331088e-01]
 [2.92945363e-01 2.26608234e-01 2.26029177e-01 8.75671170e-02]
 [5.42105826e-01 1.06925725e-01 2.39463322e-01 6.59568967e-02]
 [3.05993624e-59 0.00000000e+00 0.00000000e+00 0.00000000e+00]]
--------------------------------------------------
[2026-05-14 15:22:16] ERROR: 
Matrix Ego:
[[4.19377603e-01 3.87484307e-01 4.90068299e-01 9.26740856e-05]
 [2.89971275e-01 2.26562244e-01 2.25971486e-01 5.12054615e-03]
 [1.08875964e-02 1.06697722e-01 2.39079860e-01 4.41470784e-03]
 [3.46662133e-01 3.00503828e-01 4.32212367e-01 2.35259641e-01]]
Matrix Adv:
[[4.19377879e-01 3.87484421e-01 4.90068307e-01 5.11331088e-01]
 [2.92945363e-01 2.26608234e-01 2.26029177e-01 8.75671170e-02]
 [5.42105826e-01 1.06925725e-01 2.39463322e-01 6.59568967e-02]
 [3.05993624e-59 0.00000000e+00 0.00000000e+00 0.00000000e+00]]
--------------------------------------------------
[2026-05-14 15:22:17] ERROR: 
Matrix Ego:
[[4.19377603e-01 3.87484307e-01 4.90068299e-01 9.26740856e-05]
 [2.89971275e-01 2.26562244e-01 2.25971486e-01 5.12054615e-03]
 [1.08875964e-02 1.06697722e-01 2.39079860e-01 4.41470784e-03]
 [3.46718499e-01 3.00503828e-01 4.32212367e-01 2.35259641e-01]]
Matrix Adv:
[[4.19377879e-01 3.87484421e-01 4.90068307e-01 5.11331088e-01]
 [2.92945363e-01 2.26608234e-01 2.26029177e-01 8.75671170e-02]
 [5.42105826e-01 1.06925725e-01 2.39463322e-01 6.59568967e-02]
 [2.75394262e-59 0.00000000e+00 0.00000000e+00 0.00000000e+00]]
--------------------------------------------------
[2026-05-14 15:22:17] ERROR: 
Matrix Ego:
[[4.19377603e-01 3.87484307e-01 4.90068299e-01 9.26740856e-05]
 [2.89971275e-01 2.26562244e-01 2.25971486e-01 5.12054615e-03]
 [1.08875964e-02 1.06697722e-01 2.39079860e-01 4.41470784e-03]
 [3.46718499e-01 3.00503828e-01 4.32212367e-01 2.35259641e-01]]
Matrix Adv:
[[4.19377879e-01 3.87484421e-01 4.90068307e-01 5.11331088e-01]
 [2.92945363e-01 2.26608234e-01 2.26029177e-01 8.75671170e-02]
 [5.42105826e-01 1.06925725e-01 2.39463322e-01 6.59568967e-02]
 [2.75394262e-59 0.00000000e+00 0.00000000e+00 0.00000000e+00]]
--------------------------------------------------
[2026-05-14 15:22:17] ERROR: 
Matrix Ego:
[[4.19377603e-01 3.87484307e-01 4.90068299e-01 9.26740856e-05]
 [2.89971275e-01 2.26562244e-01 2.25971486e-01 5.12054615e-03]
 [1.08875964e-02 1.06697722e-01 2.39079860e-01 4.41470784e-03]
 [3.46769229e-01 3.00503828e-01 4.32212367e-01 2.35259641e-01]]
Matrix Adv:
[[4.19377879e-01 3.87484421e-01 4.90068307e-01 5.11331088e-01]
 [2.92945363e-01 2.26608234e-01 2.26029177e-01 8.75671170e-02]
 [5.42105826e-01 1.06925725e-01 2.39463322e-01 6.59568967e-02]
 [2.47854836e-59 0.00000000e+00 0.00000000e+00 0.00000000e+00]]
--------------------------------------------------
[2026-05-14 15:22:17] ERROR: 
Matrix Ego:
[[4.19377603e-01 3.87484307e-01 4.90068299e-01 9.26740856e-05]
 [2.89971275e-01 2.26562244e-01 2.25971486e-01 5.12054615e-03]
 [1.08875964e-02 1.06697722e-01 2.39079860e-01 4.41470784e-03]
 [3.46769229e-01 3.00503828e-01 4.32212367e-01 2.35259641e-01]]
Matrix Adv:
[[4.19377879e-01 3.87484421e-01 4.90068307e-01 5.11331088e-01]
 [2.92945363e-01 2.26608234e-01 2.26029177e-01 8.75671170e-02]
 [5.42105826e-01 1.06925725e-01 2.39463322e-01 6.59568967e-02]
 [2.47854836e-59 0.00000000e+00 0.00000000e+00 0.00000000e+00]]
--------------------------------------------------
[2026-05-14 15:22:17] ERROR: 
Matrix Ego:
[[4.19377603e-01 3.87484307e-01 4.90068299e-01 9.26740856e-05]
 [2.89971275e-01 2.26562244e-01 2.25971486e-01 5.12054615e-03]
 [1.08875964e-02 1.06697722e-01 2.39079860e-01 4.41470784e-03]
 [3.46815627e-01 3.00503828e-01 4.32212367e-01 2.35259641e-01]]
Matrix Adv:
[[4.19377879e-01 3.87484421e-01 4.90068307e-01 5.11331088e-01]
 [2.92945363e-01 2.26608234e-01 2.26029177e-01 8.75671170e-02]
 [5.42105826e-01 1.06925725e-01 2.39463322e-01 6.59568967e-02]
 [2.23069352e-59 0.00000000e+00 0.00000000e+00 0.00000000e+00]]
--------------------------------------------------
[2026-05-14 15:22:17] ERROR: 
Matrix Ego:
[[4.19377603e-01 3.87484307e-01 4.90068299e-01 9.26740856e-05]
 [2.89971275e-01 2.26562244e-01 2.25971486e-01 5.12054615e-03]
 [1.08875964e-02 1.06697722e-01 2.39079860e-01 4.41470784e-03]
 [3.46815627e-01 3.00503828e-01 4.32212367e-01 2.35259641e-01]]
Matrix Adv:
[[4.19377879e-01 3.87484421e-01 4.90068307e-01 5.11331088e-01]
 [2.92945363e-01 2.26608234e-01 2.26029177e-01 8.75671170e-02]
 [5.42105826e-01 1.06925725e-01 2.39463322e-01 6.59568967e-02]
 [2.23069352e-59 0.00000000e+00 0.00000000e+00 0.00000000e+00]]
--------------------------------------------------
[2026-05-14 15:22:17] ERROR: 
Matrix Ego:
[[4.19377603e-01 3.87484307e-01 4.90068299e-01 9.26740856e-05]
 [2.89971275e-01 2.26562244e-01 2.25971486e-01 5.12054615e-03]
 [1.08875964e-02 1.06697722e-01 2.39079860e-01 4.41470784e-03]
 [3.46857518e-01 3.00503828e-01 4.32212367e-01 2.35259641e-01]]
Matrix Adv:
[[4.19377879e-01 3.87484421e-01 4.90068307e-01 5.11331088e-01]
 [2.92945363e-01 2.26608234e-01 2.26029177e-01 8.75671170e-02]
 [5.42105826e-01 1.06925725e-01 2.39463322e-01 6.59568967e-02]
 [2.00762417e-59 0.00000000e+00 0.00000000e+00 0.00000000e+00]]
--------------------------------------------------
[2026-05-14 15:22:17] ERROR: 
Matrix Ego:
[[4.19377603e-01 3.87484307e-01 4.90068299e-01 9.26740856e-05]
 [2.89971275e-01 2.26562244e-01 2.25971486e-01 5.12054615e-03]
 [1.08875964e-02 1.06697722e-01 2.39079860e-01 4.41470784e-03]
 [3.46857518e-01 3.00503828e-01 4.32212367e-01 2.35259641e-01]]
Matrix Adv:
[[4.19377879e-01 3.87484421e-01 4.90068307e-01 5.11331088e-01]
 [2.92945363e-01 2.26608234e-01 2.26029177e-01 8.75671170e-02]
 [5.42105826e-01 1.06925725e-01 2.39463322e-01 6.59568967e-02]
 [2.00762417e-59 0.00000000e+00 0.00000000e+00 0.00000000e+00]]
--------------------------------------------------
[2026-05-14 15:22:17] ERROR: 
Matrix Ego:
[[4.19377603e-01 3.87484307e-01 4.90068299e-01 9.26740856e-05]
 [2.89971275e-01 2.26562244e-01 2.25971486e-01 5.12054615e-03]
 [1.08875964e-02 1.06697722e-01 2.39079860e-01 4.41470784e-03]
 [3.46894856e-01 3.00503828e-01 4.32212367e-01 2.35259641e-01]]
Matrix Adv:
[[4.19377879e-01 3.87484421e-01 4.90068307e-01 5.11331088e-01]
 [2.92945363e-01 2.26608234e-01 2.26029177e-01 8.75671170e-02]
 [5.42105826e-01 1.06925725e-01 2.39463322e-01 6.59568967e-02]
 [1.80686175e-59 0.00000000e+00 0.00000000e+00 0.00000000e+00]]
--------------------------------------------------
[2026-05-14 15:22:17] ERROR: 
Matrix Ego:
[[4.19377603e-01 3.87484307e-01 4.90068299e-01 9.26740856e-05]
 [2.89971275e-01 2.26562244e-01 2.25971486e-01 5.12054615e-03]
 [1.08875964e-02 1.06697722e-01 2.39079860e-01 4.41470784e-03]
 [3.46894856e-01 3.00503828e-01 4.32212367e-01 2.35259641e-01]]
Matrix Adv:
[[4.19377879e-01 3.87484421e-01 4.90068307e-01 5.11331088e-01]
 [2.92945363e-01 2.26608234e-01 2.26029177e-01 8.75671170e-02]
 [5.42105826e-01 1.06925725e-01 2.39463322e-01 6.59568967e-02]
 [1.80686175e-59 0.00000000e+00 0.00000000e+00 0.00000000e+00]]
--------------------------------------------------
[2026-05-14 15:22:18] ERROR: 
Matrix Ego:
[[4.19377603e-01 3.87484307e-01 4.90068299e-01 9.26740856e-05]
 [2.89971275e-01 2.26562244e-01 2.25971486e-01 5.12054615e-03]
 [1.08875964e-02 1.06697722e-01 2.39079860e-01 4.41470784e-03]
 [3.46927713e-01 3.00503828e-01 4.32212367e-01 2.35259641e-01]]
Matrix Adv:
[[4.19377879e-01 3.87484421e-01 4.90068307e-01 5.11331088e-01]
 [2.92945363e-01 2.26608234e-01 2.26029177e-01 8.75671170e-02]
 [5.42105826e-01 1.06925725e-01 2.39463322e-01 6.59568967e-02]
 [1.62617558e-59 0.00000000e+00 0.00000000e+00 0.00000000e+00]]
--------------------------------------------------
[2026-05-14 15:22:18] ERROR: 
Matrix Ego:
[[4.19377603e-01 3.87484307e-01 4.90068299e-01 9.26740856e-05]
 [2.89971275e-01 2.26562244e-01 2.25971486e-01 5.12054615e-03]
 [1.08875964e-02 1.06697722e-01 2.39079860e-01 4.41470784e-03]
 [3.46927713e-01 3.00503828e-01 4.32212367e-01 2.35259641e-01]]
Matrix Adv:
[[4.19377879e-01 3.87484421e-01 4.90068307e-01 5.11331088e-01]
 [2.92945363e-01 2.26608234e-01 2.26029177e-01 8.75671170e-02]
 [5.42105826e-01 1.06925725e-01 2.39463322e-01 6.59568967e-02]
 [1.62617558e-59 0.00000000e+00 0.00000000e+00 0.00000000e+00]]
--------------------------------------------------
[2026-05-14 15:22:18] ERROR: 
Matrix Ego:
[[4.19377603e-01 3.87484307e-01 4.90068299e-01 9.26740856e-05]
 [2.89971275e-01 2.26562244e-01 2.25971486e-01 5.12054615e-03]
 [1.08875964e-02 1.06697722e-01 2.39079860e-01 4.41470784e-03]
 [3.46956265e-01 3.00503828e-01 4.32212367e-01 2.35259641e-01]]
Matrix Adv:
[[4.19377879e-01 3.87484421e-01 4.90068307e-01 5.11331088e-01]
 [2.92945363e-01 2.26608234e-01 2.26029177e-01 8.75671170e-02]
 [5.42105826e-01 1.06925725e-01 2.39463322e-01 6.59568967e-02]
 [1.46355802e-59 0.00000000e+00 0.00000000e+00 0.00000000e+00]]
--------------------------------------------------
[2026-05-14 15:22:18] ERROR: 
Matrix Ego:
[[4.19377603e-01 3.87484307e-01 4.90068299e-01 9.26740856e-05]
 [2.89971275e-01 2.26562244e-01 2.25971486e-01 5.12054615e-03]
 [1.08875964e-02 1.06697722e-01 2.39079860e-01 4.41470784e-03]
 [3.46956265e-01 3.00503828e-01 4.32212367e-01 2.35259641e-01]]
Matrix Adv:
[[4.19377879e-01 3.87484421e-01 4.90068307e-01 5.11331088e-01]
 [2.92945363e-01 2.26608234e-01 2.26029177e-01 8.75671170e-02]
 [5.42105826e-01 1.06925725e-01 2.39463322e-01 6.59568967e-02]
 [1.46355802e-59 0.00000000e+00 0.00000000e+00 0.00000000e+00]]
--------------------------------------------------
[2026-05-14 15:22:18] ERROR: 
Matrix Ego:
[[4.19377603e-01 3.87484307e-01 4.90068299e-01 9.26740856e-05]
 [2.89971275e-01 2.26562244e-01 2.25971486e-01 5.12054615e-03]
 [1.08875964e-02 1.06697722e-01 2.39079860e-01 4.41470784e-03]
 [3.46980761e-01 3.00503828e-01 4.32212367e-01 2.35259641e-01]]
Matrix Adv:
[[4.19377879e-01 3.87484421e-01 4.90068307e-01 5.11331088e-01]
 [2.92945363e-01 2.26608234e-01 2.26029177e-01 8.75671170e-02]
 [5.42105826e-01 1.06925725e-01 2.39463322e-01 6.59568967e-02]
 [1.31720222e-59 0.00000000e+00 0.00000000e+00 0.00000000e+00]]
--------------------------------------------------
[2026-05-14 15:22:18] ERROR: 
Matrix Ego:
[[4.19377603e-01 3.87484307e-01 4.90068299e-01 9.26740856e-05]
 [2.89971275e-01 2.26562244e-01 2.25971486e-01 5.12054615e-03]
 [1.08875964e-02 1.06697722e-01 2.39079860e-01 4.41470784e-03]
 [3.46980761e-01 3.00503828e-01 4.32212367e-01 2.35259641e-01]]
Matrix Adv:
[[4.19377879e-01 3.87484421e-01 4.90068307e-01 5.11331088e-01]
 [2.92945363e-01 2.26608234e-01 2.26029177e-01 8.75671170e-02]
 [5.42105826e-01 1.06925725e-01 2.39463322e-01 6.59568967e-02]
 [1.31720222e-59 0.00000000e+00 0.00000000e+00 0.00000000e+00]]
--------------------------------------------------
[2026-05-14 15:22:19] ERROR: 
Matrix Ego:
[[4.19377603e-01 3.87484307e-01 4.90068299e-01 9.26740856e-05]
 [2.89971275e-01 2.26562244e-01 2.25971486e-01 5.12054615e-03]
 [1.08875964e-02 1.06697722e-01 2.39079860e-01 4.41470784e-03]
 [3.47001727e-01 3.00503828e-01 4.32212367e-01 2.35259641e-01]]
Matrix Adv:
[[4.19377879e-01 3.87484421e-01 4.90068307e-01 5.11331088e-01]
 [2.92945363e-01 2.26608234e-01 2.26029177e-01 8.75671170e-02]
 [5.42105826e-01 1.06925725e-01 2.39463322e-01 6.59568967e-02]
 [1.18548200e-59 0.00000000e+00 0.00000000e+00 0.00000000e+00]]
--------------------------------------------------
[2026-05-14 15:22:19] ERROR: 
Matrix Ego:
[[4.19377603e-01 3.87484307e-01 4.90068299e-01 9.26740856e-05]
 [2.89971275e-01 2.26562244e-01 2.25971486e-01 5.12054615e-03]
 [1.08875964e-02 1.06697722e-01 2.39079860e-01 4.41470784e-03]
 [3.47001727e-01 3.00503828e-01 4.32212367e-01 2.35259641e-01]]
Matrix Adv:
[[4.19377879e-01 3.87484421e-01 4.90068307e-01 5.11331088e-01]
 [2.92945363e-01 2.26608234e-01 2.26029177e-01 8.75671170e-02]
 [5.42105826e-01 1.06925725e-01 2.39463322e-01 6.59568967e-02]
 [1.18548200e-59 0.00000000e+00 0.00000000e+00 0.00000000e+00]]
--------------------------------------------------
[2026-05-14 15:22:19] ERROR: 
Matrix Ego:
[[4.19377603e-01 3.87484307e-01 4.90068299e-01 9.26740856e-05]
 [2.89971275e-01 2.26562244e-01 2.25971486e-01 5.12054615e-03]
 [1.08875964e-02 1.06697722e-01 2.39079860e-01 4.41470784e-03]
 [3.47019409e-01 3.00503828e-01 4.32212367e-01 2.35259641e-01]]
Matrix Adv:
[[4.19377879e-01 3.87484421e-01 4.90068307e-01 5.11331088e-01]
 [2.92945363e-01 2.26608234e-01 2.26029177e-01 8.75671170e-02]
 [5.42105826e-01 1.06925725e-01 2.39463322e-01 6.59568967e-02]
 [1.06693380e-59 0.00000000e+00 0.00000000e+00 0.00000000e+00]]
--------------------------------------------------
[2026-05-14 15:22:19] ERROR: 
Matrix Ego:
[[4.19377603e-01 3.87484307e-01 4.90068299e-01 9.26740856e-05]
 [2.89971275e-01 2.26562244e-01 2.25971486e-01 5.12054615e-03]
 [1.08875964e-02 1.06697722e-01 2.39079860e-01 4.41470784e-03]
 [3.47019409e-01 3.00503828e-01 4.32212367e-01 2.35259641e-01]]
Matrix Adv:
[[4.19377879e-01 3.87484421e-01 4.90068307e-01 5.11331088e-01]
 [2.92945363e-01 2.26608234e-01 2.26029177e-01 8.75671170e-02]
 [5.42105826e-01 1.06925725e-01 2.39463322e-01 6.59568967e-02]
 [1.06693380e-59 0.00000000e+00 0.00000000e+00 0.00000000e+00]]
--------------------------------------------------
[2026-05-14 15:22:19] ERROR: 
Matrix Ego:
[[4.19377603e-01 3.87484307e-01 4.90068299e-01 9.26740856e-05]
 [2.89971275e-01 2.26562244e-01 2.25971486e-01 5.12054615e-03]
 [1.08875964e-02 1.06697722e-01 2.39079860e-01 4.41470784e-03]
 [3.47034123e-01 3.00503828e-01 4.32212367e-01 2.35259641e-01]]
Matrix Adv:
[[4.19377879e-01 3.87484421e-01 4.90068307e-01 5.11331088e-01]
 [2.92945363e-01 2.26608234e-01 2.26029177e-01 8.75671170e-02]
 [5.42105826e-01 1.06925725e-01 2.39463322e-01 6.59568967e-02]
 [9.60240417e-60 0.00000000e+00 0.00000000e+00 0.00000000e+00]]
--------------------------------------------------
[2026-05-14 15:22:19] ERROR: 
Matrix Ego:
[[4.19377603e-01 3.87484307e-01 4.90068299e-01 9.26740856e-05]
 [2.89971275e-01 2.26562244e-01 2.25971486e-01 5.12054615e-03]
 [1.08875964e-02 1.06697722e-01 2.39079860e-01 4.41470784e-03]
 [3.47034123e-01 3.00503828e-01 4.32212367e-01 2.35259641e-01]]
Matrix Adv:
[[4.19377879e-01 3.87484421e-01 4.90068307e-01 5.11331088e-01]
 [2.92945363e-01 2.26608234e-01 2.26029177e-01 8.75671170e-02]
 [5.42105826e-01 1.06925725e-01 2.39463322e-01 6.59568967e-02]
 [9.60240417e-60 0.00000000e+00 0.00000000e+00 0.00000000e+00]]
--------------------------------------------------
[2026-05-14 15:22:19] ERROR: 
Matrix Ego:
[[4.19377603e-01 3.87484307e-01 4.90068299e-01 9.26740856e-05]
 [2.89971275e-01 2.26562244e-01 2.25971486e-01 5.12054615e-03]
 [1.08875964e-02 1.06697722e-01 2.39079860e-01 4.41470784e-03]
 [3.47046286e-01 3.00503828e-01 4.32212367e-01 2.35259641e-01]]
Matrix Adv:
[[4.19377879e-01 3.87484421e-01 4.90068307e-01 5.11331088e-01]
 [2.92945363e-01 2.26608234e-01 2.26029177e-01 8.75671170e-02]
 [5.42105826e-01 1.06925725e-01 2.39463322e-01 6.59568967e-02]
 [8.64216375e-60 0.00000000e+00 0.00000000e+00 0.00000000e+00]]
--------------------------------------------------
[2026-05-14 15:22:19] ERROR: 
Matrix Ego:
[[4.19377603e-01 3.87484307e-01 4.90068299e-01 9.26740856e-05]
 [2.89971275e-01 2.26562244e-01 2.25971486e-01 5.12054615e-03]
 [1.08875964e-02 1.06697722e-01 2.39079860e-01 4.41470784e-03]
 [3.47046286e-01 3.00503828e-01 4.32212367e-01 2.35259641e-01]]
Matrix Adv:
[[4.19377879e-01 3.87484421e-01 4.90068307e-01 5.11331088e-01]
 [2.92945363e-01 2.26608234e-01 2.26029177e-01 8.75671170e-02]
 [5.42105826e-01 1.06925725e-01 2.39463322e-01 6.59568967e-02]
 [8.64216375e-60 0.00000000e+00 0.00000000e+00 0.00000000e+00]]
--------------------------------------------------
[2026-05-14 15:22:20] ERROR: 
Matrix Ego:
[[4.19377603e-01 3.87484307e-01 4.90068299e-01 9.26740856e-05]
 [2.89971275e-01 2.26562244e-01 2.25971486e-01 5.12054615e-03]
 [1.08875964e-02 1.06697722e-01 2.41866007e-01 4.41470784e-03]
 [3.47046286e-01 3.00503828e-01 4.32212367e-01 2.35259641e-01]]
Matrix Adv:
[[4.19377879e-01 3.87484421e-01 4.90068307e-01 5.11331088e-01]
 [2.92945363e-01 2.26608234e-01 2.26029177e-01 8.75671170e-02]
 [5.42105826e-01 1.06925725e-01 2.42249054e-01 6.59568967e-02]
 [8.64216375e-60 0.00000000e+00 0.00000000e+00 0.00000000e+00]]
--------------------------------------------------
[2026-05-14 15:22:20] ERROR: 
Matrix Ego:
[[4.19377603e-01 3.87484307e-01 4.90068299e-01 9.26740856e-05]
 [2.89971275e-01 2.26562244e-01 2.25971486e-01 5.12054615e-03]
 [1.08875964e-02 1.06697722e-01 2.41866007e-01 4.41470784e-03]
 [3.47046286e-01 3.00503828e-01 4.32212367e-01 2.35259641e-01]]
Matrix Adv:
[[4.19377879e-01 3.87484421e-01 4.90068307e-01 5.11331088e-01]
 [2.92945363e-01 2.26608234e-01 2.26029177e-01 8.75671170e-02]
 [5.42105826e-01 1.06925725e-01 2.42249054e-01 6.59568967e-02]
 [8.64216375e-60 0.00000000e+00 0.00000000e+00 0.00000000e+00]]
--------------------------------------------------
[2026-05-14 15:22:20] ERROR: 
Matrix Ego:
[[4.19377603e-01 3.87484307e-01 4.90068299e-01 9.26740856e-05]
 [2.89971275e-01 2.26562244e-01 2.25971486e-01 5.12054615e-03]
 [1.08875964e-02 1.06697722e-01 2.41866007e-01 4.41470784e-03]
 [3.47056201e-01 3.00503828e-01 4.32212367e-01 2.35259641e-01]]
Matrix Adv:
[[4.19377879e-01 3.87484421e-01 4.90068307e-01 5.11331088e-01]
 [2.92945363e-01 2.26608234e-01 2.26029177e-01 8.75671170e-02]
 [5.42105826e-01 1.06925725e-01 2.42249054e-01 6.59568967e-02]
 [7.77794737e-60 0.00000000e+00 0.00000000e+00 0.00000000e+00]]
--------------------------------------------------
[2026-05-14 15:22:20] ERROR: 
Matrix Ego:
[[4.19377603e-01 3.87484307e-01 4.90068299e-01 9.26740856e-05]
 [2.89971275e-01 2.26562244e-01 2.25971486e-01 5.12054615e-03]
 [1.08875964e-02 1.06697722e-01 2.41866007e-01 4.41470784e-03]
 [3.47056201e-01 3.00503828e-01 4.32212367e-01 2.35259641e-01]]
Matrix Adv:
[[4.19377879e-01 3.87484421e-01 4.90068307e-01 5.11331088e-01]
 [2.92945363e-01 2.26608234e-01 2.26029177e-01 8.75671170e-02]
 [5.42105826e-01 1.06925725e-01 2.42249054e-01 6.59568967e-02]
 [7.77794737e-60 0.00000000e+00 0.00000000e+00 0.00000000e+00]]
--------------------------------------------------
[2026-05-14 15:22:20] ERROR: 
Matrix Ego:
[[4.19377603e-01 3.87484307e-01 4.90068299e-01 9.26740856e-05]
 [2.89971275e-01 2.26562244e-01 2.25971486e-01 5.12054615e-03]
 [1.08875964e-02 1.06697722e-01 2.41866007e-01 4.41470784e-03]
 [3.47065124e-01 3.00503828e-01 4.32212367e-01 2.35259641e-01]]
Matrix Adv:
[[4.19377879e-01 3.87484421e-01 4.90068307e-01 5.11331088e-01]
 [2.92945363e-01 2.26608234e-01 2.26029177e-01 8.75671170e-02]
 [5.42105826e-01 1.06925725e-01 2.42249054e-01 6.59568967e-02]
 [7.00015264e-60 0.00000000e+00 0.00000000e+00 0.00000000e+00]]
--------------------------------------------------
[2026-05-14 15:22:20] ERROR: 
Matrix Ego:
[[4.19377603e-01 3.87484307e-01 4.90068299e-01 9.26740856e-05]
 [2.89971275e-01 2.26562244e-01 2.25971486e-01 5.12054615e-03]
 [1.08875964e-02 1.06697722e-01 2.41866007e-01 4.41470784e-03]
 [3.47065124e-01 3.00503828e-01 4.32212367e-01 2.35259641e-01]]
Matrix Adv:
[[4.19377879e-01 3.87484421e-01 4.90068307e-01 5.11331088e-01]
 [2.92945363e-01 2.26608234e-01 2.26029177e-01 8.75671170e-02]
 [5.42105826e-01 1.06925725e-01 2.42249054e-01 6.59568967e-02]
 [7.00015264e-60 0.00000000e+00 0.00000000e+00 0.00000000e+00]]
--------------------------------------------------
[2026-05-14 15:22:20] ERROR: 
Matrix Ego:
[[4.19377603e-01 3.87484307e-01 4.90068299e-01 9.26740856e-05]
 [2.89971275e-01 2.26562244e-01 2.25971486e-01 5.12054615e-03]
 [1.08875964e-02 1.06697722e-01 2.41866007e-01 4.41470784e-03]
 [3.47073154e-01 3.00503828e-01 4.32212367e-01 2.35259641e-01]]
Matrix Adv:
[[4.19377879e-01 3.87484421e-01 4.90068307e-01 5.11331088e-01]
 [2.92945363e-01 2.26608234e-01 2.26029177e-01 8.75671170e-02]
 [5.42105826e-01 1.06925725e-01 2.42249054e-01 6.59568967e-02]
 [6.30013737e-60 0.00000000e+00 0.00000000e+00 0.00000000e+00]]
--------------------------------------------------
[2026-05-14 15:22:20] ERROR: 
Matrix Ego:
[[4.19377603e-01 3.87484307e-01 4.90068299e-01 9.26740856e-05]
 [2.89971275e-01 2.26562244e-01 2.25971486e-01 5.12054615e-03]
 [1.08875964e-02 1.06697722e-01 2.41866007e-01 4.41470784e-03]
 [3.47073154e-01 3.00503828e-01 4.32212367e-01 2.35259641e-01]]
Matrix Adv:
[[4.19377879e-01 3.87484421e-01 4.90068307e-01 5.11331088e-01]
 [2.92945363e-01 2.26608234e-01 2.26029177e-01 8.75671170e-02]
 [5.42105826e-01 1.06925725e-01 2.42249054e-01 6.59568967e-02]
 [6.30013737e-60 0.00000000e+00 0.00000000e+00 0.00000000e+00]]
--------------------------------------------------
[2026-05-14 15:22:20] ERROR: 
Matrix Ego:
[[4.19377603e-01 3.87484307e-01 4.90068299e-01 9.26740856e-05]
 [2.89971275e-01 2.26562244e-01 2.25971486e-01 5.12054615e-03]
 [1.08875964e-02 1.06697722e-01 2.41866007e-01 4.41470784e-03]
 [3.47080382e-01 3.00503828e-01 4.32212367e-01 2.35259641e-01]]
Matrix Adv:
[[4.19377879e-01 3.87484421e-01 4.90068307e-01 5.11331088e-01]
 [2.92945363e-01 2.26608234e-01 2.26029177e-01 8.75671170e-02]
 [5.42105826e-01 1.06925725e-01 2.42249054e-01 6.59568967e-02]
 [5.67012364e-60 0.00000000e+00 0.00000000e+00 0.00000000e+00]]
--------------------------------------------------
[2026-05-14 15:22:20] ERROR: 
Matrix Ego:
[[4.19377603e-01 3.87484307e-01 4.90068299e-01 9.26740856e-05]
 [2.89971275e-01 2.26562244e-01 2.25971486e-01 5.12054615e-03]
 [1.08875964e-02 1.06697722e-01 2.41866007e-01 4.41470784e-03]
 [3.47080382e-01 3.00503828e-01 4.32212367e-01 2.35259641e-01]]
Matrix Adv:
[[4.19377879e-01 3.87484421e-01 4.90068307e-01 5.11331088e-01]
 [2.92945363e-01 2.26608234e-01 2.26029177e-01 8.75671170e-02]
 [5.42105826e-01 1.06925725e-01 2.42249054e-01 6.59568967e-02]
 [5.67012364e-60 0.00000000e+00 0.00000000e+00 0.00000000e+00]]
--------------------------------------------------
[2026-05-14 15:22:21] ERROR: 
Matrix Ego:
[[4.19377603e-01 3.87484307e-01 4.90068299e-01 9.26740856e-05]
 [2.89971275e-01 2.26562244e-01 2.25971486e-01 5.12054615e-03]
 [1.08875964e-02 1.06697722e-01 2.41866007e-01 4.41470784e-03]
 [3.47085965e-01 3.00503828e-01 4.32212367e-01 2.35259641e-01]]
Matrix Adv:
[[4.19377879e-01 3.87484421e-01 4.90068307e-01 5.11331088e-01]
 [2.92945363e-01 2.26608234e-01 2.26029177e-01 8.75671170e-02]
 [5.42105826e-01 1.06925725e-01 2.42249054e-01 6.59568967e-02]
 [5.10311127e-60 0.00000000e+00 0.00000000e+00 0.00000000e+00]]
--------------------------------------------------
[2026-05-14 15:22:21] ERROR: 
Matrix Ego:
[[4.19377603e-01 3.87484307e-01 4.90068299e-01 9.26740856e-05]
 [2.89971275e-01 2.26562244e-01 2.25971486e-01 5.12054615e-03]
 [1.08875964e-02 1.06697722e-01 2.41866007e-01 4.41470784e-03]
 [3.47085965e-01 3.00503828e-01 4.32212367e-01 2.35259641e-01]]
Matrix Adv:
[[4.19377879e-01 3.87484421e-01 4.90068307e-01 5.11331088e-01]
 [2.92945363e-01 2.26608234e-01 2.26029177e-01 8.75671170e-02]
 [5.42105826e-01 1.06925725e-01 2.42249054e-01 6.59568967e-02]
 [5.10311127e-60 0.00000000e+00 0.00000000e+00 0.00000000e+00]]
--------------------------------------------------
[2026-05-14 15:22:21] ERROR: 
Matrix Ego:
[[4.19377603e-01 3.87484307e-01 4.90068299e-01 9.26740856e-05]
 [2.89971275e-01 2.26562244e-01 2.33590012e-01 5.12054615e-03]
 [1.08875964e-02 1.06697722e-01 2.41866007e-01 4.41470784e-03]
 [3.47085965e-01 3.00503828e-01 4.32212367e-01 2.35259641e-01]]
Matrix Adv:
[[4.19377879e-01 3.87484421e-01 4.90068307e-01 5.11331088e-01]
 [2.92945363e-01 2.26608234e-01 2.33644787e-01 8.75671170e-02]
 [5.42105826e-01 1.06925725e-01 2.42249054e-01 6.59568967e-02]
 [5.10311127e-60 0.00000000e+00 0.00000000e+00 0.00000000e+00]]
--------------------------------------------------
[2026-05-14 15:22:21] ERROR: 
Matrix Ego:
[[4.19377603e-01 3.87484307e-01 4.90068299e-01 9.26740856e-05]
 [2.89971275e-01 2.26562244e-01 2.33590012e-01 5.12054615e-03]
 [1.08875964e-02 1.06697722e-01 2.41866007e-01 4.41470784e-03]
 [3.47085965e-01 3.00503828e-01 4.32212367e-01 2.35259641e-01]]
Matrix Adv:
[[4.19377879e-01 3.87484421e-01 4.90068307e-01 5.11331088e-01]
 [2.92945363e-01 2.26608234e-01 2.33644787e-01 8.75671170e-02]
 [5.42105826e-01 1.06925725e-01 2.42249054e-01 6.59568967e-02]
 [5.10311127e-60 0.00000000e+00 0.00000000e+00 0.00000000e+00]]
--------------------------------------------------
[2026-05-14 15:22:21] ERROR: 
Matrix Ego:
[[4.19377603e-01 3.87484307e-01 4.90068299e-01 9.26740856e-05]
 [2.89971275e-01 2.26562244e-01 2.33590012e-01 5.12054615e-03]
 [1.08875964e-02 1.06697722e-01 2.41866007e-01 4.41470784e-03]
 [3.47090242e-01 3.00503828e-01 4.32212367e-01 2.35259641e-01]]
Matrix Adv:
[[4.19377879e-01 3.87484421e-01 4.90068307e-01 5.11331088e-01]
 [2.92945363e-01 2.26608234e-01 2.33644787e-01 8.75671170e-02]
 [5.42105826e-01 1.06925725e-01 2.42249054e-01 6.59568967e-02]
 [4.59280015e-60 0.00000000e+00 0.00000000e+00 0.00000000e+00]]
--------------------------------------------------
[2026-05-14 15:22:21] ERROR: 
Matrix Ego:
[[4.19377603e-01 3.87484307e-01 4.90068299e-01 9.26740856e-05]
 [2.89971275e-01 2.26562244e-01 2.33590012e-01 5.12054615e-03]
 [1.08875964e-02 1.06697722e-01 2.41866007e-01 4.41470784e-03]
 [3.47090242e-01 3.00503828e-01 4.32212367e-01 2.35259641e-01]]
Matrix Adv:
[[4.19377879e-01 3.87484421e-01 4.90068307e-01 5.11331088e-01]
 [2.92945363e-01 2.26608234e-01 2.33644787e-01 8.75671170e-02]
 [5.42105826e-01 1.06925725e-01 2.42249054e-01 6.59568967e-02]
 [4.59280015e-60 0.00000000e+00 0.00000000e+00 0.00000000e+00]]
--------------------------------------------------
[2026-05-14 15:22:22] ERROR: 
Matrix Ego:
[[4.19377603e-01 3.87484307e-01 4.90068299e-01 9.26740856e-05]
 [2.89971275e-01 2.26562244e-01 2.33590012e-01 5.12054615e-03]
 [1.08875964e-02 1.06697722e-01 2.41866007e-01 4.41470784e-03]
 [3.47093559e-01 3.00503828e-01 4.32212367e-01 2.35259641e-01]]
Matrix Adv:
[[4.19377879e-01 3.87484421e-01 4.90068307e-01 5.11331088e-01]
 [2.92945363e-01 2.26608234e-01 2.33644787e-01 8.75671170e-02]
 [5.42105826e-01 1.06925725e-01 2.42249054e-01 6.59568967e-02]
 [4.13352013e-60 0.00000000e+00 0.00000000e+00 0.00000000e+00]]
--------------------------------------------------
[2026-05-14 15:22:22] ERROR: 
Matrix Ego:
[[4.19377603e-01 3.87484307e-01 4.90068299e-01 9.26740856e-05]
 [2.89971275e-01 2.26562244e-01 2.33590012e-01 5.12054615e-03]
 [1.08875964e-02 1.06697722e-01 2.41866007e-01 4.41470784e-03]
 [3.47093559e-01 3.00503828e-01 4.32212367e-01 2.35259641e-01]]
Matrix Adv:
[[4.19377879e-01 3.87484421e-01 4.90068307e-01 5.11331088e-01]
 [2.92945363e-01 2.26608234e-01 2.33644787e-01 8.75671170e-02]
 [5.42105826e-01 1.06925725e-01 2.42249054e-01 6.59568967e-02]
 [4.13352013e-60 0.00000000e+00 0.00000000e+00 0.00000000e+00]]
--------------------------------------------------
[2026-05-14 15:22:22] ERROR: 
Matrix Ego:
[[4.19377603e-01 3.87484307e-01 4.90068299e-01 9.26740856e-05]
 [2.89971275e-01 2.26562244e-01 2.33590012e-01 5.12054615e-03]
 [1.08875964e-02 1.06697722e-01 2.41866007e-01 4.41470784e-03]
 [3.47096255e-01 3.00503828e-01 4.32212367e-01 2.35259641e-01]]
Matrix Adv:
[[4.19377879e-01 3.87484421e-01 4.90068307e-01 5.11331088e-01]
 [2.92945363e-01 2.26608234e-01 2.33644787e-01 8.75671170e-02]
 [5.42105826e-01 1.06925725e-01 2.42249054e-01 6.59568967e-02]
 [3.72016812e-60 0.00000000e+00 0.00000000e+00 0.00000000e+00]]
--------------------------------------------------
[2026-05-14 15:22:22] ERROR: 
Matrix Ego:
[[4.19377603e-01 3.87484307e-01 4.90068299e-01 9.26740856e-05]
 [2.89971275e-01 2.26562244e-01 2.33590012e-01 5.12054615e-03]
 [1.08875964e-02 1.06697722e-01 2.41866007e-01 4.41470784e-03]
 [3.47096255e-01 3.00503828e-01 4.32212367e-01 2.35259641e-01]]
Matrix Adv:
[[4.19377879e-01 3.87484421e-01 4.90068307e-01 5.11331088e-01]
 [2.92945363e-01 2.26608234e-01 2.33644787e-01 8.75671170e-02]
 [5.42105826e-01 1.06925725e-01 2.42249054e-01 6.59568967e-02]
 [3.72016812e-60 0.00000000e+00 0.00000000e+00 0.00000000e+00]]
--------------------------------------------------
[2026-05-14 15:22:22] ERROR: 
Matrix Ego:
[[4.19377603e-01 3.87484307e-01 4.90068299e-01 9.26740856e-05]
 [2.89971275e-01 2.26562244e-01 2.33590012e-01 5.12054615e-03]
 [1.08875964e-02 1.06697722e-01 2.44778555e-01 4.41470784e-03]
 [3.47096255e-01 3.00503828e-01 4.32212367e-01 2.35259641e-01]]
Matrix Adv:
[[4.19377879e-01 3.87484421e-01 4.90068307e-01 5.11331088e-01]
 [2.92945363e-01 2.26608234e-01 2.33644787e-01 8.75671170e-02]
 [5.42105826e-01 1.06925725e-01 2.45164096e-01 6.59568967e-02]
 [3.72016812e-60 0.00000000e+00 0.00000000e+00 0.00000000e+00]]
--------------------------------------------------
[2026-05-14 15:22:22] ERROR: 
Matrix Ego:
[[4.19377603e-01 3.87484307e-01 4.90068299e-01 9.26740856e-05]
 [2.89971275e-01 2.26562244e-01 2.33590012e-01 5.12054615e-03]
 [1.08875964e-02 1.06697722e-01 2.44778555e-01 4.41470784e-03]
 [3.47096255e-01 3.00503828e-01 4.32212367e-01 2.35259641e-01]]
Matrix Adv:
[[4.19377879e-01 3.87484421e-01 4.90068307e-01 5.11331088e-01]
 [2.92945363e-01 2.26608234e-01 2.33644787e-01 8.75671170e-02]
 [5.42105826e-01 1.06925725e-01 2.45164096e-01 6.59568967e-02]
 [3.72016812e-60 0.00000000e+00 0.00000000e+00 0.00000000e+00]]
--------------------------------------------------
[2026-05-14 15:22:22] ERROR: 
Matrix Ego:
[[4.19377603e-01 3.87484307e-01 4.90068299e-01 9.26740856e-05]
 [2.89971275e-01 2.26562244e-01 2.33590012e-01 5.12054615e-03]
 [1.08875964e-02 1.06697722e-01 2.44778555e-01 4.41470784e-03]
 [3.47098591e-01 3.00503828e-01 4.32212367e-01 2.35259641e-01]]
Matrix Adv:
[[4.19377879e-01 3.87484421e-01 4.90068307e-01 5.11331088e-01]
 [2.92945363e-01 2.26608234e-01 2.33644787e-01 8.75671170e-02]
 [5.42105826e-01 1.06925725e-01 2.45164096e-01 6.59568967e-02]
 [3.34815131e-60 0.00000000e+00 0.00000000e+00 0.00000000e+00]]
--------------------------------------------------
[2026-05-14 15:22:22] ERROR: 
Matrix Ego:
[[4.19377603e-01 3.87484307e-01 4.90068299e-01 9.26740856e-05]
 [2.89971275e-01 2.26562244e-01 2.33590012e-01 5.12054615e-03]
 [1.08875964e-02 1.06697722e-01 2.44778555e-01 4.41470784e-03]
 [3.47098591e-01 3.00503828e-01 4.32212367e-01 2.35259641e-01]]
Matrix Adv:
[[4.19377879e-01 3.87484421e-01 4.90068307e-01 5.11331088e-01]
 [2.92945363e-01 2.26608234e-01 2.33644787e-01 8.75671170e-02]
 [5.42105826e-01 1.06925725e-01 2.45164096e-01 6.59568967e-02]
 [3.34815131e-60 0.00000000e+00 0.00000000e+00 0.00000000e+00]]
--------------------------------------------------
[2026-05-14 15:22:23] ERROR: 
Matrix Ego:
[[4.19377603e-01 3.87484307e-01 4.90068299e-01 9.26740856e-05]
 [2.89971275e-01 2.26562244e-01 2.33590012e-01 5.12054615e-03]
 [1.08875964e-02 1.06697722e-01 2.44778555e-01 4.41470784e-03]
 [3.47100763e-01 3.00503828e-01 4.32212367e-01 2.35259641e-01]]
Matrix Adv:
[[4.19377879e-01 3.87484421e-01 4.90068307e-01 5.11331088e-01]
 [2.92945363e-01 2.26608234e-01 2.33644787e-01 8.75671170e-02]
 [5.42105826e-01 1.06925725e-01 2.45164096e-01 6.59568967e-02]
 [3.01333618e-60 0.00000000e+00 0.00000000e+00 0.00000000e+00]]
--------------------------------------------------
[2026-05-14 15:22:23] ERROR: 
Matrix Ego:
[[4.19377603e-01 3.87484307e-01 4.90068299e-01 9.26740856e-05]
 [2.89971275e-01 2.26562244e-01 2.33590012e-01 5.12054615e-03]
 [1.08875964e-02 1.06697722e-01 2.44778555e-01 4.41470784e-03]
 [3.47100763e-01 3.00503828e-01 4.32212367e-01 2.35259641e-01]]
Matrix Adv:
[[4.19377879e-01 3.87484421e-01 4.90068307e-01 5.11331088e-01]
 [2.92945363e-01 2.26608234e-01 2.33644787e-01 8.75671170e-02]
 [5.42105826e-01 1.06925725e-01 2.45164096e-01 6.59568967e-02]
 [3.01333618e-60 0.00000000e+00 0.00000000e+00 0.00000000e+00]]
--------------------------------------------------
[2026-05-14 15:22:23] ERROR: 
Matrix Ego:
[[4.19377603e-01 3.87484307e-01 4.90068299e-01 9.26740856e-05]
 [2.89971275e-01 2.26562244e-01 2.33590012e-01 5.12054615e-03]
 [1.08875964e-02 1.06697722e-01 2.44778555e-01 4.41470784e-03]
 [3.47102918e-01 3.00503828e-01 4.32212367e-01 2.35259641e-01]]
Matrix Adv:
[[4.19377879e-01 3.87484421e-01 4.90068307e-01 5.11331088e-01]
 [2.92945363e-01 2.26608234e-01 2.33644787e-01 8.75671170e-02]
 [5.42105826e-01 1.06925725e-01 2.45164096e-01 6.59568967e-02]
 [2.71200256e-60 0.00000000e+00 0.00000000e+00 0.00000000e+00]]
--------------------------------------------------
[2026-05-14 15:22:24] ERROR: 
Matrix Ego:
[[4.19377603e-01 3.87484307e-01 4.90068299e-01 9.26740856e-05]
 [2.89971275e-01 2.26562244e-01 2.33590012e-01 5.12054615e-03]
 [1.08875964e-02 1.06697722e-01 2.44778555e-01 4.41470784e-03]
 [3.47102918e-01 3.00503828e-01 4.32212367e-01 2.35259641e-01]]
Matrix Adv:
[[4.19377879e-01 3.87484421e-01 4.90068307e-01 5.11331088e-01]
 [2.92945363e-01 2.26608234e-01 2.33644787e-01 8.75671170e-02]
 [5.42105826e-01 1.06925725e-01 2.45164096e-01 6.59568967e-02]
 [2.71200256e-60 0.00000000e+00 0.00000000e+00 0.00000000e+00]]
--------------------------------------------------
[2026-05-14 15:22:24] ERROR: 
Matrix Ego:
[[4.19377603e-01 3.87484307e-01 4.90068299e-01 9.26740856e-05]
 [2.89971275e-01 2.26562244e-01 2.33590012e-01 5.12054615e-03]
 [1.08875964e-02 1.06697722e-01 2.44778555e-01 4.41470784e-03]
 [3.47105226e-01 3.00503828e-01 4.32212367e-01 2.35259641e-01]]
Matrix Adv:
[[4.19377879e-01 3.87484421e-01 4.90068307e-01 5.11331088e-01]
 [2.92945363e-01 2.26608234e-01 2.33644787e-01 8.75671170e-02]
 [5.42105826e-01 1.06925725e-01 2.45164096e-01 6.59568967e-02]
 [2.44080230e-60 0.00000000e+00 0.00000000e+00 0.00000000e+00]]
--------------------------------------------------
[2026-05-14 15:22:24] ERROR: 
Matrix Ego:
[[4.19377603e-01 3.87484307e-01 4.90068299e-01 9.26740856e-05]
 [2.89971275e-01 2.26562244e-01 2.33590012e-01 5.12054615e-03]
 [1.08875964e-02 1.06697722e-01 2.44778555e-01 4.41470784e-03]
 [3.47105226e-01 3.00503828e-01 4.32212367e-01 2.35259641e-01]]
Matrix Adv:
[[4.19377879e-01 3.87484421e-01 4.90068307e-01 5.11331088e-01]
 [2.92945363e-01 2.26608234e-01 2.33644787e-01 8.75671170e-02]
 [5.42105826e-01 1.06925725e-01 2.45164096e-01 6.59568967e-02]
 [2.44080230e-60 0.00000000e+00 0.00000000e+00 0.00000000e+00]]
--------------------------------------------------
[2026-05-14 15:22:24] ERROR: 
Matrix Ego:
[[4.19377603e-01 3.87484307e-01 4.90068299e-01 9.26740856e-05]
 [2.89971275e-01 2.26562244e-01 2.33590012e-01 5.12054615e-03]
 [1.08875964e-02 1.06697722e-01 2.44778555e-01 4.41470784e-03]
 [3.47107867e-01 3.00503828e-01 4.32212367e-01 2.35259641e-01]]
Matrix Adv:
[[4.19377879e-01 3.87484421e-01 4.90068307e-01 5.11331088e-01]
 [2.92945363e-01 2.26608234e-01 2.33644787e-01 8.75671170e-02]
 [5.42105826e-01 1.06925725e-01 2.45164096e-01 6.59568967e-02]
 [2.19672207e-60 0.00000000e+00 0.00000000e+00 0.00000000e+00]]
--------------------------------------------------
[2026-05-14 15:22:24] ERROR: 
Matrix Ego:
[[4.19377603e-01 3.87484307e-01 4.90068299e-01 9.26740856e-05]
 [2.89971275e-01 2.26562244e-01 2.33590012e-01 5.12054615e-03]
 [1.08875964e-02 1.06697722e-01 2.44778555e-01 4.41470784e-03]
 [3.47107867e-01 3.00503828e-01 4.32212367e-01 2.35259641e-01]]
Matrix Adv:
[[4.19377879e-01 3.87484421e-01 4.90068307e-01 5.11331088e-01]
 [2.92945363e-01 2.26608234e-01 2.33644787e-01 8.75671170e-02]
 [5.42105826e-01 1.06925725e-01 2.45164096e-01 6.59568967e-02]
 [2.19672207e-60 0.00000000e+00 0.00000000e+00 0.00000000e+00]]
--------------------------------------------------
[2026-05-14 15:22:24] ERROR: 
Matrix Ego:
[[4.19377603e-01 3.87484307e-01 4.90068299e-01 9.26740856e-05]
 [2.89971275e-01 2.26562244e-01 2.33590012e-01 5.12054615e-03]
 [1.08875964e-02 1.06697722e-01 2.44778555e-01 4.41470784e-03]
 [3.47110243e-01 3.00503828e-01 4.32212367e-01 2.35259641e-01]]
Matrix Adv:
[[4.19377879e-01 3.87484421e-01 4.90068307e-01 5.11331088e-01]
 [2.92945363e-01 2.26608234e-01 2.33644787e-01 8.75671170e-02]
 [5.42105826e-01 1.06925725e-01 2.45164096e-01 6.59568967e-02]
 [1.97704986e-60 0.00000000e+00 0.00000000e+00 0.00000000e+00]]
--------------------------------------------------
[2026-05-14 15:22:24] ERROR: 
Matrix Ego:
[[4.19377603e-01 3.87484307e-01 4.90068299e-01 9.26740856e-05]
 [2.89971275e-01 2.26562244e-01 2.33590012e-01 5.12054615e-03]
 [1.08875964e-02 1.06697722e-01 2.44778555e-01 4.41470784e-03]
 [3.47110243e-01 3.00503828e-01 4.32212367e-01 2.35259641e-01]]
Matrix Adv:
[[4.19377879e-01 3.87484421e-01 4.90068307e-01 5.11331088e-01]
 [2.92945363e-01 2.26608234e-01 2.33644787e-01 8.75671170e-02]
 [5.42105826e-01 1.06925725e-01 2.45164096e-01 6.59568967e-02]
 [1.97704986e-60 0.00000000e+00 0.00000000e+00 0.00000000e+00]]
--------------------------------------------------
[2026-05-14 15:22:24] ERROR: 
Matrix Ego:
[[4.19377603e-01 3.87484307e-01 4.90068299e-01 9.26740856e-05]
 [2.89971275e-01 2.26562244e-01 2.33590012e-01 5.12054615e-03]
 [1.08875964e-02 1.06697722e-01 2.44778555e-01 4.41470784e-03]
 [3.47113164e-01 3.00503828e-01 4.32212367e-01 2.35259641e-01]]
Matrix Adv:
[[4.19377879e-01 3.87484421e-01 4.90068307e-01 5.11331088e-01]
 [2.92945363e-01 2.26608234e-01 2.33644787e-01 8.75671170e-02]
 [5.42105826e-01 1.06925725e-01 2.45164096e-01 6.59568967e-02]
 [1.77934488e-60 0.00000000e+00 0.00000000e+00 0.00000000e+00]]
--------------------------------------------------
[2026-05-14 15:22:24] ERROR: 
Matrix Ego:
[[4.19377603e-01 3.87484307e-01 4.90068299e-01 9.26740856e-05]
 [2.89971275e-01 2.26562244e-01 2.33590012e-01 5.12054615e-03]
 [1.08875964e-02 1.06697722e-01 2.44778555e-01 4.41470784e-03]
 [3.47113164e-01 3.00503828e-01 4.32212367e-01 2.35259641e-01]]
Matrix Adv:
[[4.19377879e-01 3.87484421e-01 4.90068307e-01 5.11331088e-01]
 [2.92945363e-01 2.26608234e-01 2.33644787e-01 8.75671170e-02]
 [5.42105826e-01 1.06925725e-01 2.45164096e-01 6.59568967e-02]
 [1.77934488e-60 0.00000000e+00 0.00000000e+00 0.00000000e+00]]
--------------------------------------------------
[2026-05-14 15:22:25] ERROR: 
Matrix Ego:
[[4.19377603e-01 3.87484307e-01 4.90068299e-01 9.26740856e-05]
 [2.89971275e-01 2.26562244e-01 2.33590012e-01 5.12054615e-03]
 [1.08875964e-02 1.06697722e-01 2.47764362e-01 4.41470784e-03]
 [3.47113164e-01 3.00503828e-01 4.32212367e-01 2.35259641e-01]]
Matrix Adv:
[[4.19377879e-01 3.87484421e-01 4.90068307e-01 5.11331088e-01]
 [2.92945363e-01 2.26608234e-01 2.33644787e-01 8.75671170e-02]
 [5.42105826e-01 1.06925725e-01 2.48154729e-01 6.59568967e-02]
 [1.77934488e-60 0.00000000e+00 0.00000000e+00 0.00000000e+00]]
--------------------------------------------------
[2026-05-14 15:22:25] ERROR: 
Matrix Ego:
[[4.19377603e-01 3.87484307e-01 4.90068299e-01 9.26740856e-05]
 [2.89971275e-01 2.26562244e-01 2.33590012e-01 5.12054615e-03]
 [1.08875964e-02 1.06697722e-01 2.47764362e-01 4.41470784e-03]
 [3.47113164e-01 3.00503828e-01 4.32212367e-01 2.35259641e-01]]
Matrix Adv:
[[4.19377879e-01 3.87484421e-01 4.90068307e-01 5.11331088e-01]
 [2.92945363e-01 2.26608234e-01 2.33644787e-01 8.75671170e-02]
 [5.42105826e-01 1.06925725e-01 2.48154729e-01 6.59568967e-02]
 [1.77934488e-60 0.00000000e+00 0.00000000e+00 0.00000000e+00]]
--------------------------------------------------
[2026-05-14 15:22:25] ERROR: 
Matrix Ego:
[[4.19377603e-01 3.87484307e-01 4.90068299e-01 8.34066770e-05]
 [2.89971275e-01 2.26562244e-01 2.33590012e-01 5.12054615e-03]
 [1.08875964e-02 1.06697722e-01 2.47764362e-01 4.41470784e-03]
 [3.47113164e-01 3.00503828e-01 4.32212367e-01 2.35259641e-01]]
Matrix Adv:
[[4.19377879e-01 3.87484421e-01 4.90068307e-01 5.14679274e-01]
 [2.92945363e-01 2.26608234e-01 2.33644787e-01 8.75671170e-02]
 [5.42105826e-01 1.06925725e-01 2.48154729e-01 6.59568967e-02]
 [1.77934488e-60 0.00000000e+00 0.00000000e+00 0.00000000e+00]]
--------------------------------------------------
[2026-05-14 15:22:25] ERROR: 
Matrix Ego:
[[4.19377603e-01 3.87484307e-01 4.90068299e-01 8.34066770e-05]
 [2.89971275e-01 2.26562244e-01 2.33590012e-01 5.12054615e-03]
 [1.08875964e-02 1.06697722e-01 2.47764362e-01 4.41470784e-03]
 [3.47113164e-01 3.00503828e-01 4.32212367e-01 2.35259641e-01]]
Matrix Adv:
[[4.19377879e-01 3.87484421e-01 4.90068307e-01 5.14679274e-01]
 [2.92945363e-01 2.26608234e-01 2.33644787e-01 8.75671170e-02]
 [5.42105826e-01 1.06925725e-01 2.48154729e-01 6.59568967e-02]
 [1.77934488e-60 0.00000000e+00 0.00000000e+00 0.00000000e+00]]
--------------------------------------------------
[2026-05-14 15:22:25] ERROR: 
Matrix Ego:
[[4.19377603e-01 3.87484307e-01 4.90068299e-01 8.34066770e-05]
 [2.98343092e-01 2.26562244e-01 2.33590012e-01 5.12054615e-03]
 [1.08875964e-02 1.06697722e-01 2.47764362e-01 4.41470784e-03]
 [3.47113164e-01 3.00503828e-01 4.32212367e-01 2.35259641e-01]]
Matrix Adv:
[[4.19377879e-01 3.87484421e-01 4.90068307e-01 5.14679274e-01]
 [3.01172567e-01 2.26608234e-01 2.33644787e-01 8.75671170e-02]
 [5.42105826e-01 1.06925725e-01 2.48154729e-01 6.59568967e-02]
 [1.77934488e-60 0.00000000e+00 0.00000000e+00 0.00000000e+00]]
--------------------------------------------------
[2026-05-14 15:22:25] ERROR: 
Matrix Ego:
[[4.19377603e-01 3.87484307e-01 4.90068299e-01 8.34066770e-05]
 [2.98343092e-01 2.26562244e-01 2.33590012e-01 5.12054615e-03]
 [1.08875964e-02 1.06697722e-01 2.47764362e-01 4.41470784e-03]
 [3.47113164e-01 3.00503828e-01 4.32212367e-01 2.35259641e-01]]
Matrix Adv:
[[4.19377879e-01 3.87484421e-01 4.90068307e-01 5.14679274e-01]
 [3.01172567e-01 2.26608234e-01 2.33644787e-01 8.75671170e-02]
 [5.42105826e-01 1.06925725e-01 2.48154729e-01 6.59568967e-02]
 [1.77934488e-60 0.00000000e+00 0.00000000e+00 0.00000000e+00]]
--------------------------------------------------
[2026-05-14 15:22:25] ERROR: 
Matrix Ego:
[[4.19377603e-01 3.87484307e-01 4.90068299e-01 8.34066770e-05]
 [3.06403342e-01 2.26562244e-01 2.33590012e-01 5.12054615e-03]
 [1.08875964e-02 1.06697722e-01 2.47764362e-01 4.41470784e-03]
 [3.47113164e-01 3.00503828e-01 4.32212367e-01 2.35259641e-01]]
Matrix Adv:
[[4.19377879e-01 3.87484421e-01 4.90068307e-01 5.14679274e-01]
 [3.09087385e-01 2.26608234e-01 2.33644787e-01 8.75671170e-02]
 [5.42105826e-01 1.06925725e-01 2.48154729e-01 6.59568967e-02]
 [1.77934488e-60 0.00000000e+00 0.00000000e+00 0.00000000e+00]]
--------------------------------------------------
[2026-05-14 15:22:25] ERROR: 
Matrix Ego:
[[4.19377603e-01 3.87484307e-01 4.90068299e-01 8.34066770e-05]
 [3.06403342e-01 2.26562244e-01 2.33590012e-01 5.12054615e-03]
 [1.08875964e-02 1.06697722e-01 2.47764362e-01 4.41470784e-03]
 [3.47113164e-01 3.00503828e-01 4.32212367e-01 2.35259641e-01]]
Matrix Adv:
[[4.19377879e-01 3.87484421e-01 4.90068307e-01 5.14679274e-01]
 [3.09087385e-01 2.26608234e-01 2.33644787e-01 8.75671170e-02]
 [5.42105826e-01 1.06925725e-01 2.48154729e-01 6.59568967e-02]
 [1.77934488e-60 0.00000000e+00 0.00000000e+00 0.00000000e+00]]
--------------------------------------------------
[2026-05-14 15:22:26] ERROR: 
Matrix Ego:
[[4.19377603e-01 3.87484307e-01 4.90068299e-01 8.34066770e-05]
 [3.06403342e-01 2.26562244e-01 2.33590012e-01 5.12054615e-03]
 [1.08875964e-02 1.06697722e-01 2.47764362e-01 4.41470784e-03]
 [3.47116497e-01 3.00503828e-01 4.32212367e-01 2.35259641e-01]]
Matrix Adv:
[[4.19377879e-01 3.87484421e-01 4.90068307e-01 5.14679274e-01]
 [3.09087385e-01 2.26608234e-01 2.33644787e-01 8.75671170e-02]
 [5.42105826e-01 1.06925725e-01 2.48154729e-01 6.59568967e-02]
 [1.60141039e-60 0.00000000e+00 0.00000000e+00 0.00000000e+00]]
--------------------------------------------------
[2026-05-14 15:22:26] ERROR: 
Matrix Ego:
[[4.19377603e-01 3.87484307e-01 4.90068299e-01 8.34066770e-05]
 [3.06403342e-01 2.26562244e-01 2.33590012e-01 5.12054615e-03]
 [1.08875964e-02 1.06697722e-01 2.47764362e-01 4.41470784e-03]
 [3.47116497e-01 3.00503828e-01 4.32212367e-01 2.35259641e-01]]
Matrix Adv:
[[4.19377879e-01 3.87484421e-01 4.90068307e-01 5.14679274e-01]
 [3.09087385e-01 2.26608234e-01 2.33644787e-01 8.75671170e-02]
 [5.42105826e-01 1.06925725e-01 2.48154729e-01 6.59568967e-02]
 [1.60141039e-60 0.00000000e+00 0.00000000e+00 0.00000000e+00]]
--------------------------------------------------
[2026-05-14 15:22:26] ERROR: 
Matrix Ego:
[[4.19377603e-01 3.87484307e-01 4.90068299e-01 8.34066770e-05]
 [3.06403342e-01 2.26562244e-01 2.33590012e-01 5.12054615e-03]
 [1.08875964e-02 1.06697722e-01 2.47764362e-01 4.41470784e-03]
 [3.47120435e-01 3.00503828e-01 4.32212367e-01 2.35259641e-01]]
Matrix Adv:
[[4.19377879e-01 3.87484421e-01 4.90068307e-01 5.14679274e-01]
 [3.09087385e-01 2.26608234e-01 2.33644787e-01 8.75671170e-02]
 [5.42105826e-01 1.06925725e-01 2.48154729e-01 6.59568967e-02]
 [1.44126935e-60 0.00000000e+00 0.00000000e+00 0.00000000e+00]]
--------------------------------------------------
[2026-05-14 15:22:26] ERROR: 
Matrix Ego:
[[4.19377603e-01 3.87484307e-01 4.90068299e-01 8.34066770e-05]
 [3.06403342e-01 2.26562244e-01 2.33590012e-01 5.12054615e-03]
 [1.08875964e-02 1.06697722e-01 2.47764362e-01 4.41470784e-03]
 [3.47120435e-01 3.00503828e-01 4.32212367e-01 2.35259641e-01]]
Matrix Adv:
[[4.19377879e-01 3.87484421e-01 4.90068307e-01 5.14679274e-01]
 [3.09087385e-01 2.26608234e-01 2.33644787e-01 8.75671170e-02]
 [5.42105826e-01 1.06925725e-01 2.48154729e-01 6.59568967e-02]
 [1.44126935e-60 0.00000000e+00 0.00000000e+00 0.00000000e+00]]
--------------------------------------------------
[2026-05-14 15:22:26] ERROR: 
Matrix Ego:
[[4.19377603e-01 3.87484307e-01 4.90068299e-01 8.34066770e-05]
 [3.06403342e-01 2.26562244e-01 2.33590012e-01 5.12054615e-03]
 [1.08875964e-02 1.06697722e-01 2.47764362e-01 4.41470784e-03]
 [3.47125159e-01 3.00503828e-01 4.32212367e-01 2.35259641e-01]]
Matrix Adv:
[[4.19377879e-01 3.87484421e-01 4.90068307e-01 5.14679274e-01]
 [3.09087385e-01 2.26608234e-01 2.33644787e-01 8.75671170e-02]
 [5.42105826e-01 1.06925725e-01 2.48154729e-01 6.59568967e-02]
 [1.29714242e-60 0.00000000e+00 0.00000000e+00 0.00000000e+00]]
--------------------------------------------------
[2026-05-14 15:22:26] ERROR: 
Matrix Ego:
[[4.19377603e-01 3.87484307e-01 4.90068299e-01 8.34066770e-05]
 [3.06403342e-01 2.26562244e-01 2.33590012e-01 5.12054615e-03]
 [1.08875964e-02 1.06697722e-01 2.47764362e-01 4.41470784e-03]
 [3.47125159e-01 3.00503828e-01 4.32212367e-01 2.35259641e-01]]
Matrix Adv:
[[4.19377879e-01 3.87484421e-01 4.90068307e-01 5.14679274e-01]
 [3.09087385e-01 2.26608234e-01 2.33644787e-01 8.75671170e-02]
 [5.42105826e-01 1.06925725e-01 2.48154729e-01 6.59568967e-02]
 [1.29714242e-60 0.00000000e+00 0.00000000e+00 0.00000000e+00]]
--------------------------------------------------
[2026-05-14 15:22:27] ERROR: 
Matrix Ego:
[[4.19377603e-01 3.87484307e-01 4.90068299e-01 8.34066770e-05]
 [3.06403342e-01 2.26562244e-01 2.33590012e-01 5.12054615e-03]
 [1.08875964e-02 1.06697722e-01 2.47764362e-01 4.41470784e-03]
 [3.47129409e-01 3.00503828e-01 4.32212367e-01 2.35259641e-01]]
Matrix Adv:
[[4.19377879e-01 3.87484421e-01 4.90068307e-01 5.14679274e-01]
 [3.09087385e-01 2.26608234e-01 2.33644787e-01 8.75671170e-02]
 [5.42105826e-01 1.06925725e-01 2.48154729e-01 6.59568967e-02]
 [1.16742817e-60 0.00000000e+00 0.00000000e+00 0.00000000e+00]]
--------------------------------------------------
[2026-05-14 15:22:27] ERROR: 
Matrix Ego:
[[4.19377603e-01 3.87484307e-01 4.90068299e-01 8.34066770e-05]
 [3.06403342e-01 2.26562244e-01 2.33590012e-01 5.12054615e-03]
 [1.08875964e-02 1.06697722e-01 2.47764362e-01 4.41470784e-03]
 [3.47129409e-01 3.00503828e-01 4.32212367e-01 2.35259641e-01]]
Matrix Adv:
[[4.19377879e-01 3.87484421e-01 4.90068307e-01 5.14679274e-01]
 [3.09087385e-01 2.26608234e-01 2.33644787e-01 8.75671170e-02]
 [5.42105826e-01 1.06925725e-01 2.48154729e-01 6.59568967e-02]
 [1.16742817e-60 0.00000000e+00 0.00000000e+00 0.00000000e+00]]
--------------------------------------------------
[2026-05-14 15:22:27] ERROR: 
Matrix Ego:
[[4.19377603e-01 3.87484307e-01 4.90068299e-01 8.34066770e-05]
 [3.06403342e-01 2.26562244e-01 2.33590012e-01 5.12054615e-03]
 [1.08875964e-02 1.06697722e-01 2.47764362e-01 4.41470784e-03]
 [3.47133235e-01 3.00503828e-01 4.32212367e-01 2.35259641e-01]]
Matrix Adv:
[[4.19377879e-01 3.87484421e-01 4.90068307e-01 5.14679274e-01]
 [3.09087385e-01 2.26608234e-01 2.33644787e-01 8.75671170e-02]
 [5.42105826e-01 1.06925725e-01 2.48154729e-01 6.59568967e-02]
 [1.05068536e-60 0.00000000e+00 0.00000000e+00 0.00000000e+00]]
--------------------------------------------------
[2026-05-14 15:22:27] ERROR: 
Matrix Ego:
[[4.19377603e-01 3.87484307e-01 4.90068299e-01 8.34066770e-05]
 [3.06403342e-01 2.26562244e-01 2.33590012e-01 5.12054615e-03]
 [1.08875964e-02 1.06697722e-01 2.47764362e-01 4.41470784e-03]
 [3.47133235e-01 3.00503828e-01 4.32212367e-01 2.35259641e-01]]
Matrix Adv:
[[4.19377879e-01 3.87484421e-01 4.90068307e-01 5.14679274e-01]
 [3.09087385e-01 2.26608234e-01 2.33644787e-01 8.75671170e-02]
 [5.42105826e-01 1.06925725e-01 2.48154729e-01 6.59568967e-02]
 [1.05068536e-60 0.00000000e+00 0.00000000e+00 0.00000000e+00]]
--------------------------------------------------
[2026-05-14 15:22:27] ERROR: 
Matrix Ego:
[[4.19377603e-01 3.87484307e-01 4.90068299e-01 8.34066770e-05]
 [3.06403342e-01 2.26562244e-01 2.33590012e-01 5.12054615e-03]
 [1.08875964e-02 1.06697722e-01 2.47764362e-01 4.41470784e-03]
 [3.47138093e-01 3.00503828e-01 4.32212367e-01 2.35259641e-01]]
Matrix Adv:
[[4.19377879e-01 3.87484421e-01 4.90068307e-01 5.14679274e-01]
 [3.09087385e-01 2.26608234e-01 2.33644787e-01 8.75671170e-02]
 [5.42105826e-01 1.06925725e-01 2.48154729e-01 6.59568967e-02]
 [9.45616821e-61 0.00000000e+00 0.00000000e+00 0.00000000e+00]]
--------------------------------------------------
[2026-05-14 15:22:27] ERROR: 
Matrix Ego:
[[4.19377603e-01 3.87484307e-01 4.90068299e-01 8.34066770e-05]
 [3.06403342e-01 2.26562244e-01 2.33590012e-01 5.12054615e-03]
 [1.08875964e-02 1.06697722e-01 2.47764362e-01 4.41470784e-03]
 [3.47138093e-01 3.00503828e-01 4.32212367e-01 2.35259641e-01]]
Matrix Adv:
[[4.19377879e-01 3.87484421e-01 4.90068307e-01 5.14679274e-01]
 [3.09087385e-01 2.26608234e-01 2.33644787e-01 8.75671170e-02]
 [5.42105826e-01 1.06925725e-01 2.48154729e-01 6.59568967e-02]
 [9.45616821e-61 0.00000000e+00 0.00000000e+00 0.00000000e+00]]
--------------------------------------------------
[2026-05-14 15:22:27] ERROR: 
Matrix Ego:
[[4.19377603e-01 3.87484307e-01 4.90068299e-01 8.34066770e-05]
 [3.06403342e-01 2.26562244e-01 2.33590012e-01 5.12054615e-03]
 [1.08875964e-02 1.06697722e-01 2.47764362e-01 4.41470784e-03]
 [3.47138093e-01 3.03764512e-01 4.32212367e-01 2.35259641e-01]]
Matrix Adv:
[[4.19377879e-01 3.87484421e-01 4.90068307e-01 5.14679274e-01]
 [3.09087385e-01 2.26608234e-01 2.33644787e-01 8.75671170e-02]
 [5.42105826e-01 1.06925725e-01 2.48154729e-01 6.59568967e-02]
 [9.45616821e-61 0.00000000e+00 0.00000000e+00 0.00000000e+00]]
--------------------------------------------------
[2026-05-14 15:22:27] ERROR: 
Matrix Ego:
[[4.19377603e-01 3.87484307e-01 4.90068299e-01 8.34066770e-05]
 [3.06403342e-01 2.26562244e-01 2.33590012e-01 5.12054615e-03]
 [1.08875964e-02 1.06697722e-01 2.47764362e-01 4.41470784e-03]
 [3.47138093e-01 3.03764512e-01 4.32212367e-01 2.35259641e-01]]
Matrix Adv:
[[4.19377879e-01 3.87484421e-01 4.90068307e-01 5.14679274e-01]
 [3.09087385e-01 2.26608234e-01 2.33644787e-01 8.75671170e-02]
 [5.42105826e-01 1.06925725e-01 2.48154729e-01 6.59568967e-02]
 [9.45616821e-61 0.00000000e+00 0.00000000e+00 0.00000000e+00]]
--------------------------------------------------
[2026-05-14 15:22:27] ERROR: 
Matrix Ego:
[[4.19377603e-01 3.87484307e-01 4.90068299e-01 8.34066770e-05]
 [3.06403342e-01 2.26562244e-01 2.33590012e-01 5.12054615e-03]
 [1.08875964e-02 1.06697722e-01 2.47764362e-01 4.41470784e-03]
 [3.47144108e-01 3.03764512e-01 4.32212367e-01 2.35259641e-01]]
Matrix Adv:
[[4.19377879e-01 3.87484421e-01 4.90068307e-01 5.14679274e-01]
 [3.09087385e-01 2.26608234e-01 2.33644787e-01 8.75671170e-02]
 [5.42105826e-01 1.06925725e-01 2.48154729e-01 6.59568967e-02]
 [8.51055139e-61 0.00000000e+00 0.00000000e+00 0.00000000e+00]]
--------------------------------------------------
[2026-05-14 15:22:27] ERROR: 
Matrix Ego:
[[4.19377603e-01 3.87484307e-01 4.90068299e-01 8.34066770e-05]
 [3.06403342e-01 2.26562244e-01 2.33590012e-01 5.12054615e-03]
 [1.08875964e-02 1.06697722e-01 2.47764362e-01 4.41470784e-03]
 [3.47144108e-01 3.03764512e-01 4.32212367e-01 2.35259641e-01]]
Matrix Adv:
[[4.19377879e-01 3.87484421e-01 4.90068307e-01 5.14679274e-01]
 [3.09087385e-01 2.26608234e-01 2.33644787e-01 8.75671170e-02]
 [5.42105826e-01 1.06925725e-01 2.48154729e-01 6.59568967e-02]
 [8.51055139e-61 0.00000000e+00 0.00000000e+00 0.00000000e+00]]
--------------------------------------------------
[2026-05-14 15:22:28] ERROR: 
Matrix Ego:
[[4.19377603e-01 3.87484307e-01 4.90068299e-01 8.34066770e-05]
 [3.06403342e-01 2.26562244e-01 2.33590012e-01 5.12054615e-03]
 [1.08875964e-02 1.06697722e-01 2.47764362e-01 4.41470784e-03]
 [3.47149522e-01 3.03764512e-01 4.32212367e-01 2.35259641e-01]]
Matrix Adv:
[[4.19377879e-01 3.87484421e-01 4.90068307e-01 5.14679274e-01]
 [3.09087385e-01 2.26608234e-01 2.33644787e-01 8.75671170e-02]
 [5.42105826e-01 1.06925725e-01 2.48154729e-01 6.59568967e-02]
 [7.65949625e-61 0.00000000e+00 0.00000000e+00 0.00000000e+00]]
--------------------------------------------------
[2026-05-14 15:22:28] ERROR: 
Matrix Ego:
[[4.19377603e-01 3.87484307e-01 4.90068299e-01 8.34066770e-05]
 [3.06403342e-01 2.26562244e-01 2.33590012e-01 5.12054615e-03]
 [1.08875964e-02 1.06697722e-01 2.47764362e-01 4.41470784e-03]
 [3.47149522e-01 3.03764512e-01 4.32212367e-01 2.35259641e-01]]
Matrix Adv:
[[4.19377879e-01 3.87484421e-01 4.90068307e-01 5.14679274e-01]
 [3.09087385e-01 2.26608234e-01 2.33644787e-01 8.75671170e-02]
 [5.42105826e-01 1.06925725e-01 2.48154729e-01 6.59568967e-02]
 [7.65949625e-61 0.00000000e+00 0.00000000e+00 0.00000000e+00]]
--------------------------------------------------
[2026-05-14 15:22:28] ERROR: 
Matrix Ego:
[[4.19377603e-01 3.87484307e-01 4.90068299e-01 8.34066770e-05]
 [3.06403342e-01 2.26562244e-01 2.33590012e-01 5.12054615e-03]
 [1.08875964e-02 1.06697722e-01 2.47764362e-01 4.41470784e-03]
 [3.47156755e-01 3.03764512e-01 4.32212367e-01 2.35259641e-01]]
Matrix Adv:
[[4.19377879e-01 3.87484421e-01 4.90068307e-01 5.14679274e-01]
 [3.09087385e-01 2.26608234e-01 2.33644787e-01 8.75671170e-02]
 [5.42105826e-01 1.06925725e-01 2.48154729e-01 6.59568967e-02]
 [6.89354663e-61 0.00000000e+00 0.00000000e+00 0.00000000e+00]]
--------------------------------------------------
[2026-05-14 15:22:28] ERROR: 
Matrix Ego:
[[4.19377603e-01 3.87484307e-01 4.90068299e-01 8.34066770e-05]
 [3.06403342e-01 2.26562244e-01 2.33590012e-01 5.12054615e-03]
 [1.08875964e-02 1.06697722e-01 2.47764362e-01 4.41470784e-03]
 [3.47156755e-01 3.03764512e-01 4.32212367e-01 2.35259641e-01]]
Matrix Adv:
[[4.19377879e-01 3.87484421e-01 4.90068307e-01 5.14679274e-01]
 [3.09087385e-01 2.26608234e-01 2.33644787e-01 8.75671170e-02]
 [5.42105826e-01 1.06925725e-01 2.48154729e-01 6.59568967e-02]
 [6.89354663e-61 0.00000000e+00 0.00000000e+00 0.00000000e+00]]
--------------------------------------------------
[2026-05-14 15:22:28] ERROR: 
Matrix Ego:
[[4.19377603e-01 3.87484307e-01 4.90068299e-01 8.34066770e-05]
 [3.06403342e-01 2.26562244e-01 2.33590012e-01 5.12054615e-03]
 [1.08875964e-02 1.06697722e-01 2.47764362e-01 4.41470784e-03]
 [3.47165834e-01 3.03764512e-01 4.32212367e-01 2.35259641e-01]]
Matrix Adv:
[[4.19377879e-01 3.87484421e-01 4.90068307e-01 5.14679274e-01]
 [3.09087385e-01 2.26608234e-01 2.33644787e-01 8.75671170e-02]
 [5.42105826e-01 1.06925725e-01 2.48154729e-01 6.59568967e-02]
 [6.20419197e-61 0.00000000e+00 0.00000000e+00 0.00000000e+00]]
--------------------------------------------------
[2026-05-14 15:22:28] ERROR: 
Matrix Ego:
[[4.19377603e-01 3.87484307e-01 4.90068299e-01 8.34066770e-05]
 [3.06403342e-01 2.26562244e-01 2.33590012e-01 5.12054615e-03]
 [1.08875964e-02 1.06697722e-01 2.47764362e-01 4.41470784e-03]
 [3.47165834e-01 3.03764512e-01 4.32212367e-01 2.35259641e-01]]
Matrix Adv:
[[4.19377879e-01 3.87484421e-01 4.90068307e-01 5.14679274e-01]
 [3.09087385e-01 2.26608234e-01 2.33644787e-01 8.75671170e-02]
 [5.42105826e-01 1.06925725e-01 2.48154729e-01 6.59568967e-02]
 [6.20419197e-61 0.00000000e+00 0.00000000e+00 0.00000000e+00]]
--------------------------------------------------
[2026-05-14 15:22:28] ERROR: 
Matrix Ego:
[[4.19377603e-01 3.87484307e-01 4.90068299e-01 8.34066770e-05]
 [3.06403342e-01 2.26562244e-01 2.33590012e-01 5.12054615e-03]
 [1.08875964e-02 1.06697722e-01 2.47764362e-01 4.41470784e-03]
 [3.47176317e-01 3.03764512e-01 4.32212367e-01 2.35259641e-01]]
Matrix Adv:
[[4.19377879e-01 3.87484421e-01 4.90068307e-01 5.14679274e-01]
 [3.09087385e-01 2.26608234e-01 2.33644787e-01 8.75671170e-02]
 [5.42105826e-01 1.06925725e-01 2.48154729e-01 6.59568967e-02]
 [5.58377277e-61 0.00000000e+00 0.00000000e+00 0.00000000e+00]]
--------------------------------------------------
[2026-05-14 15:22:28] ERROR: 
Matrix Ego:
[[4.19377603e-01 3.87484307e-01 4.90068299e-01 8.34066770e-05]
 [3.06403342e-01 2.26562244e-01 2.33590012e-01 5.12054615e-03]
 [1.08875964e-02 1.06697722e-01 2.47764362e-01 4.41470784e-03]
 [3.47176317e-01 3.03764512e-01 4.32212367e-01 2.35259641e-01]]
Matrix Adv:
[[4.19377879e-01 3.87484421e-01 4.90068307e-01 5.14679274e-01]
 [3.09087385e-01 2.26608234e-01 2.33644787e-01 8.75671170e-02]
 [5.42105826e-01 1.06925725e-01 2.48154729e-01 6.59568967e-02]
 [5.58377277e-61 0.00000000e+00 0.00000000e+00 0.00000000e+00]]
--------------------------------------------------
[2026-05-14 15:22:28] ERROR: 
Matrix Ego:
[[4.19377603e-01 3.87484307e-01 4.90068299e-01 8.34066770e-05]
 [3.06403342e-01 2.26562244e-01 2.33590012e-01 5.12054615e-03]
 [1.08875964e-02 1.06697722e-01 2.47764362e-01 4.41470784e-03]
 [3.47185751e-01 3.03764512e-01 4.32212367e-01 2.35259641e-01]]
Matrix Adv:
[[4.19377879e-01 3.87484421e-01 4.90068307e-01 5.14679274e-01]
 [3.09087385e-01 2.26608234e-01 2.33644787e-01 8.75671170e-02]
 [5.42105826e-01 1.06925725e-01 2.48154729e-01 6.59568967e-02]
 [5.02539549e-61 0.00000000e+00 0.00000000e+00 0.00000000e+00]]
--------------------------------------------------
[2026-05-14 15:22:28] ERROR: 
Matrix Ego:
[[4.19377603e-01 3.87484307e-01 4.90068299e-01 8.34066770e-05]
 [3.06403342e-01 2.26562244e-01 2.33590012e-01 5.12054615e-03]
 [1.08875964e-02 1.06697722e-01 2.47764362e-01 4.41470784e-03]
 [3.47185751e-01 3.03764512e-01 4.32212367e-01 2.35259641e-01]]
Matrix Adv:
[[4.19377879e-01 3.87484421e-01 4.90068307e-01 5.14679274e-01]
 [3.09087385e-01 2.26608234e-01 2.33644787e-01 8.75671170e-02]
 [5.42105826e-01 1.06925725e-01 2.48154729e-01 6.59568967e-02]
 [5.02539549e-61 0.00000000e+00 0.00000000e+00 0.00000000e+00]]
--------------------------------------------------
[2026-05-14 15:22:29] ERROR: 
Matrix Ego:
[[4.19377603e-01 3.87484307e-01 4.90068299e-01 8.34066770e-05]
 [3.06403342e-01 2.26562244e-01 2.33590012e-01 5.12054615e-03]
 [1.08875964e-02 1.06697722e-01 2.47764362e-01 4.41470784e-03]
 [3.47196768e-01 3.03764512e-01 4.32212367e-01 2.35259641e-01]]
Matrix Adv:
[[4.19377879e-01 3.87484421e-01 4.90068307e-01 5.14679274e-01]
 [3.09087385e-01 2.26608234e-01 2.33644787e-01 8.75671170e-02]
 [5.42105826e-01 1.06925725e-01 2.48154729e-01 6.59568967e-02]
 [4.52285594e-61 0.00000000e+00 0.00000000e+00 0.00000000e+00]]
--------------------------------------------------
[2026-05-14 15:22:29] ERROR: 
Matrix Ego:
[[4.19377603e-01 3.87484307e-01 4.90068299e-01 8.34066770e-05]
 [3.06403342e-01 2.26562244e-01 2.33590012e-01 5.12054615e-03]
 [1.08875964e-02 1.06697722e-01 2.47764362e-01 4.41470784e-03]
 [3.47196768e-01 3.03764512e-01 4.32212367e-01 2.35259641e-01]]
Matrix Adv:
[[4.19377879e-01 3.87484421e-01 4.90068307e-01 5.14679274e-01]
 [3.09087385e-01 2.26608234e-01 2.33644787e-01 8.75671170e-02]
 [5.42105826e-01 1.06925725e-01 2.48154729e-01 6.59568967e-02]
 [4.52285594e-61 0.00000000e+00 0.00000000e+00 0.00000000e+00]]
--------------------------------------------------
[2026-05-14 15:22:29] ERROR: 
Matrix Ego:
[[4.19377603e-01 3.87484307e-01 4.90068299e-01 8.34066770e-05]
 [3.06403342e-01 2.26562244e-01 2.33590012e-01 5.12054615e-03]
 [1.08875964e-02 1.06697722e-01 2.47764362e-01 4.41470784e-03]
 [3.47209357e-01 3.03764512e-01 4.32212367e-01 2.35259641e-01]]
Matrix Adv:
[[4.19377879e-01 3.87484421e-01 4.90068307e-01 5.14679274e-01]
 [3.09087385e-01 2.26608234e-01 2.33644787e-01 8.75671170e-02]
 [5.42105826e-01 1.06925725e-01 2.48154729e-01 6.59568967e-02]
 [4.07057035e-61 0.00000000e+00 0.00000000e+00 0.00000000e+00]]
--------------------------------------------------
[2026-05-14 15:22:29] ERROR: 
Matrix Ego:
[[4.19377603e-01 3.87484307e-01 4.90068299e-01 8.34066770e-05]
 [3.06403342e-01 2.26562244e-01 2.33590012e-01 5.12054615e-03]
 [1.08875964e-02 1.06697722e-01 2.47764362e-01 4.41470784e-03]
 [3.47209357e-01 3.03764512e-01 4.32212367e-01 2.35259641e-01]]
Matrix Adv:
[[4.19377879e-01 3.87484421e-01 4.90068307e-01 5.14679274e-01]
 [3.09087385e-01 2.26608234e-01 2.33644787e-01 8.75671170e-02]
 [5.42105826e-01 1.06925725e-01 2.48154729e-01 6.59568967e-02]
 [4.07057035e-61 0.00000000e+00 0.00000000e+00 0.00000000e+00]]
--------------------------------------------------
[2026-05-14 15:22:29] ERROR: 
Matrix Ego:
[[4.19377603e-01 3.87484307e-01 4.90068299e-01 8.34066770e-05]
 [3.06403342e-01 2.26562244e-01 2.33590012e-01 5.12054615e-03]
 [1.08875964e-02 1.06697722e-01 2.47764362e-01 4.41470784e-03]
 [3.47223498e-01 3.03764512e-01 4.32212367e-01 2.35259641e-01]]
Matrix Adv:
[[4.19377879e-01 3.87484421e-01 4.90068307e-01 5.14679274e-01]
 [3.09087385e-01 2.26608234e-01 2.33644787e-01 8.75671170e-02]
 [5.42105826e-01 1.06925725e-01 2.48154729e-01 6.59568967e-02]
 [3.66351331e-61 0.00000000e+00 0.00000000e+00 0.00000000e+00]]
--------------------------------------------------
[2026-05-14 15:22:29] ERROR: 
Matrix Ego:
[[4.19377603e-01 3.87484307e-01 4.90068299e-01 8.34066770e-05]
 [3.06403342e-01 2.26562244e-01 2.33590012e-01 5.12054615e-03]
 [1.08875964e-02 1.06697722e-01 2.47764362e-01 4.41470784e-03]
 [3.47223498e-01 3.03764512e-01 4.32212367e-01 2.35259641e-01]]
Matrix Adv:
[[4.19377879e-01 3.87484421e-01 4.90068307e-01 5.14679274e-01]
 [3.09087385e-01 2.26608234e-01 2.33644787e-01 8.75671170e-02]
 [5.42105826e-01 1.06925725e-01 2.48154729e-01 6.59568967e-02]
 [3.66351331e-61 0.00000000e+00 0.00000000e+00 0.00000000e+00]]
--------------------------------------------------
[2026-05-14 15:22:29] ERROR: 
Matrix Ego:
[[4.19377603e-01 3.87484307e-01 4.90068299e-01 8.34066770e-05]
 [3.06403342e-01 2.26562244e-01 2.33590012e-01 5.12054615e-03]
 [1.08875964e-02 1.06697722e-01 2.47764362e-01 4.41470784e-03]
 [3.47236225e-01 3.03764512e-01 4.32212367e-01 2.35259641e-01]]
Matrix Adv:
[[4.19377879e-01 3.87484421e-01 4.90068307e-01 5.14679274e-01]
 [3.09087385e-01 2.26608234e-01 2.33644787e-01 8.75671170e-02]
 [5.42105826e-01 1.06925725e-01 2.48154729e-01 6.59568967e-02]
 [3.29716198e-61 0.00000000e+00 0.00000000e+00 0.00000000e+00]]
--------------------------------------------------
[2026-05-14 15:22:29] ERROR: 
Matrix Ego:
[[4.19377603e-01 3.87484307e-01 4.90068299e-01 8.34066770e-05]
 [3.06403342e-01 2.26562244e-01 2.33590012e-01 5.12054615e-03]
 [1.08875964e-02 1.06697722e-01 2.47764362e-01 4.41470784e-03]
 [3.47236225e-01 3.03764512e-01 4.32212367e-01 2.35259641e-01]]
Matrix Adv:
[[4.19377879e-01 3.87484421e-01 4.90068307e-01 5.14679274e-01]
 [3.09087385e-01 2.26608234e-01 2.33644787e-01 8.75671170e-02]
 [5.42105826e-01 1.06925725e-01 2.48154729e-01 6.59568967e-02]
 [3.29716198e-61 0.00000000e+00 0.00000000e+00 0.00000000e+00]]
--------------------------------------------------
[2026-05-14 15:22:30] ERROR: 
Matrix Ego:
[[4.19377603e-01 3.87484307e-01 4.90068299e-01 8.34066770e-05]
 [3.06403342e-01 2.26562244e-01 2.33590012e-01 5.12054615e-03]
 [1.08875964e-02 1.06697722e-01 2.47764362e-01 4.41470784e-03]
 [3.47250575e-01 3.03764512e-01 4.32212367e-01 2.35259641e-01]]
Matrix Adv:
[[4.19377879e-01 3.87484421e-01 4.90068307e-01 5.14679274e-01]
 [3.09087385e-01 2.26608234e-01 2.33644787e-01 8.75671170e-02]
 [5.42105826e-01 1.06925725e-01 2.48154729e-01 6.59568967e-02]
 [2.96744578e-61 0.00000000e+00 0.00000000e+00 0.00000000e+00]]
--------------------------------------------------
[2026-05-14 15:22:30] ERROR: 
Matrix Ego:
[[4.19377603e-01 3.87484307e-01 4.90068299e-01 8.34066770e-05]
 [3.06403342e-01 2.26562244e-01 2.33590012e-01 5.12054615e-03]
 [1.08875964e-02 1.06697722e-01 2.47764362e-01 4.41470784e-03]
 [3.47250575e-01 3.03764512e-01 4.32212367e-01 2.35259641e-01]]
Matrix Adv:
[[4.19377879e-01 3.87484421e-01 4.90068307e-01 5.14679274e-01]
 [3.09087385e-01 2.26608234e-01 2.33644787e-01 8.75671170e-02]
 [5.42105826e-01 1.06925725e-01 2.48154729e-01 6.59568967e-02]
 [2.96744578e-61 0.00000000e+00 0.00000000e+00 0.00000000e+00]]
--------------------------------------------------
[2026-05-14 15:22:30] ERROR: 
Matrix Ego:
[[4.19377603e-01 3.87484307e-01 4.90068299e-01 8.34066770e-05]
 [3.06403342e-01 2.26562244e-01 2.33590012e-01 5.12054615e-03]
 [1.08875964e-02 1.06697722e-01 2.47764362e-01 4.41470784e-03]
 [3.47263489e-01 3.03764512e-01 4.32212367e-01 2.35259641e-01]]
Matrix Adv:
[[4.19377879e-01 3.87484421e-01 4.90068307e-01 5.14679274e-01]
 [3.09087385e-01 2.26608234e-01 2.33644787e-01 8.75671170e-02]
 [5.42105826e-01 1.06925725e-01 2.48154729e-01 6.59568967e-02]
 [2.67070121e-61 0.00000000e+00 0.00000000e+00 0.00000000e+00]]
--------------------------------------------------
[2026-05-14 15:22:30] ERROR: 
Matrix Ego:
[[4.19377603e-01 3.87484307e-01 4.90068299e-01 8.34066770e-05]
 [3.06403342e-01 2.26562244e-01 2.33590012e-01 5.12054615e-03]
 [1.08875964e-02 1.06697722e-01 2.47764362e-01 4.41470784e-03]
 [3.47263489e-01 3.03764512e-01 4.32212367e-01 2.35259641e-01]]
Matrix Adv:
[[4.19377879e-01 3.87484421e-01 4.90068307e-01 5.14679274e-01]
 [3.09087385e-01 2.26608234e-01 2.33644787e-01 8.75671170e-02]
 [5.42105826e-01 1.06925725e-01 2.48154729e-01 6.59568967e-02]
 [2.67070121e-61 0.00000000e+00 0.00000000e+00 0.00000000e+00]]
--------------------------------------------------
[2026-05-14 15:22:30] ERROR: 
Matrix Ego:
[[4.19377603e-01 3.87484307e-01 4.90068299e-01 8.34066770e-05]
 [3.06403342e-01 2.26562244e-01 2.33590012e-01 5.12054615e-03]
 [1.08875964e-02 1.06697722e-01 2.47764362e-01 4.41470784e-03]
 [3.47278088e-01 3.03764512e-01 4.32212367e-01 2.35259641e-01]]
Matrix Adv:
[[4.19377879e-01 3.87484421e-01 4.90068307e-01 5.14679274e-01]
 [3.09087385e-01 2.26608234e-01 2.33644787e-01 8.75671170e-02]
 [5.42105826e-01 1.06925725e-01 2.48154729e-01 6.59568967e-02]
 [2.40363108e-61 0.00000000e+00 0.00000000e+00 0.00000000e+00]]
--------------------------------------------------
[2026-05-14 15:22:30] ERROR: 
Matrix Ego:
[[4.19377603e-01 3.87484307e-01 4.90068299e-01 8.34066770e-05]
 [3.06403342e-01 2.26562244e-01 2.33590012e-01 5.12054615e-03]
 [1.08875964e-02 1.06697722e-01 2.47764362e-01 4.41470784e-03]
 [3.47278088e-01 3.03764512e-01 4.32212367e-01 2.35259641e-01]]
Matrix Adv:
[[4.19377879e-01 3.87484421e-01 4.90068307e-01 5.14679274e-01]
 [3.09087385e-01 2.26608234e-01 2.33644787e-01 8.75671170e-02]
 [5.42105826e-01 1.06925725e-01 2.48154729e-01 6.59568967e-02]
 [2.40363108e-61 0.00000000e+00 0.00000000e+00 0.00000000e+00]]
--------------------------------------------------
[2026-05-14 15:22:30] ERROR: 
Matrix Ego:
[[4.19377603e-01 3.87484307e-01 4.90068299e-01 8.34066770e-05]
 [3.06403342e-01 2.26562244e-01 2.33590012e-01 5.12054615e-03]
 [1.08875964e-02 1.06697722e-01 2.47764362e-01 4.41470784e-03]
 [3.47294280e-01 3.03764512e-01 4.32212367e-01 2.35259641e-01]]
Matrix Adv:
[[4.19377879e-01 3.87484421e-01 4.90068307e-01 5.14679274e-01]
 [3.09087385e-01 2.26608234e-01 2.33644787e-01 8.75671170e-02]
 [5.42105826e-01 1.06925725e-01 2.48154729e-01 6.59568967e-02]
 [2.16326798e-61 0.00000000e+00 0.00000000e+00 0.00000000e+00]]
--------------------------------------------------
[2026-05-14 15:22:30] ERROR: 
Matrix Ego:
[[4.19377603e-01 3.87484307e-01 4.90068299e-01 8.34066770e-05]
 [3.06403342e-01 2.26562244e-01 2.33590012e-01 5.12054615e-03]
 [1.08875964e-02 1.06697722e-01 2.47764362e-01 4.41470784e-03]
 [3.47294280e-01 3.03764512e-01 4.32212367e-01 2.35259641e-01]]
Matrix Adv:
[[4.19377879e-01 3.87484421e-01 4.90068307e-01 5.14679274e-01]
 [3.09087385e-01 2.26608234e-01 2.33644787e-01 8.75671170e-02]
 [5.42105826e-01 1.06925725e-01 2.48154729e-01 6.59568967e-02]
 [2.16326798e-61 0.00000000e+00 0.00000000e+00 0.00000000e+00]]
--------------------------------------------------
[2026-05-14 15:22:31] ERROR: 
Matrix Ego:
[[4.19377603e-01 3.87484307e-01 4.90068299e-01 8.34066770e-05]
 [3.06403342e-01 2.26562244e-01 2.33590012e-01 5.12054615e-03]
 [1.08875964e-02 1.06697722e-01 2.47764362e-01 4.41470784e-03]
 [3.47311947e-01 3.03764512e-01 4.32212367e-01 2.35259641e-01]]
Matrix Adv:
[[4.19377879e-01 3.87484421e-01 4.90068307e-01 5.14679274e-01]
 [3.09087385e-01 2.26608234e-01 2.33644787e-01 8.75671170e-02]
 [5.42105826e-01 1.06925725e-01 2.48154729e-01 6.59568967e-02]
 [1.94694118e-61 0.00000000e+00 0.00000000e+00 0.00000000e+00]]
--------------------------------------------------
[2026-05-14 15:22:31] ERROR: 
Matrix Ego:
[[4.19377603e-01 3.87484307e-01 4.90068299e-01 8.34066770e-05]
 [3.06403342e-01 2.26562244e-01 2.33590012e-01 5.12054615e-03]
 [1.08875964e-02 1.06697722e-01 2.47764362e-01 4.41470784e-03]
 [3.47311947e-01 3.03764512e-01 4.32212367e-01 2.35259641e-01]]
Matrix Adv:
[[4.19377879e-01 3.87484421e-01 4.90068307e-01 5.14679274e-01]
 [3.09087385e-01 2.26608234e-01 2.33644787e-01 8.75671170e-02]
 [5.42105826e-01 1.06925725e-01 2.48154729e-01 6.59568967e-02]
 [1.94694118e-61 0.00000000e+00 0.00000000e+00 0.00000000e+00]]
--------------------------------------------------
[2026-05-14 15:22:31] ERROR: 
Matrix Ego:
[[4.19377603e-01 3.87484307e-01 4.90068299e-01 8.34066770e-05]
 [3.06403342e-01 2.26562244e-01 2.33590012e-01 5.12054615e-03]
 [1.08875964e-02 1.06697722e-01 2.47764362e-01 4.41470784e-03]
 [3.47330927e-01 3.03764512e-01 4.32212367e-01 2.35259641e-01]]
Matrix Adv:
[[4.19377879e-01 3.87484421e-01 4.90068307e-01 5.14679274e-01]
 [3.09087385e-01 2.26608234e-01 2.33644787e-01 8.75671170e-02]
 [5.42105826e-01 1.06925725e-01 2.48154729e-01 6.59568967e-02]
 [1.75224706e-61 0.00000000e+00 0.00000000e+00 0.00000000e+00]]
--------------------------------------------------
[2026-05-14 15:22:31] ERROR: 
Matrix Ego:
[[4.19377603e-01 3.87484307e-01 4.90068299e-01 8.34066770e-05]
 [3.06403342e-01 2.26562244e-01 2.33590012e-01 5.12054615e-03]
 [1.08875964e-02 1.06697722e-01 2.47764362e-01 4.41470784e-03]
 [3.47330927e-01 3.03764512e-01 4.32212367e-01 2.35259641e-01]]
Matrix Adv:
[[4.19377879e-01 3.87484421e-01 4.90068307e-01 5.14679274e-01]
 [3.09087385e-01 2.26608234e-01 2.33644787e-01 8.75671170e-02]
 [5.42105826e-01 1.06925725e-01 2.48154729e-01 6.59568967e-02]
 [1.75224706e-61 0.00000000e+00 0.00000000e+00 0.00000000e+00]]
--------------------------------------------------
[2026-05-14 15:22:31] ERROR: 
Matrix Ego:
[[4.19377603e-01 3.87484307e-01 4.90068299e-01 8.34066770e-05]
 [3.06403342e-01 2.26562244e-01 2.33590012e-01 5.12054615e-03]
 [1.08875964e-02 1.06697722e-01 2.47764362e-01 4.41470784e-03]
 [3.47351016e-01 3.03764512e-01 4.32212367e-01 2.35259641e-01]]
Matrix Adv:
[[4.19377879e-01 3.87484421e-01 4.90068307e-01 5.14679274e-01]
 [3.09087385e-01 2.26608234e-01 2.33644787e-01 8.75671170e-02]
 [5.42105826e-01 1.06925725e-01 2.48154729e-01 6.59568967e-02]
 [1.57702235e-61 0.00000000e+00 0.00000000e+00 0.00000000e+00]]
--------------------------------------------------
[2026-05-14 15:22:31] ERROR: 
Matrix Ego:
[[4.19377603e-01 3.87484307e-01 4.90068299e-01 8.34066770e-05]
 [3.06403342e-01 2.26562244e-01 2.33590012e-01 5.12054615e-03]
 [1.08875964e-02 1.06697722e-01 2.47764362e-01 4.41470784e-03]
 [3.47351016e-01 3.03764512e-01 4.32212367e-01 2.35259641e-01]]
Matrix Adv:
[[4.19377879e-01 3.87484421e-01 4.90068307e-01 5.14679274e-01]
 [3.09087385e-01 2.26608234e-01 2.33644787e-01 8.75671170e-02]
 [5.42105826e-01 1.06925725e-01 2.48154729e-01 6.59568967e-02]
 [1.57702235e-61 0.00000000e+00 0.00000000e+00 0.00000000e+00]]
--------------------------------------------------
[2026-05-14 15:22:31] ERROR: 
Matrix Ego:
[[4.19377603e-01 3.87484307e-01 4.90068299e-01 8.34066770e-05]
 [3.14546737e-01 2.26562244e-01 2.33590012e-01 5.12054615e-03]
 [1.08875964e-02 1.06697722e-01 2.47764362e-01 4.41470784e-03]
 [3.47351016e-01 3.03764512e-01 4.32212367e-01 2.35259641e-01]]
Matrix Adv:
[[4.19377879e-01 3.87484421e-01 4.90068307e-01 5.14679274e-01]
 [3.17073764e-01 2.26608234e-01 2.33644787e-01 8.75671170e-02]
 [5.42105826e-01 1.06925725e-01 2.48154729e-01 6.59568967e-02]
 [1.57702235e-61 0.00000000e+00 0.00000000e+00 0.00000000e+00]]
--------------------------------------------------
[2026-05-14 15:22:31] ERROR: 
Matrix Ego:
[[4.19377603e-01 3.87484307e-01 4.90068299e-01 8.34066770e-05]
 [3.14546737e-01 2.26562244e-01 2.33590012e-01 5.12054615e-03]
 [1.08875964e-02 1.06697722e-01 2.47764362e-01 4.41470784e-03]
 [3.47351016e-01 3.03764512e-01 4.32212367e-01 2.35259641e-01]]
Matrix Adv:
[[4.19377879e-01 3.87484421e-01 4.90068307e-01 5.14679274e-01]
 [3.17073764e-01 2.26608234e-01 2.33644787e-01 8.75671170e-02]
 [5.42105826e-01 1.06925725e-01 2.48154729e-01 6.59568967e-02]
 [1.57702235e-61 0.00000000e+00 0.00000000e+00 0.00000000e+00]]
--------------------------------------------------
[2026-05-14 15:22:32] ERROR: 
Matrix Ego:
[[4.19377603e-01 3.87484307e-01 4.90068299e-01 8.34066770e-05]
 [3.14546737e-01 2.26562244e-01 2.33590012e-01 5.12054615e-03]
 [1.08875964e-02 1.06697722e-01 2.47764362e-01 4.41470784e-03]
 [3.47371972e-01 3.03764512e-01 4.32212367e-01 2.35259641e-01]]
Matrix Adv:
[[4.19377879e-01 3.87484421e-01 4.90068307e-01 5.14679274e-01]
 [3.17073764e-01 2.26608234e-01 2.33644787e-01 8.75671170e-02]
 [5.42105826e-01 1.06925725e-01 2.48154729e-01 6.59568967e-02]
 [1.41932012e-61 0.00000000e+00 0.00000000e+00 0.00000000e+00]]
--------------------------------------------------
[2026-05-14 15:22:32] ERROR: 
Matrix Ego:
[[4.19377603e-01 3.87484307e-01 4.90068299e-01 8.34066770e-05]
 [3.14546737e-01 2.26562244e-01 2.33590012e-01 5.12054615e-03]
 [1.08875964e-02 1.06697722e-01 2.47764362e-01 4.41470784e-03]
 [3.47371972e-01 3.03764512e-01 4.32212367e-01 2.35259641e-01]]
Matrix Adv:
[[4.19377879e-01 3.87484421e-01 4.90068307e-01 5.14679274e-01]
 [3.17073764e-01 2.26608234e-01 2.33644787e-01 8.75671170e-02]
 [5.42105826e-01 1.06925725e-01 2.48154729e-01 6.59568967e-02]
 [1.41932012e-61 0.00000000e+00 0.00000000e+00 0.00000000e+00]]
--------------------------------------------------
[2026-05-14 15:22:32] ERROR: 
Matrix Ego:
[[4.19377603e-01 3.87484307e-01 4.90068299e-01 8.34066770e-05]
 [3.14546737e-01 2.26562244e-01 2.33590012e-01 5.12054615e-03]
 [1.08875964e-02 1.06697722e-01 2.47764362e-01 4.41470784e-03]
 [3.47393524e-01 3.03764512e-01 4.32212367e-01 2.35259641e-01]]
Matrix Adv:
[[4.19377879e-01 3.87484421e-01 4.90068307e-01 5.14679274e-01]
 [3.17073764e-01 2.26608234e-01 2.33644787e-01 8.75671170e-02]
 [5.42105826e-01 1.06925725e-01 2.48154729e-01 6.59568967e-02]
 [1.27738811e-61 0.00000000e+00 0.00000000e+00 0.00000000e+00]]
--------------------------------------------------
[2026-05-14 15:22:32] ERROR: 
Matrix Ego:
[[4.19377603e-01 3.87484307e-01 4.90068299e-01 8.34066770e-05]
 [3.14546737e-01 2.26562244e-01 2.33590012e-01 5.12054615e-03]
 [1.08875964e-02 1.06697722e-01 2.47764362e-01 4.41470784e-03]
 [3.47393524e-01 3.03764512e-01 4.32212367e-01 2.35259641e-01]]
Matrix Adv:
[[4.19377879e-01 3.87484421e-01 4.90068307e-01 5.14679274e-01]
 [3.17073764e-01 2.26608234e-01 2.33644787e-01 8.75671170e-02]
 [5.42105826e-01 1.06925725e-01 2.48154729e-01 6.59568967e-02]
 [1.27738811e-61 0.00000000e+00 0.00000000e+00 0.00000000e+00]]
--------------------------------------------------
[2026-05-14 15:22:32] ERROR: 
Matrix Ego:
[[4.19377603e-01 3.87484307e-01 4.90068299e-01 8.34066770e-05]
 [3.14546737e-01 2.26562244e-01 2.33590012e-01 5.12054615e-03]
 [1.08875964e-02 1.06697722e-01 2.47764362e-01 4.41470784e-03]
 [3.47415344e-01 3.03764512e-01 4.32212367e-01 2.35259641e-01]]
Matrix Adv:
[[4.19377879e-01 3.87484421e-01 4.90068307e-01 5.14679274e-01]
 [3.17073764e-01 2.26608234e-01 2.33644787e-01 8.75671170e-02]
 [5.42105826e-01 1.06925725e-01 2.48154729e-01 6.59568967e-02]
 [1.14964930e-61 0.00000000e+00 0.00000000e+00 0.00000000e+00]]
--------------------------------------------------
[2026-05-14 15:22:32] ERROR: 
Matrix Ego:
[[4.19377603e-01 3.87484307e-01 4.90068299e-01 8.34066770e-05]
 [3.14546737e-01 2.26562244e-01 2.33590012e-01 5.12054615e-03]
 [1.08875964e-02 1.06697722e-01 2.47764362e-01 4.41470784e-03]
 [3.47415344e-01 3.03764512e-01 4.32212367e-01 2.35259641e-01]]
Matrix Adv:
[[4.19377879e-01 3.87484421e-01 4.90068307e-01 5.14679274e-01]
 [3.17073764e-01 2.26608234e-01 2.33644787e-01 8.75671170e-02]
 [5.42105826e-01 1.06925725e-01 2.48154729e-01 6.59568967e-02]
 [1.14964930e-61 0.00000000e+00 0.00000000e+00 0.00000000e+00]]
--------------------------------------------------
[2026-05-14 15:22:32] ERROR: 
Matrix Ego:
[[4.19377603e-01 3.87484307e-01 4.90068299e-01 8.34066770e-05]
 [3.14546737e-01 2.26562244e-01 2.33590012e-01 5.12054615e-03]
 [1.08875964e-02 1.06697722e-01 2.47764362e-01 4.41470784e-03]
 [3.47437207e-01 3.03764512e-01 4.32212367e-01 2.35259641e-01]]
Matrix Adv:
[[4.19377879e-01 3.87484421e-01 4.90068307e-01 5.14679274e-01]
 [3.17073764e-01 2.26608234e-01 2.33644787e-01 8.75671170e-02]
 [5.42105826e-01 1.06925725e-01 2.48154729e-01 6.59568967e-02]
 [1.03468437e-61 0.00000000e+00 0.00000000e+00 0.00000000e+00]]
--------------------------------------------------
[2026-05-14 15:22:32] ERROR: 
Matrix Ego:
[[4.19377603e-01 3.87484307e-01 4.90068299e-01 8.34066770e-05]
 [3.14546737e-01 2.26562244e-01 2.33590012e-01 5.12054615e-03]
 [1.08875964e-02 1.06697722e-01 2.47764362e-01 4.41470784e-03]
 [3.47437207e-01 3.03764512e-01 4.32212367e-01 2.35259641e-01]]
Matrix Adv:
[[4.19377879e-01 3.87484421e-01 4.90068307e-01 5.14679274e-01]
 [3.17073764e-01 2.26608234e-01 2.33644787e-01 8.75671170e-02]
 [5.42105826e-01 1.06925725e-01 2.48154729e-01 6.59568967e-02]
 [1.03468437e-61 0.00000000e+00 0.00000000e+00 0.00000000e+00]]
--------------------------------------------------
[2026-05-14 15:22:33] ERROR: 
Matrix Ego:
[[4.19377603e-01 3.87484307e-01 4.90068299e-01 8.34066770e-05]
 [3.14546737e-01 2.26562244e-01 2.33590012e-01 5.12054615e-03]
 [1.08875964e-02 1.06697722e-01 2.47764362e-01 4.41470784e-03]
 [3.47458877e-01 3.03764512e-01 4.32212367e-01 2.35259641e-01]]
Matrix Adv:
[[4.19377879e-01 3.87484421e-01 4.90068307e-01 5.14679274e-01]
 [3.17073764e-01 2.26608234e-01 2.33644787e-01 8.75671170e-02]
 [5.42105826e-01 1.06925725e-01 2.48154729e-01 6.59568967e-02]
 [9.31215930e-62 0.00000000e+00 0.00000000e+00 0.00000000e+00]]
--------------------------------------------------
[2026-05-14 15:22:33] ERROR: 
Matrix Ego:
[[4.19377603e-01 3.87484307e-01 4.90068299e-01 8.34066770e-05]
 [3.14546737e-01 2.26562244e-01 2.33590012e-01 5.12054615e-03]
 [1.08875964e-02 1.06697722e-01 2.47764362e-01 4.41470784e-03]
 [3.47458877e-01 3.03764512e-01 4.32212367e-01 2.35259641e-01]]
Matrix Adv:
[[4.19377879e-01 3.87484421e-01 4.90068307e-01 5.14679274e-01]
 [3.17073764e-01 2.26608234e-01 2.33644787e-01 8.75671170e-02]
 [5.42105826e-01 1.06925725e-01 2.48154729e-01 6.59568967e-02]
 [9.31215930e-62 0.00000000e+00 0.00000000e+00 0.00000000e+00]]
--------------------------------------------------
[2026-05-14 15:22:33] ERROR: 
Matrix Ego:
[[4.19377603e-01 3.87484307e-01 4.90068299e-01 8.34066770e-05]
 [3.14546737e-01 2.26562244e-01 2.33590012e-01 5.12054615e-03]
 [1.08875964e-02 1.06697722e-01 2.47764362e-01 4.41470784e-03]
 [3.47480115e-01 3.03764512e-01 4.32212367e-01 2.35259641e-01]]
Matrix Adv:
[[4.19377879e-01 3.87484421e-01 4.90068307e-01 5.14679274e-01]
 [3.17073764e-01 2.26608234e-01 2.33644787e-01 8.75671170e-02]
 [5.42105826e-01 1.06925725e-01 2.48154729e-01 6.59568967e-02]
 [8.38094337e-62 0.00000000e+00 0.00000000e+00 0.00000000e+00]]
--------------------------------------------------
[2026-05-14 15:22:33] ERROR: 
Matrix Ego:
[[4.19377603e-01 3.87484307e-01 4.90068299e-01 8.34066770e-05]
 [3.14546737e-01 2.26562244e-01 2.33590012e-01 5.12054615e-03]
 [1.08875964e-02 1.06697722e-01 2.47764362e-01 4.41470784e-03]
 [3.47480115e-01 3.03764512e-01 4.32212367e-01 2.35259641e-01]]
Matrix Adv:
[[4.19377879e-01 3.87484421e-01 4.90068307e-01 5.14679274e-01]
 [3.17073764e-01 2.26608234e-01 2.33644787e-01 8.75671170e-02]
 [5.42105826e-01 1.06925725e-01 2.48154729e-01 6.59568967e-02]
 [8.38094337e-62 0.00000000e+00 0.00000000e+00 0.00000000e+00]]
--------------------------------------------------
[2026-05-14 15:22:33] ERROR: 
Matrix Ego:
[[4.19377603e-01 3.87484307e-01 4.90068299e-01 8.34066770e-05]
 [3.14546737e-01 2.26562244e-01 2.33590012e-01 5.12054615e-03]
 [1.08875964e-02 1.06697722e-01 2.47764362e-01 4.41470784e-03]
 [3.47500692e-01 3.03764512e-01 4.32212367e-01 2.35259641e-01]]
Matrix Adv:
[[4.19377879e-01 3.87484421e-01 4.90068307e-01 5.14679274e-01]
 [3.17073764e-01 2.26608234e-01 2.33644787e-01 8.75671170e-02]
 [5.42105826e-01 1.06925725e-01 2.48154729e-01 6.59568967e-02]
 [7.54284904e-62 0.00000000e+00 0.00000000e+00 0.00000000e+00]]
--------------------------------------------------
[2026-05-14 15:22:33] ERROR: 
Matrix Ego:
[[4.19377603e-01 3.87484307e-01 4.90068299e-01 8.34066770e-05]
 [3.14546737e-01 2.26562244e-01 2.33590012e-01 5.12054615e-03]
 [1.08875964e-02 1.06697722e-01 2.47764362e-01 4.41470784e-03]
 [3.47500692e-01 3.03764512e-01 4.32212367e-01 2.35259641e-01]]
Matrix Adv:
[[4.19377879e-01 3.87484421e-01 4.90068307e-01 5.14679274e-01]
 [3.17073764e-01 2.26608234e-01 2.33644787e-01 8.75671170e-02]
 [5.42105826e-01 1.06925725e-01 2.48154729e-01 6.59568967e-02]
 [7.54284904e-62 0.00000000e+00 0.00000000e+00 0.00000000e+00]]
--------------------------------------------------
[2026-05-14 15:22:34] ERROR: 
Matrix Ego:
[[4.19377603e-01 3.87484307e-01 4.90068299e-01 8.34066770e-05]
 [3.14546737e-01 2.26562244e-01 2.33590012e-01 5.12054615e-03]
 [9.79883674e-03 1.06697722e-01 2.47764362e-01 4.41470784e-03]
 [3.47500692e-01 3.03764512e-01 4.32212367e-01 2.35259641e-01]]
Matrix Adv:
[[4.19377879e-01 3.87484421e-01 4.90068307e-01 5.14679274e-01]
 [3.17073764e-01 2.26608234e-01 2.33644787e-01 8.75671170e-02]
 [5.50765693e-01 1.06925725e-01 2.48154729e-01 6.59568967e-02]
 [7.54284904e-62 0.00000000e+00 0.00000000e+00 0.00000000e+00]]
--------------------------------------------------
[2026-05-14 15:22:34] ERROR: 
Matrix Ego:
[[4.19377603e-01 3.87484307e-01 4.90068299e-01 8.34066770e-05]
 [3.14546737e-01 2.26562244e-01 2.33590012e-01 5.12054615e-03]
 [9.79883674e-03 1.06697722e-01 2.47764362e-01 4.41470784e-03]
 [3.47500692e-01 3.03764512e-01 4.32212367e-01 2.35259641e-01]]
Matrix Adv:
[[4.19377879e-01 3.87484421e-01 4.90068307e-01 5.14679274e-01]
 [3.17073764e-01 2.26608234e-01 2.33644787e-01 8.75671170e-02]
 [5.50765693e-01 1.06925725e-01 2.48154729e-01 6.59568967e-02]
 [7.54284904e-62 0.00000000e+00 0.00000000e+00 0.00000000e+00]]
--------------------------------------------------
[2026-05-14 15:22:34] ERROR: 
Matrix Ego:
[[4.19377603e-01 3.87484307e-01 4.90068299e-01 8.34066770e-05]
 [3.14546737e-01 2.26562244e-01 2.33590012e-01 5.12054615e-03]
 [9.79883674e-03 1.06697722e-01 2.47764362e-01 4.41470784e-03]
 [3.47520398e-01 3.03764512e-01 4.32212367e-01 2.35259641e-01]]
Matrix Adv:
[[4.19377879e-01 3.87484421e-01 4.90068307e-01 5.14679274e-01]
 [3.17073764e-01 2.26608234e-01 2.33644787e-01 8.75671170e-02]
 [5.50765693e-01 1.06925725e-01 2.48154729e-01 6.59568967e-02]
 [6.78856413e-62 0.00000000e+00 0.00000000e+00 0.00000000e+00]]
--------------------------------------------------
[2026-05-14 15:22:34] ERROR: 
Matrix Ego:
[[4.19377603e-01 3.87484307e-01 4.90068299e-01 8.34066770e-05]
 [3.14546737e-01 2.26562244e-01 2.33590012e-01 5.12054615e-03]
 [9.79883674e-03 1.06697722e-01 2.47764362e-01 4.41470784e-03]
 [3.47520398e-01 3.03764512e-01 4.32212367e-01 2.35259641e-01]]
Matrix Adv:
[[4.19377879e-01 3.87484421e-01 4.90068307e-01 5.14679274e-01]
 [3.17073764e-01 2.26608234e-01 2.33644787e-01 8.75671170e-02]
 [5.50765693e-01 1.06925725e-01 2.48154729e-01 6.59568967e-02]
 [6.78856413e-62 0.00000000e+00 0.00000000e+00 0.00000000e+00]]
--------------------------------------------------
[2026-05-14 15:22:34] ERROR: 
Matrix Ego:
[[4.19377603e-01 3.87484307e-01 4.90068299e-01 8.34066770e-05]
 [3.14546737e-01 2.26562244e-01 2.33590012e-01 5.12054615e-03]
 [9.79883674e-03 1.06697722e-01 2.47764362e-01 4.20677745e-03]
 [3.47520398e-01 3.03764512e-01 4.32212367e-01 2.35259641e-01]]
Matrix Adv:
[[4.19377879e-01 3.87484421e-01 4.90068307e-01 5.14679274e-01]
 [3.17073764e-01 2.26608234e-01 2.33644787e-01 8.75671170e-02]
 [5.50765693e-01 1.06925725e-01 2.48154729e-01 6.83237866e-02]
 [6.78856413e-62 0.00000000e+00 0.00000000e+00 0.00000000e+00]]
--------------------------------------------------
[2026-05-14 15:22:34] ERROR: 
Matrix Ego:
[[4.19377603e-01 3.87484307e-01 4.90068299e-01 8.34066770e-05]
 [3.14546737e-01 2.26562244e-01 2.33590012e-01 5.12054615e-03]
 [9.79883674e-03 1.06697722e-01 2.47764362e-01 4.20677745e-03]
 [3.47520398e-01 3.03764512e-01 4.32212367e-01 2.35259641e-01]]
Matrix Adv:
[[4.19377879e-01 3.87484421e-01 4.90068307e-01 5.14679274e-01]
 [3.17073764e-01 2.26608234e-01 2.33644787e-01 8.75671170e-02]
 [5.50765693e-01 1.06925725e-01 2.48154729e-01 6.83237866e-02]
 [6.78856413e-62 0.00000000e+00 0.00000000e+00 0.00000000e+00]]
--------------------------------------------------
[2026-05-14 15:22:34] ERROR: 
Matrix Ego:
[[4.19377603e-01 3.87484307e-01 4.90068299e-01 8.34066770e-05]
 [3.14546737e-01 2.26562244e-01 2.33590012e-01 5.12054615e-03]
 [9.79883674e-03 1.06697722e-01 2.47764362e-01 4.20677745e-03]
 [3.47539049e-01 3.03764512e-01 4.32212367e-01 2.35259641e-01]]
Matrix Adv:
[[4.19377879e-01 3.87484421e-01 4.90068307e-01 5.14679274e-01]
 [3.17073764e-01 2.26608234e-01 2.33644787e-01 8.75671170e-02]
 [5.50765693e-01 1.06925725e-01 2.48154729e-01 6.83237866e-02]
 [6.10970772e-62 0.00000000e+00 0.00000000e+00 0.00000000e+00]]
--------------------------------------------------
[2026-05-14 15:22:34] ERROR: 
Matrix Ego:
[[4.19377603e-01 3.87484307e-01 4.90068299e-01 8.34066770e-05]
 [3.14546737e-01 2.26562244e-01 2.33590012e-01 5.12054615e-03]
 [9.79883674e-03 1.06697722e-01 2.47764362e-01 4.20677745e-03]
 [3.47539049e-01 3.03764512e-01 4.32212367e-01 2.35259641e-01]]
Matrix Adv:
[[4.19377879e-01 3.87484421e-01 4.90068307e-01 5.14679274e-01]
 [3.17073764e-01 2.26608234e-01 2.33644787e-01 8.75671170e-02]
 [5.50765693e-01 1.06925725e-01 2.48154729e-01 6.83237866e-02]
 [6.10970772e-62 0.00000000e+00 0.00000000e+00 0.00000000e+00]]
--------------------------------------------------
[2026-05-14 15:22:34] ERROR: 
Matrix Ego:
[[4.19377603e-01 3.87484307e-01 4.90068299e-01 8.34066770e-05]
 [3.14546737e-01 2.26562244e-01 2.33590012e-01 5.12054615e-03]
 [9.79883674e-03 1.06697722e-01 2.47764362e-01 4.20677745e-03]
 [3.47555836e-01 3.03764512e-01 4.32212367e-01 2.35259641e-01]]
Matrix Adv:
[[4.19377879e-01 3.87484421e-01 4.90068307e-01 5.14679274e-01]
 [3.17073764e-01 2.26608234e-01 2.33644787e-01 8.75671170e-02]
 [5.50765693e-01 1.06925725e-01 2.48154729e-01 6.83237866e-02]
 [5.49873695e-62 0.00000000e+00 0.00000000e+00 0.00000000e+00]]
--------------------------------------------------
[2026-05-14 15:22:34] ERROR: 
Matrix Ego:
[[4.19377603e-01 3.87484307e-01 4.90068299e-01 8.34066770e-05]
 [3.14546737e-01 2.26562244e-01 2.33590012e-01 5.12054615e-03]
 [9.79883674e-03 1.06697722e-01 2.47764362e-01 4.20677745e-03]
 [3.47555836e-01 3.03764512e-01 4.32212367e-01 2.35259641e-01]]
Matrix Adv:
[[4.19377879e-01 3.87484421e-01 4.90068307e-01 5.14679274e-01]
 [3.17073764e-01 2.26608234e-01 2.33644787e-01 8.75671170e-02]
 [5.50765693e-01 1.06925725e-01 2.48154729e-01 6.83237866e-02]
 [5.49873695e-62 0.00000000e+00 0.00000000e+00 0.00000000e+00]]
--------------------------------------------------
[2026-05-14 15:22:35] ERROR: 
Matrix Ego:
[[4.19377603e-01 3.87484307e-01 4.90068299e-01 8.34066770e-05]
 [3.14546737e-01 2.26562244e-01 2.33590012e-01 5.12054615e-03]
 [9.79883674e-03 1.06697722e-01 2.47764362e-01 4.20677745e-03]
 [3.47571604e-01 3.03764512e-01 4.32212367e-01 2.35259641e-01]]
Matrix Adv:
[[4.19377879e-01 3.87484421e-01 4.90068307e-01 5.14679274e-01]
 [3.17073764e-01 2.26608234e-01 2.33644787e-01 8.75671170e-02]
 [5.50765693e-01 1.06925725e-01 2.48154729e-01 6.83237866e-02]
 [4.94886325e-62 0.00000000e+00 0.00000000e+00 0.00000000e+00]]
--------------------------------------------------
[2026-05-14 15:22:35] ERROR: 
Matrix Ego:
[[4.19377603e-01 3.87484307e-01 4.90068299e-01 8.34066770e-05]
 [3.14546737e-01 2.26562244e-01 2.33590012e-01 5.12054615e-03]
 [9.79883674e-03 1.06697722e-01 2.47764362e-01 4.20677745e-03]
 [3.47571604e-01 3.03764512e-01 4.32212367e-01 2.35259641e-01]]
Matrix Adv:
[[4.19377879e-01 3.87484421e-01 4.90068307e-01 5.14679274e-01]
 [3.17073764e-01 2.26608234e-01 2.33644787e-01 8.75671170e-02]
 [5.50765693e-01 1.06925725e-01 2.48154729e-01 6.83237866e-02]
 [4.94886325e-62 0.00000000e+00 0.00000000e+00 0.00000000e+00]]
--------------------------------------------------
[2026-05-14 15:22:35] ERROR: 
Matrix Ego:
[[4.19377603e-01 3.87484307e-01 4.90068299e-01 8.34066770e-05]
 [3.14546737e-01 2.26562244e-01 2.33590012e-01 5.12054615e-03]
 [9.79883674e-03 1.06697722e-01 2.47764362e-01 4.20677745e-03]
 [3.47586222e-01 3.03764512e-01 4.32212367e-01 2.35259641e-01]]
Matrix Adv:
[[4.19377879e-01 3.87484421e-01 4.90068307e-01 5.14679274e-01]
 [3.17073764e-01 2.26608234e-01 2.33644787e-01 8.75671170e-02]
 [5.50765693e-01 1.06925725e-01 2.48154729e-01 6.83237866e-02]
 [4.45397693e-62 0.00000000e+00 0.00000000e+00 0.00000000e+00]]
--------------------------------------------------
[2026-05-14 15:22:35] ERROR: 
Matrix Ego:
[[4.19377603e-01 3.87484307e-01 4.90068299e-01 8.34066770e-05]
 [3.14546737e-01 2.26562244e-01 2.33590012e-01 5.12054615e-03]
 [9.79883674e-03 1.06697722e-01 2.47764362e-01 4.20677745e-03]
 [3.47586222e-01 3.03764512e-01 4.32212367e-01 2.35259641e-01]]
Matrix Adv:
[[4.19377879e-01 3.87484421e-01 4.90068307e-01 5.14679274e-01]
 [3.17073764e-01 2.26608234e-01 2.33644787e-01 8.75671170e-02]
 [5.50765693e-01 1.06925725e-01 2.48154729e-01 6.83237866e-02]
 [4.45397693e-62 0.00000000e+00 0.00000000e+00 0.00000000e+00]]
--------------------------------------------------
[2026-05-14 15:22:35] ERROR: 
Matrix Ego:
[[4.19377603e-01 3.87484307e-01 4.90068299e-01 8.34066770e-05]
 [3.14546737e-01 2.26562244e-01 2.33590012e-01 5.12054615e-03]
 [9.79883674e-03 1.06697722e-01 2.47764362e-01 4.20677745e-03]
 [3.47599283e-01 3.03764512e-01 4.32212367e-01 2.35259641e-01]]
Matrix Adv:
[[4.19377879e-01 3.87484421e-01 4.90068307e-01 5.14679274e-01]
 [3.17073764e-01 2.26608234e-01 2.33644787e-01 8.75671170e-02]
 [5.50765693e-01 1.06925725e-01 2.48154729e-01 6.83237866e-02]
 [4.00857923e-62 0.00000000e+00 0.00000000e+00 0.00000000e+00]]
--------------------------------------------------
[2026-05-14 15:22:35] ERROR: 
Matrix Ego:
[[4.19377603e-01 3.87484307e-01 4.90068299e-01 8.34066770e-05]
 [3.14546737e-01 2.26562244e-01 2.33590012e-01 5.12054615e-03]
 [9.79883674e-03 1.06697722e-01 2.47764362e-01 4.20677745e-03]
 [3.47599283e-01 3.03764512e-01 4.32212367e-01 2.35259641e-01]]
Matrix Adv:
[[4.19377879e-01 3.87484421e-01 4.90068307e-01 5.14679274e-01]
 [3.17073764e-01 2.26608234e-01 2.33644787e-01 8.75671170e-02]
 [5.50765693e-01 1.06925725e-01 2.48154729e-01 6.83237866e-02]
 [4.00857923e-62 0.00000000e+00 0.00000000e+00 0.00000000e+00]]
--------------------------------------------------
[2026-05-14 15:22:35] ERROR: 
Matrix Ego:
[[4.19377603e-01 3.87484307e-01 4.90068299e-01 8.34066770e-05]
 [3.14546737e-01 2.26562244e-01 2.33590012e-01 5.12054615e-03]
 [8.81895307e-03 1.06697722e-01 2.47764362e-01 4.20677745e-03]
 [3.47599283e-01 3.03764512e-01 4.32212367e-01 2.35259641e-01]]
Matrix Adv:
[[4.19377879e-01 3.87484421e-01 4.90068307e-01 5.14679274e-01]
 [3.17073764e-01 2.26608234e-01 2.33644787e-01 8.75671170e-02]
 [5.58559572e-01 1.06925725e-01 2.48154729e-01 6.83237866e-02]
 [4.00857923e-62 0.00000000e+00 0.00000000e+00 0.00000000e+00]]
--------------------------------------------------
[2026-05-14 15:22:35] ERROR: 
Matrix Ego:
[[4.19377603e-01 3.87484307e-01 4.90068299e-01 8.34066770e-05]
 [3.14546737e-01 2.26562244e-01 2.33590012e-01 5.12054615e-03]
 [8.81895307e-03 1.06697722e-01 2.47764362e-01 4.20677745e-03]
 [3.47599283e-01 3.03764512e-01 4.32212367e-01 2.35259641e-01]]
Matrix Adv:
[[4.19377879e-01 3.87484421e-01 4.90068307e-01 5.14679274e-01]
 [3.17073764e-01 2.26608234e-01 2.33644787e-01 8.75671170e-02]
 [5.58559572e-01 1.06925725e-01 2.48154729e-01 6.83237866e-02]
 [4.00857923e-62 0.00000000e+00 0.00000000e+00 0.00000000e+00]]
--------------------------------------------------
[2026-05-14 15:22:36] ERROR: 
Matrix Ego:
[[4.19377603e-01 3.87484307e-01 4.90068299e-01 8.34066770e-05]
 [3.14546737e-01 2.26562244e-01 2.33590012e-01 5.12054615e-03]
 [8.81895307e-03 1.06697722e-01 2.47764362e-01 4.20677745e-03]
 [3.47610261e-01 3.03764512e-01 4.32212367e-01 2.35259641e-01]]
Matrix Adv:
[[4.19377879e-01 3.87484421e-01 4.90068307e-01 5.14679274e-01]
 [3.17073764e-01 2.26608234e-01 2.33644787e-01 8.75671170e-02]
 [5.58559572e-01 1.06925725e-01 2.48154729e-01 6.83237866e-02]
 [3.60772131e-62 0.00000000e+00 0.00000000e+00 0.00000000e+00]]
--------------------------------------------------
[2026-05-14 15:22:36] ERROR: 
Matrix Ego:
[[4.19377603e-01 3.87484307e-01 4.90068299e-01 8.34066770e-05]
 [3.14546737e-01 2.26562244e-01 2.33590012e-01 5.12054615e-03]
 [8.81895307e-03 1.06697722e-01 2.47764362e-01 4.20677745e-03]
 [3.47610261e-01 3.03764512e-01 4.32212367e-01 2.35259641e-01]]
Matrix Adv:
[[4.19377879e-01 3.87484421e-01 4.90068307e-01 5.14679274e-01]
 [3.17073764e-01 2.26608234e-01 2.33644787e-01 8.75671170e-02]
 [5.58559572e-01 1.06925725e-01 2.48154729e-01 6.83237866e-02]
 [3.60772131e-62 0.00000000e+00 0.00000000e+00 0.00000000e+00]]
--------------------------------------------------
[2026-05-14 15:22:36] ERROR: 
Matrix Ego:
[[4.19377603e-01 3.87484307e-01 4.90068299e-01 8.34066770e-05]
 [3.14546737e-01 2.26562244e-01 2.33590012e-01 5.12054615e-03]
 [8.81895307e-03 1.06697722e-01 2.47764362e-01 4.20677745e-03]
 [3.47618622e-01 3.03764512e-01 4.32212367e-01 2.35259641e-01]]
Matrix Adv:
[[4.19377879e-01 3.87484421e-01 4.90068307e-01 5.14679274e-01]
 [3.17073764e-01 2.26608234e-01 2.33644787e-01 8.75671170e-02]
 [5.58559572e-01 1.06925725e-01 2.48154729e-01 6.83237866e-02]
 [3.24694918e-62 0.00000000e+00 0.00000000e+00 0.00000000e+00]]
--------------------------------------------------
[2026-05-14 15:22:36] ERROR: 
Matrix Ego:
[[4.19377603e-01 3.87484307e-01 4.90068299e-01 8.34066770e-05]
 [3.14546737e-01 2.26562244e-01 2.33590012e-01 5.12054615e-03]
 [8.81895307e-03 1.06697722e-01 2.47764362e-01 4.20677745e-03]
 [3.47618622e-01 3.03764512e-01 4.32212367e-01 2.35259641e-01]]
Matrix Adv:
[[4.19377879e-01 3.87484421e-01 4.90068307e-01 5.14679274e-01]
 [3.17073764e-01 2.26608234e-01 2.33644787e-01 8.75671170e-02]
 [5.58559572e-01 1.06925725e-01 2.48154729e-01 6.83237866e-02]
 [3.24694918e-62 0.00000000e+00 0.00000000e+00 0.00000000e+00]]
--------------------------------------------------
[2026-05-14 15:22:36] ERROR: 
Matrix Ego:
[[4.19377603e-01 3.87484307e-01 4.90068299e-01 8.34066770e-05]
 [3.14546737e-01 2.26562244e-01 2.33590012e-01 5.12054615e-03]
 [8.81895307e-03 1.06697722e-01 2.47764362e-01 4.20677745e-03]
 [3.47623889e-01 3.03764512e-01 4.32212367e-01 2.35259641e-01]]
Matrix Adv:
[[4.19377879e-01 3.87484421e-01 4.90068307e-01 5.14679274e-01]
 [3.17073764e-01 2.26608234e-01 2.33644787e-01 8.75671170e-02]
 [5.58559572e-01 1.06925725e-01 2.48154729e-01 6.83237866e-02]
 [2.92225426e-62 0.00000000e+00 0.00000000e+00 0.00000000e+00]]
--------------------------------------------------
[2026-05-14 15:22:36] ERROR: 
Matrix Ego:
[[4.19377603e-01 3.87484307e-01 4.90068299e-01 8.34066770e-05]
 [3.14546737e-01 2.26562244e-01 2.33590012e-01 5.12054615e-03]
 [8.81895307e-03 1.06697722e-01 2.47764362e-01 4.20677745e-03]
 [3.47623889e-01 3.03764512e-01 4.32212367e-01 2.35259641e-01]]
Matrix Adv:
[[4.19377879e-01 3.87484421e-01 4.90068307e-01 5.14679274e-01]
 [3.17073764e-01 2.26608234e-01 2.33644787e-01 8.75671170e-02]
 [5.58559572e-01 1.06925725e-01 2.48154729e-01 6.83237866e-02]
 [2.92225426e-62 0.00000000e+00 0.00000000e+00 0.00000000e+00]]
--------------------------------------------------
[2026-05-14 15:22:36] ERROR: 
Matrix Ego:
[[4.19377603e-01 3.87484307e-01 4.90068299e-01 8.34066770e-05]
 [3.14546737e-01 2.26562244e-01 2.33590012e-01 5.12054615e-03]
 [8.81895307e-03 1.06697722e-01 2.47764362e-01 4.20677745e-03]
 [3.47628630e-01 3.03764512e-01 4.32212367e-01 2.35259641e-01]]
Matrix Adv:
[[4.19377879e-01 3.87484421e-01 4.90068307e-01 5.14679274e-01]
 [3.17073764e-01 2.26608234e-01 2.33644787e-01 8.75671170e-02]
 [5.58559572e-01 1.06925725e-01 2.48154729e-01 6.83237866e-02]
 [2.63002884e-62 0.00000000e+00 0.00000000e+00 0.00000000e+00]]
--------------------------------------------------
[2026-05-14 15:22:36] ERROR: 
Matrix Ego:
[[4.19377603e-01 3.87484307e-01 4.90068299e-01 8.34066770e-05]
 [3.14546737e-01 2.26562244e-01 2.33590012e-01 5.12054615e-03]
 [8.81895307e-03 1.06697722e-01 2.47764362e-01 4.20677745e-03]
 [3.47628630e-01 3.03764512e-01 4.32212367e-01 2.35259641e-01]]
Matrix Adv:
[[4.19377879e-01 3.87484421e-01 4.90068307e-01 5.14679274e-01]
 [3.17073764e-01 2.26608234e-01 2.33644787e-01 8.75671170e-02]
 [5.58559572e-01 1.06925725e-01 2.48154729e-01 6.83237866e-02]
 [2.63002884e-62 0.00000000e+00 0.00000000e+00 0.00000000e+00]]
--------------------------------------------------
[2026-05-14 15:22:37] ERROR: 
Matrix Ego:
[[4.19377603e-01 3.87484307e-01 4.90068299e-01 8.34066770e-05]
 [3.14546737e-01 2.26562244e-01 2.33590012e-01 5.12054615e-03]
 [8.81895307e-03 1.06697722e-01 2.47764362e-01 4.20677745e-03]
 [3.47629839e-01 3.03764512e-01 4.32212367e-01 2.35259641e-01]]
Matrix Adv:
[[4.19377879e-01 3.87484421e-01 4.90068307e-01 5.14679274e-01]
 [3.17073764e-01 2.26608234e-01 2.33644787e-01 8.75671170e-02]
 [5.58559572e-01 1.06925725e-01 2.48154729e-01 6.83237866e-02]
 [2.36702595e-62 0.00000000e+00 0.00000000e+00 0.00000000e+00]]
--------------------------------------------------
[2026-05-14 15:22:37] ERROR: 
Matrix Ego:
[[4.19377603e-01 3.87484307e-01 4.90068299e-01 8.34066770e-05]
 [3.14546737e-01 2.26562244e-01 2.33590012e-01 5.12054615e-03]
 [8.81895307e-03 1.06697722e-01 2.47764362e-01 4.20677745e-03]
 [3.47629839e-01 3.03764512e-01 4.32212367e-01 2.35259641e-01]]
Matrix Adv:
[[4.19377879e-01 3.87484421e-01 4.90068307e-01 5.14679274e-01]
 [3.17073764e-01 2.26608234e-01 2.33644787e-01 8.75671170e-02]
 [5.58559572e-01 1.06925725e-01 2.48154729e-01 6.83237866e-02]
 [2.36702595e-62 0.00000000e+00 0.00000000e+00 0.00000000e+00]]
--------------------------------------------------
[2026-05-14 15:22:37] ERROR: 
Matrix Ego:
[[4.19377603e-01 3.87484307e-01 4.90068299e-01 8.34066770e-05]
 [3.14546737e-01 2.26562244e-01 2.33590012e-01 5.12054615e-03]
 [8.81895307e-03 1.06697722e-01 2.47764362e-01 4.20677745e-03]
 [3.47627232e-01 3.03764512e-01 4.32212367e-01 2.35259641e-01]]
Matrix Adv:
[[4.19377879e-01 3.87484421e-01 4.90068307e-01 5.14679274e-01]
 [3.17073764e-01 2.26608234e-01 2.33644787e-01 8.75671170e-02]
 [5.58559572e-01 1.06925725e-01 2.48154729e-01 6.83237866e-02]
 [2.13032336e-62 0.00000000e+00 0.00000000e+00 0.00000000e+00]]
--------------------------------------------------
[2026-05-14 15:22:37] ERROR: 
Matrix Ego:
[[4.19377603e-01 3.87484307e-01 4.90068299e-01 8.34066770e-05]
 [3.14546737e-01 2.26562244e-01 2.33590012e-01 5.12054615e-03]
 [8.81895307e-03 1.06697722e-01 2.47764362e-01 4.20677745e-03]
 [3.47627232e-01 3.03764512e-01 4.32212367e-01 2.35259641e-01]]
Matrix Adv:
[[4.19377879e-01 3.87484421e-01 4.90068307e-01 5.14679274e-01]
 [3.17073764e-01 2.26608234e-01 2.33644787e-01 8.75671170e-02]
 [5.58559572e-01 1.06925725e-01 2.48154729e-01 6.83237866e-02]
 [2.13032336e-62 0.00000000e+00 0.00000000e+00 0.00000000e+00]]
--------------------------------------------------
[2026-05-14 15:22:37] ERROR: 
Matrix Ego:
[[4.19377603e-01 3.87484307e-01 4.90068299e-01 7.50660093e-05]
 [3.14546737e-01 2.26562244e-01 2.33590012e-01 5.12054615e-03]
 [8.81895307e-03 1.06697722e-01 2.47764362e-01 4.20677745e-03]
 [3.47627232e-01 3.03764512e-01 4.32212367e-01 2.35259641e-01]]
Matrix Adv:
[[4.19377879e-01 3.87484421e-01 4.90068307e-01 5.17692643e-01]
 [3.17073764e-01 2.26608234e-01 2.33644787e-01 8.75671170e-02]
 [5.58559572e-01 1.06925725e-01 2.48154729e-01 6.83237866e-02]
 [2.13032336e-62 0.00000000e+00 0.00000000e+00 0.00000000e+00]]
--------------------------------------------------
[2026-05-14 15:22:37] ERROR: 
Matrix Ego:
[[4.19377603e-01 3.87484307e-01 4.90068299e-01 7.50660093e-05]
 [3.14546737e-01 2.26562244e-01 2.33590012e-01 5.12054615e-03]
 [8.81895307e-03 1.06697722e-01 2.47764362e-01 4.20677745e-03]
 [3.47627232e-01 3.03764512e-01 4.32212367e-01 2.35259641e-01]]
Matrix Adv:
[[4.19377879e-01 3.87484421e-01 4.90068307e-01 5.17692643e-01]
 [3.17073764e-01 2.26608234e-01 2.33644787e-01 8.75671170e-02]
 [5.58559572e-01 1.06925725e-01 2.48154729e-01 6.83237866e-02]
 [2.13032336e-62 0.00000000e+00 0.00000000e+00 0.00000000e+00]]
--------------------------------------------------
[2026-05-14 15:22:37] ERROR: 
Matrix Ego:
[[4.19377603e-01 3.87484307e-01 4.90068299e-01 7.50660093e-05]
 [3.14546737e-01 2.26562244e-01 2.33590012e-01 5.12054615e-03]
 [8.81895307e-03 1.06697722e-01 2.47764362e-01 4.20677745e-03]
 [3.47620707e-01 3.03764512e-01 4.32212367e-01 2.35259641e-01]]
Matrix Adv:
[[4.19377879e-01 3.87484421e-01 4.90068307e-01 5.17692643e-01]
 [3.17073764e-01 2.26608234e-01 2.33644787e-01 8.75671170e-02]
 [5.58559572e-01 1.06925725e-01 2.48154729e-01 6.83237866e-02]
 [1.91729102e-62 0.00000000e+00 0.00000000e+00 0.00000000e+00]]
--------------------------------------------------
[2026-05-14 15:22:37] ERROR: 
Matrix Ego:
[[4.19377603e-01 3.87484307e-01 4.90068299e-01 7.50660093e-05]
 [3.14546737e-01 2.26562244e-01 2.33590012e-01 5.12054615e-03]
 [8.81895307e-03 1.06697722e-01 2.47764362e-01 4.20677745e-03]
 [3.47620707e-01 3.03764512e-01 4.32212367e-01 2.35259641e-01]]
Matrix Adv:
[[4.19377879e-01 3.87484421e-01 4.90068307e-01 5.17692643e-01]
 [3.17073764e-01 2.26608234e-01 2.33644787e-01 8.75671170e-02]
 [5.58559572e-01 1.06925725e-01 2.48154729e-01 6.83237866e-02]
 [1.91729102e-62 0.00000000e+00 0.00000000e+00 0.00000000e+00]]
--------------------------------------------------
[2026-05-14 15:22:38] ERROR: 
Matrix Ego:
[[4.19377603e-01 3.87484307e-01 4.90068299e-01 7.50660093e-05]
 [3.14546737e-01 2.26562244e-01 2.33590012e-01 5.12054615e-03]
 [8.81895307e-03 1.06697722e-01 2.47764362e-01 4.20677745e-03]
 [3.47610317e-01 3.03764512e-01 4.32212367e-01 2.35259641e-01]]
Matrix Adv:
[[4.19377879e-01 3.87484421e-01 4.90068307e-01 5.17692643e-01]
 [3.17073764e-01 2.26608234e-01 2.33644787e-01 8.75671170e-02]
 [5.58559572e-01 1.06925725e-01 2.48154729e-01 6.83237866e-02]
 [1.72556192e-62 0.00000000e+00 0.00000000e+00 0.00000000e+00]]
--------------------------------------------------
[2026-05-14 15:22:38] ERROR: 
Matrix Ego:
[[4.19377603e-01 3.87484307e-01 4.90068299e-01 7.50660093e-05]
 [3.14546737e-01 2.26562244e-01 2.33590012e-01 5.12054615e-03]
 [8.81895307e-03 1.06697722e-01 2.47764362e-01 4.20677745e-03]
 [3.47610317e-01 3.03764512e-01 4.32212367e-01 2.35259641e-01]]
Matrix Adv:
[[4.19377879e-01 3.87484421e-01 4.90068307e-01 5.17692643e-01]
 [3.17073764e-01 2.26608234e-01 2.33644787e-01 8.75671170e-02]
 [5.58559572e-01 1.06925725e-01 2.48154729e-01 6.83237866e-02]
 [1.72556192e-62 0.00000000e+00 0.00000000e+00 0.00000000e+00]]
--------------------------------------------------
[2026-05-14 15:22:38] ERROR: 
Matrix Ego:
[[4.19377603e-01 3.87484307e-01 4.90068299e-01 7.50660093e-05]
 [3.14546737e-01 2.26562244e-01 2.33590012e-01 5.12054615e-03]
 [8.81895307e-03 1.06697722e-01 2.47764362e-01 4.20677745e-03]
 [3.47600966e-01 3.03764512e-01 4.32212367e-01 2.35259641e-01]]
Matrix Adv:
[[4.19377879e-01 3.87484421e-01 4.90068307e-01 5.17692643e-01]
 [3.17073764e-01 2.26608234e-01 2.33644787e-01 8.75671170e-02]
 [5.58559572e-01 1.06925725e-01 2.48154729e-01 6.83237866e-02]
 [1.55300573e-62 0.00000000e+00 0.00000000e+00 0.00000000e+00]]
--------------------------------------------------
[2026-05-14 15:22:38] ERROR: 
Matrix Ego:
[[4.19377603e-01 3.87484307e-01 4.90068299e-01 7.50660093e-05]
 [3.14546737e-01 2.26562244e-01 2.33590012e-01 5.12054615e-03]
 [8.81895307e-03 1.06697722e-01 2.47764362e-01 4.20677745e-03]
 [3.47600966e-01 3.03764512e-01 4.32212367e-01 2.35259641e-01]]
Matrix Adv:
[[4.19377879e-01 3.87484421e-01 4.90068307e-01 5.17692643e-01]
 [3.17073764e-01 2.26608234e-01 2.33644787e-01 8.75671170e-02]
 [5.58559572e-01 1.06925725e-01 2.48154729e-01 6.83237866e-02]
 [1.55300573e-62 0.00000000e+00 0.00000000e+00 0.00000000e+00]]
--------------------------------------------------
[2026-05-14 15:22:38] ERROR: 
Matrix Ego:
[[4.19377603e-01 3.87484307e-01 4.90068299e-01 7.50660093e-05]
 [3.14546737e-01 2.26562244e-01 2.33590012e-01 5.12054615e-03]
 [8.81895307e-03 1.06697722e-01 2.47764362e-01 4.20677745e-03]
 [3.47588485e-01 3.03764512e-01 4.32212367e-01 2.35259641e-01]]
Matrix Adv:
[[4.19377879e-01 3.87484421e-01 4.90068307e-01 5.17692643e-01]
 [3.17073764e-01 2.26608234e-01 2.33644787e-01 8.75671170e-02]
 [5.58559572e-01 1.06925725e-01 2.48154729e-01 6.83237866e-02]
 [1.39770515e-62 0.00000000e+00 0.00000000e+00 0.00000000e+00]]
--------------------------------------------------
[2026-05-14 15:22:38] ERROR: 
Matrix Ego:
[[4.19377603e-01 3.87484307e-01 4.90068299e-01 7.50660093e-05]
 [3.14546737e-01 2.26562244e-01 2.33590012e-01 5.12054615e-03]
 [8.81895307e-03 1.06697722e-01 2.47764362e-01 4.20677745e-03]
 [3.47588485e-01 3.03764512e-01 4.32212367e-01 2.35259641e-01]]
Matrix Adv:
[[4.19377879e-01 3.87484421e-01 4.90068307e-01 5.17692643e-01]
 [3.17073764e-01 2.26608234e-01 2.33644787e-01 8.75671170e-02]
 [5.58559572e-01 1.06925725e-01 2.48154729e-01 6.83237866e-02]
 [1.39770515e-62 0.00000000e+00 0.00000000e+00 0.00000000e+00]]
--------------------------------------------------
[2026-05-14 15:22:38] ERROR: 
Matrix Ego:
[[4.19377603e-01 3.87484307e-01 4.90068299e-01 7.50660093e-05]
 [3.14546737e-01 2.26562244e-01 2.33590012e-01 5.12054615e-03]
 [8.81895307e-03 1.09535797e-01 2.47764362e-01 4.20677745e-03]
 [3.47588485e-01 3.03764512e-01 4.32212367e-01 2.35259641e-01]]
Matrix Adv:
[[4.19377879e-01 3.87484421e-01 4.90068307e-01 5.17692643e-01]
 [3.17073764e-01 2.26608234e-01 2.33644787e-01 8.75671170e-02]
 [5.58559572e-01 1.09758801e-01 2.48154729e-01 6.83237866e-02]
 [1.39770515e-62 0.00000000e+00 0.00000000e+00 0.00000000e+00]]
--------------------------------------------------
[2026-05-14 15:22:38] ERROR: 
Matrix Ego:
[[4.19377603e-01 3.87484307e-01 4.90068299e-01 7.50660093e-05]
 [3.14546737e-01 2.26562244e-01 2.33590012e-01 5.12054615e-03]
 [8.81895307e-03 1.09535797e-01 2.47764362e-01 4.20677745e-03]
 [3.47588485e-01 3.03764512e-01 4.32212367e-01 2.35259641e-01]]
Matrix Adv:
[[4.19377879e-01 3.87484421e-01 4.90068307e-01 5.17692643e-01]
 [3.17073764e-01 2.26608234e-01 2.33644787e-01 8.75671170e-02]
 [5.58559572e-01 1.09758801e-01 2.48154729e-01 6.83237866e-02]
 [1.39770515e-62 0.00000000e+00 0.00000000e+00 0.00000000e+00]]
--------------------------------------------------
[2026-05-14 15:22:38] ERROR: 
Matrix Ego:
[[4.19377603e-01 3.87484307e-01 4.90068299e-01 7.50660093e-05]
 [3.14546737e-01 2.26562244e-01 2.33590012e-01 5.12054615e-03]
 [8.81895307e-03 1.09535797e-01 2.47764362e-01 4.20677745e-03]
 [3.47572931e-01 3.03764512e-01 4.32212367e-01 2.35259641e-01]]
Matrix Adv:
[[4.19377879e-01 3.87484421e-01 4.90068307e-01 5.17692643e-01]
 [3.17073764e-01 2.26608234e-01 2.33644787e-01 8.75671170e-02]
 [5.58559572e-01 1.09758801e-01 2.48154729e-01 6.83237866e-02]
 [1.25793464e-62 0.00000000e+00 0.00000000e+00 0.00000000e+00]]
--------------------------------------------------
[2026-05-14 15:22:38] ERROR: 
Matrix Ego:
[[4.19377603e-01 3.87484307e-01 4.90068299e-01 7.50660093e-05]
 [3.14546737e-01 2.26562244e-01 2.33590012e-01 5.12054615e-03]
 [8.81895307e-03 1.09535797e-01 2.47764362e-01 4.20677745e-03]
 [3.47572931e-01 3.03764512e-01 4.32212367e-01 2.35259641e-01]]
Matrix Adv:
[[4.19377879e-01 3.87484421e-01 4.90068307e-01 5.17692643e-01]
 [3.17073764e-01 2.26608234e-01 2.33644787e-01 8.75671170e-02]
 [5.58559572e-01 1.09758801e-01 2.48154729e-01 6.83237866e-02]
 [1.25793464e-62 0.00000000e+00 0.00000000e+00 0.00000000e+00]]
--------------------------------------------------
[2026-05-14 15:22:39] ERROR: 
Matrix Ego:
[[4.19377603e-01 3.87484307e-01 4.90068299e-01 7.50660093e-05]
 [3.14546737e-01 2.26562244e-01 2.33590012e-01 5.12054615e-03]
 [8.81895307e-03 1.09535797e-01 2.47764362e-01 4.20677745e-03]
 [3.47554473e-01 3.03764512e-01 4.32212367e-01 2.35259641e-01]]
Matrix Adv:
[[4.19377879e-01 3.87484421e-01 4.90068307e-01 5.17692643e-01]
 [3.17073764e-01 2.26608234e-01 2.33644787e-01 8.75671170e-02]
 [5.58559572e-01 1.09758801e-01 2.48154729e-01 6.83237866e-02]
 [1.13214118e-62 0.00000000e+00 0.00000000e+00 0.00000000e+00]]
--------------------------------------------------
[2026-05-14 15:22:39] ERROR: 
Matrix Ego:
[[4.19377603e-01 3.87484307e-01 4.90068299e-01 7.50660093e-05]
 [3.14546737e-01 2.26562244e-01 2.33590012e-01 5.12054615e-03]
 [8.81895307e-03 1.09535797e-01 2.47764362e-01 4.20677745e-03]
 [3.47554473e-01 3.03764512e-01 4.32212367e-01 2.35259641e-01]]
Matrix Adv:
[[4.19377879e-01 3.87484421e-01 4.90068307e-01 5.17692643e-01]
 [3.17073764e-01 2.26608234e-01 2.33644787e-01 8.75671170e-02]
 [5.58559572e-01 1.09758801e-01 2.48154729e-01 6.83237866e-02]
 [1.13214118e-62 0.00000000e+00 0.00000000e+00 0.00000000e+00]]
--------------------------------------------------
[2026-05-14 15:22:39] ERROR: 
Matrix Ego:
[[4.19377603e-01 3.87484307e-01 4.90068299e-01 7.50660093e-05]
 [3.14546737e-01 2.26562244e-01 2.33590012e-01 5.12054615e-03]
 [8.81895307e-03 1.09535797e-01 2.47764362e-01 4.20677745e-03]
 [3.47537860e-01 3.03764512e-01 4.32212367e-01 2.35259641e-01]]
Matrix Adv:
[[4.19377879e-01 3.87484421e-01 4.90068307e-01 5.17692643e-01]
 [3.17073764e-01 2.26608234e-01 2.33644787e-01 8.75671170e-02]
 [5.58559572e-01 1.09758801e-01 2.48154729e-01 6.83237866e-02]
 [1.01892706e-62 0.00000000e+00 0.00000000e+00 0.00000000e+00]]
--------------------------------------------------
[2026-05-14 15:22:39] ERROR: 
Matrix Ego:
[[4.19377603e-01 3.87484307e-01 4.90068299e-01 7.50660093e-05]
 [3.14546737e-01 2.26562244e-01 2.33590012e-01 5.12054615e-03]
 [8.81895307e-03 1.09535797e-01 2.47764362e-01 4.20677745e-03]
 [3.47537860e-01 3.03764512e-01 4.32212367e-01 2.35259641e-01]]
Matrix Adv:
[[4.19377879e-01 3.87484421e-01 4.90068307e-01 5.17692643e-01]
 [3.17073764e-01 2.26608234e-01 2.33644787e-01 8.75671170e-02]
 [5.58559572e-01 1.09758801e-01 2.48154729e-01 6.83237866e-02]
 [1.01892706e-62 0.00000000e+00 0.00000000e+00 0.00000000e+00]]
--------------------------------------------------
[2026-05-14 15:22:39] ERROR: 
Matrix Ego:
[[4.19377603e-01 3.87484307e-01 4.90068299e-01 7.50660093e-05]
 [3.14546737e-01 2.26562244e-01 2.33590012e-01 5.12054615e-03]
 [8.81895307e-03 1.09535797e-01 2.47764362e-01 4.20677745e-03]
 [3.47518382e-01 3.03764512e-01 4.32212367e-01 2.35259641e-01]]
Matrix Adv:
[[4.19377879e-01 3.87484421e-01 4.90068307e-01 5.17692643e-01]
 [3.17073764e-01 2.26608234e-01 2.33644787e-01 8.75671170e-02]
 [5.58559572e-01 1.09758801e-01 2.48154729e-01 6.83237866e-02]
 [9.17034352e-63 0.00000000e+00 0.00000000e+00 0.00000000e+00]]
--------------------------------------------------
[2026-05-14 15:22:39] ERROR: 
Matrix Ego:
[[4.19377603e-01 3.87484307e-01 4.90068299e-01 7.50660093e-05]
 [3.14546737e-01 2.26562244e-01 2.33590012e-01 5.12054615e-03]
 [8.81895307e-03 1.09535797e-01 2.47764362e-01 4.20677745e-03]
 [3.47518382e-01 3.03764512e-01 4.32212367e-01 2.35259641e-01]]
Matrix Adv:
[[4.19377879e-01 3.87484421e-01 4.90068307e-01 5.17692643e-01]
 [3.17073764e-01 2.26608234e-01 2.33644787e-01 8.75671170e-02]
 [5.58559572e-01 1.09758801e-01 2.48154729e-01 6.83237866e-02]
 [9.17034352e-63 0.00000000e+00 0.00000000e+00 0.00000000e+00]]
--------------------------------------------------
[2026-05-14 15:22:39] ERROR: 
Matrix Ego:
[[4.19377603e-01 3.87484307e-01 4.90068299e-01 7.50660093e-05]
 [3.14546737e-01 2.26562244e-01 2.33590012e-01 5.12054615e-03]
 [8.81895307e-03 1.09535797e-01 2.47764362e-01 4.20677745e-03]
 [3.47496341e-01 3.03764512e-01 4.32212367e-01 2.35259641e-01]]
Matrix Adv:
[[4.19377879e-01 3.87484421e-01 4.90068307e-01 5.17692643e-01]
 [3.17073764e-01 2.26608234e-01 2.33644787e-01 8.75671170e-02]
 [5.58559572e-01 1.09758801e-01 2.48154729e-01 6.83237866e-02]
 [8.25330917e-63 0.00000000e+00 0.00000000e+00 0.00000000e+00]]
--------------------------------------------------
[2026-05-14 15:22:39] ERROR: 
Matrix Ego:
[[4.19377603e-01 3.87484307e-01 4.90068299e-01 7.50660093e-05]
 [3.14546737e-01 2.26562244e-01 2.33590012e-01 5.12054615e-03]
 [8.81895307e-03 1.09535797e-01 2.47764362e-01 4.20677745e-03]
 [3.47496341e-01 3.03764512e-01 4.32212367e-01 2.35259641e-01]]
Matrix Adv:
[[4.19377879e-01 3.87484421e-01 4.90068307e-01 5.17692643e-01]
 [3.17073764e-01 2.26608234e-01 2.33644787e-01 8.75671170e-02]
 [5.58559572e-01 1.09758801e-01 2.48154729e-01 6.83237866e-02]
 [8.25330917e-63 0.00000000e+00 0.00000000e+00 0.00000000e+00]]
--------------------------------------------------
[2026-05-14 15:22:39] ERROR: 
Matrix Ego:
[[4.19377603e-01 3.87484307e-01 4.90068299e-01 7.50660093e-05]
 [3.14546737e-01 2.26562244e-01 2.33590012e-01 5.12054615e-03]
 [8.81895307e-03 1.09535797e-01 2.47764362e-01 4.20677745e-03]
 [3.47472082e-01 3.03764512e-01 4.32212367e-01 2.35259641e-01]]
Matrix Adv:
[[4.19377879e-01 3.87484421e-01 4.90068307e-01 5.17692643e-01]
 [3.17073764e-01 2.26608234e-01 2.33644787e-01 8.75671170e-02]
 [5.58559572e-01 1.09758801e-01 2.48154729e-01 6.83237866e-02]
 [7.42797825e-63 0.00000000e+00 0.00000000e+00 0.00000000e+00]]
--------------------------------------------------
[2026-05-14 15:22:39] ERROR: 
Matrix Ego:
[[4.19377603e-01 3.87484307e-01 4.90068299e-01 7.50660093e-05]
 [3.14546737e-01 2.26562244e-01 2.33590012e-01 5.12054615e-03]
 [8.81895307e-03 1.09535797e-01 2.47764362e-01 4.20677745e-03]
 [3.47472082e-01 3.03764512e-01 4.32212367e-01 2.35259641e-01]]
Matrix Adv:
[[4.19377879e-01 3.87484421e-01 4.90068307e-01 5.17692643e-01]
 [3.17073764e-01 2.26608234e-01 2.33644787e-01 8.75671170e-02]
 [5.58559572e-01 1.09758801e-01 2.48154729e-01 6.83237866e-02]
 [7.42797825e-63 0.00000000e+00 0.00000000e+00 0.00000000e+00]]
--------------------------------------------------
[2026-05-14 15:22:40] ERROR: 
Matrix Ego:
[[4.19377603e-01 3.87484307e-01 4.90068299e-01 7.50660093e-05]
 [3.14546737e-01 2.26562244e-01 2.33590012e-01 5.12054615e-03]
 [8.81895307e-03 1.09535797e-01 2.47764362e-01 4.20677745e-03]
 [3.47445968e-01 3.03764512e-01 4.32212367e-01 2.35259641e-01]]
Matrix Adv:
[[4.19377879e-01 3.87484421e-01 4.90068307e-01 5.17692643e-01]
 [3.17073764e-01 2.26608234e-01 2.33644787e-01 8.75671170e-02]
 [5.58559572e-01 1.09758801e-01 2.48154729e-01 6.83237866e-02]
 [6.68518042e-63 0.00000000e+00 0.00000000e+00 0.00000000e+00]]
--------------------------------------------------
[2026-05-14 15:22:40] ERROR: 
Matrix Ego:
[[4.19377603e-01 3.87484307e-01 4.90068299e-01 7.50660093e-05]
 [3.14546737e-01 2.26562244e-01 2.33590012e-01 5.12054615e-03]
 [8.81895307e-03 1.09535797e-01 2.47764362e-01 4.20677745e-03]
 [3.47445968e-01 3.03764512e-01 4.32212367e-01 2.35259641e-01]]
Matrix Adv:
[[4.19377879e-01 3.87484421e-01 4.90068307e-01 5.17692643e-01]
 [3.17073764e-01 2.26608234e-01 2.33644787e-01 8.75671170e-02]
 [5.58559572e-01 1.09758801e-01 2.48154729e-01 6.83237866e-02]
 [6.68518042e-63 0.00000000e+00 0.00000000e+00 0.00000000e+00]]
--------------------------------------------------
[2026-05-14 15:22:40] ERROR: 
Matrix Ego:
[[4.19377603e-01 3.87484307e-01 4.92372336e-01 7.50660093e-05]
 [3.14546737e-01 2.26562244e-01 2.33590012e-01 5.12054615e-03]
 [8.81895307e-03 1.09535797e-01 2.47764362e-01 4.20677745e-03]
 [3.47445968e-01 3.03764512e-01 4.32212367e-01 2.35259641e-01]]
Matrix Adv:
[[4.19377879e-01 3.87484421e-01 4.92372344e-01 5.17692643e-01]
 [3.17073764e-01 2.26608234e-01 2.33644787e-01 8.75671170e-02]
 [5.58559572e-01 1.09758801e-01 2.48154729e-01 6.83237866e-02]
 [6.68518042e-63 0.00000000e+00 0.00000000e+00 0.00000000e+00]]
--------------------------------------------------
[2026-05-14 15:22:40] ERROR: 
Matrix Ego:
[[4.19377603e-01 3.87484307e-01 4.92372336e-01 7.50660093e-05]
 [3.14546737e-01 2.26562244e-01 2.33590012e-01 5.12054615e-03]
 [8.81895307e-03 1.09535797e-01 2.47764362e-01 4.20677745e-03]
 [3.47445968e-01 3.03764512e-01 4.32212367e-01 2.35259641e-01]]
Matrix Adv:
[[4.19377879e-01 3.87484421e-01 4.92372344e-01 5.17692643e-01]
 [3.17073764e-01 2.26608234e-01 2.33644787e-01 8.75671170e-02]
 [5.58559572e-01 1.09758801e-01 2.48154729e-01 6.83237866e-02]
 [6.68518042e-63 0.00000000e+00 0.00000000e+00 0.00000000e+00]]
--------------------------------------------------
[2026-05-14 15:22:40] ERROR: 
Matrix Ego:
[[4.19377603e-01 3.87484307e-01 4.92372336e-01 7.50660093e-05]
 [3.14546737e-01 2.26562244e-01 2.33590012e-01 5.12054615e-03]
 [8.81895307e-03 1.09535797e-01 2.47764362e-01 4.20677745e-03]
 [3.47418370e-01 3.03764512e-01 4.32212367e-01 2.35259641e-01]]
Matrix Adv:
[[4.19377879e-01 3.87484421e-01 4.92372344e-01 5.17692643e-01]
 [3.17073764e-01 2.26608234e-01 2.33644787e-01 8.75671170e-02]
 [5.58559572e-01 1.09758801e-01 2.48154729e-01 6.83237866e-02]
 [6.01666238e-63 0.00000000e+00 0.00000000e+00 0.00000000e+00]]
--------------------------------------------------
[2026-05-14 15:22:40] ERROR: 
Matrix Ego:
[[4.19377603e-01 3.87484307e-01 4.92372336e-01 7.50660093e-05]
 [3.14546737e-01 2.26562244e-01 2.33590012e-01 5.12054615e-03]
 [8.81895307e-03 1.09535797e-01 2.47764362e-01 4.20677745e-03]
 [3.47418370e-01 3.03764512e-01 4.32212367e-01 2.35259641e-01]]
Matrix Adv:
[[4.19377879e-01 3.87484421e-01 4.92372344e-01 5.17692643e-01]
 [3.17073764e-01 2.26608234e-01 2.33644787e-01 8.75671170e-02]
 [5.58559572e-01 1.09758801e-01 2.48154729e-01 6.83237866e-02]
 [6.01666238e-63 0.00000000e+00 0.00000000e+00 0.00000000e+00]]
--------------------------------------------------
[2026-05-14 15:22:40] ERROR: 
Matrix Ego:
[[4.19377603e-01 3.87484307e-01 4.92372336e-01 7.50660093e-05]
 [3.14546737e-01 2.26562244e-01 2.33590012e-01 5.12054615e-03]
 [7.93705776e-03 1.09535797e-01 2.47764362e-01 4.20677745e-03]
 [3.47418370e-01 3.03764512e-01 4.32212367e-01 2.35259641e-01]]
Matrix Adv:
[[4.19377879e-01 3.87484421e-01 4.92372344e-01 5.17692643e-01]
 [3.17073764e-01 2.26608234e-01 2.33644787e-01 8.75671170e-02]
 [5.65633516e-01 1.09758801e-01 2.48154729e-01 6.83237866e-02]
 [6.01666238e-63 0.00000000e+00 0.00000000e+00 0.00000000e+00]]
--------------------------------------------------
[2026-05-14 15:22:40] ERROR: 
Matrix Ego:
[[4.19377603e-01 3.87484307e-01 4.92372336e-01 7.50660093e-05]
 [3.14546737e-01 2.26562244e-01 2.33590012e-01 5.12054615e-03]
 [7.93705776e-03 1.09535797e-01 2.47764362e-01 4.20677745e-03]
 [3.47418370e-01 3.03764512e-01 4.32212367e-01 2.35259641e-01]]
Matrix Adv:
[[4.19377879e-01 3.87484421e-01 4.92372344e-01 5.17692643e-01]
 [3.17073764e-01 2.26608234e-01 2.33644787e-01 8.75671170e-02]
 [5.65633516e-01 1.09758801e-01 2.48154729e-01 6.83237866e-02]
 [6.01666238e-63 0.00000000e+00 0.00000000e+00 0.00000000e+00]]
--------------------------------------------------
[2026-05-14 15:22:40] ERROR: 
Matrix Ego:
[[4.19377603e-01 3.87484307e-01 4.92372336e-01 7.50660093e-05]
 [3.14546737e-01 2.26562244e-01 2.33590012e-01 5.12054615e-03]
 [7.93705776e-03 1.09535797e-01 2.47764362e-01 4.20677745e-03]
 [3.47389626e-01 3.03764512e-01 4.32212367e-01 2.35259641e-01]]
Matrix Adv:
[[4.19377879e-01 3.87484421e-01 4.92372344e-01 5.17692643e-01]
 [3.17073764e-01 2.26608234e-01 2.33644787e-01 8.75671170e-02]
 [5.65633516e-01 1.09758801e-01 2.48154729e-01 6.83237866e-02]
 [5.41499614e-63 0.00000000e+00 0.00000000e+00 0.00000000e+00]]
--------------------------------------------------
[2026-05-14 15:22:40] ERROR: 
Matrix Ego:
[[4.19377603e-01 3.87484307e-01 4.92372336e-01 7.50660093e-05]
 [3.14546737e-01 2.26562244e-01 2.33590012e-01 5.12054615e-03]
 [7.93705776e-03 1.09535797e-01 2.47764362e-01 4.20677745e-03]
 [3.47389626e-01 3.03764512e-01 4.32212367e-01 2.35259641e-01]]
Matrix Adv:
[[4.19377879e-01 3.87484421e-01 4.92372344e-01 5.17692643e-01]
 [3.17073764e-01 2.26608234e-01 2.33644787e-01 8.75671170e-02]
 [5.65633516e-01 1.09758801e-01 2.48154729e-01 6.83237866e-02]
 [5.41499614e-63 0.00000000e+00 0.00000000e+00 0.00000000e+00]]
--------------------------------------------------
[2026-05-14 15:22:41] ERROR: 
Matrix Ego:
[[4.19377603e-01 3.87484307e-01 4.92372336e-01 7.50660093e-05]
 [3.14546737e-01 2.26562244e-01 2.33590012e-01 5.12054615e-03]
 [7.93705776e-03 1.09535797e-01 2.47764362e-01 4.20677745e-03]
 [3.47360066e-01 3.03764512e-01 4.32212367e-01 2.35259641e-01]]
Matrix Adv:
[[4.19377879e-01 3.87484421e-01 4.92372344e-01 5.17692643e-01]
 [3.17073764e-01 2.26608234e-01 2.33644787e-01 8.75671170e-02]
 [5.65633516e-01 1.09758801e-01 2.48154729e-01 6.83237866e-02]
 [4.87349653e-63 0.00000000e+00 0.00000000e+00 0.00000000e+00]]
--------------------------------------------------
[2026-05-14 15:22:41] ERROR: 
Matrix Ego:
[[4.19377603e-01 3.87484307e-01 4.92372336e-01 7.50660093e-05]
 [3.14546737e-01 2.26562244e-01 2.33590012e-01 5.12054615e-03]
 [7.93705776e-03 1.09535797e-01 2.47764362e-01 4.20677745e-03]
 [3.47360066e-01 3.03764512e-01 4.32212367e-01 2.35259641e-01]]
Matrix Adv:
[[4.19377879e-01 3.87484421e-01 4.92372344e-01 5.17692643e-01]
 [3.17073764e-01 2.26608234e-01 2.33644787e-01 8.75671170e-02]
 [5.65633516e-01 1.09758801e-01 2.48154729e-01 6.83237866e-02]
 [4.87349653e-63 0.00000000e+00 0.00000000e+00 0.00000000e+00]]
--------------------------------------------------
[2026-05-14 15:22:41] ERROR: 
Matrix Ego:
[[4.19377603e-01 3.87484307e-01 4.92372336e-01 7.50660093e-05]
 [3.14546737e-01 2.26562244e-01 2.33590012e-01 5.12054615e-03]
 [7.93705776e-03 1.09535797e-01 2.50779651e-01 4.20677745e-03]
 [3.47360066e-01 3.03764512e-01 4.32212367e-01 2.35259641e-01]]
Matrix Adv:
[[4.19377879e-01 3.87484421e-01 4.92372344e-01 5.17692643e-01]
 [3.17073764e-01 2.26608234e-01 2.33644787e-01 8.75671170e-02]
 [5.65633516e-01 1.09758801e-01 2.51176685e-01 6.83237866e-02]
 [4.87349653e-63 0.00000000e+00 0.00000000e+00 0.00000000e+00]]
--------------------------------------------------
[2026-05-14 15:22:41] ERROR: 
Matrix Ego:
[[4.19377603e-01 3.87484307e-01 4.92372336e-01 7.50660093e-05]
 [3.14546737e-01 2.26562244e-01 2.33590012e-01 5.12054615e-03]
 [7.93705776e-03 1.09535797e-01 2.50779651e-01 4.20677745e-03]
 [3.47360066e-01 3.03764512e-01 4.32212367e-01 2.35259641e-01]]
Matrix Adv:
[[4.19377879e-01 3.87484421e-01 4.92372344e-01 5.17692643e-01]
 [3.17073764e-01 2.26608234e-01 2.33644787e-01 8.75671170e-02]
 [5.65633516e-01 1.09758801e-01 2.51176685e-01 6.83237866e-02]
 [4.87349653e-63 0.00000000e+00 0.00000000e+00 0.00000000e+00]]
--------------------------------------------------
[2026-05-14 15:22:41] ERROR: 
Matrix Ego:
[[4.19377603e-01 3.87484307e-01 4.92372336e-01 7.50660093e-05]
 [3.14546737e-01 2.26562244e-01 2.33590012e-01 5.12054615e-03]
 [7.93705776e-03 1.09535797e-01 2.50779651e-01 4.20677745e-03]
 [3.47330025e-01 3.03764512e-01 4.32212367e-01 2.35259641e-01]]
Matrix Adv:
[[4.19377879e-01 3.87484421e-01 4.92372344e-01 5.17692643e-01]
 [3.17073764e-01 2.26608234e-01 2.33644787e-01 8.75671170e-02]
 [5.65633516e-01 1.09758801e-01 2.51176685e-01 6.83237866e-02]
 [4.38614688e-63 0.00000000e+00 0.00000000e+00 0.00000000e+00]]
--------------------------------------------------
[2026-05-14 15:22:41] ERROR: 
Matrix Ego:
[[4.19377603e-01 3.87484307e-01 4.92372336e-01 7.50660093e-05]
 [3.14546737e-01 2.26562244e-01 2.33590012e-01 5.12054615e-03]
 [7.93705776e-03 1.09535797e-01 2.50779651e-01 4.20677745e-03]
 [3.47330025e-01 3.03764512e-01 4.32212367e-01 2.35259641e-01]]
Matrix Adv:
[[4.19377879e-01 3.87484421e-01 4.92372344e-01 5.17692643e-01]
 [3.17073764e-01 2.26608234e-01 2.33644787e-01 8.75671170e-02]
 [5.65633516e-01 1.09758801e-01 2.51176685e-01 6.83237866e-02]
 [4.38614688e-63 0.00000000e+00 0.00000000e+00 0.00000000e+00]]
--------------------------------------------------
[2026-05-14 15:22:42] ERROR: 
Matrix Ego:
[[4.19377603e-01 3.87484307e-01 4.92372336e-01 7.50660093e-05]
 [3.14546737e-01 2.26562244e-01 2.33590012e-01 5.12054615e-03]
 [7.93705776e-03 1.09535797e-01 2.50779651e-01 4.20677745e-03]
 [3.47302988e-01 3.03764512e-01 4.32212367e-01 2.35259641e-01]]
Matrix Adv:
[[4.19377879e-01 3.87484421e-01 4.92372344e-01 5.17692643e-01]
 [3.17073764e-01 2.26608234e-01 2.33644787e-01 8.75671170e-02]
 [5.65633516e-01 1.09758801e-01 2.51176685e-01 6.83237866e-02]
 [3.94753219e-63 0.00000000e+00 0.00000000e+00 0.00000000e+00]]
--------------------------------------------------
[2026-05-14 15:22:42] ERROR: 
Matrix Ego:
[[4.19377603e-01 3.87484307e-01 4.92372336e-01 7.50660093e-05]
 [3.14546737e-01 2.26562244e-01 2.33590012e-01 5.12054615e-03]
 [7.93705776e-03 1.09535797e-01 2.50779651e-01 4.20677745e-03]
 [3.47302988e-01 3.03764512e-01 4.32212367e-01 2.35259641e-01]]
Matrix Adv:
[[4.19377879e-01 3.87484421e-01 4.92372344e-01 5.17692643e-01]
 [3.17073764e-01 2.26608234e-01 2.33644787e-01 8.75671170e-02]
 [5.65633516e-01 1.09758801e-01 2.51176685e-01 6.83237866e-02]
 [3.94753219e-63 0.00000000e+00 0.00000000e+00 0.00000000e+00]]
--------------------------------------------------
[2026-05-14 15:22:42] ERROR: 
Matrix Ego:
[[4.19377603e-01 3.87484307e-01 4.92372336e-01 7.50660093e-05]
 [3.14546737e-01 2.26562244e-01 2.33590012e-01 5.12054615e-03]
 [7.93705776e-03 1.09535797e-01 2.53788668e-01 4.20677745e-03]
 [3.47302988e-01 3.03764512e-01 4.32212367e-01 2.35259641e-01]]
Matrix Adv:
[[4.19377879e-01 3.87484421e-01 4.92372344e-01 5.17692643e-01]
 [3.17073764e-01 2.26608234e-01 2.33644787e-01 8.75671170e-02]
 [5.65633516e-01 1.09758801e-01 2.54193794e-01 6.83237866e-02]
 [3.94753219e-63 0.00000000e+00 0.00000000e+00 0.00000000e+00]]
--------------------------------------------------
[2026-05-14 15:22:42] ERROR: 
Matrix Ego:
[[4.19377603e-01 3.87484307e-01 4.92372336e-01 7.50660093e-05]
 [3.14546737e-01 2.26562244e-01 2.33590012e-01 5.12054615e-03]
 [7.93705776e-03 1.09535797e-01 2.53788668e-01 4.20677745e-03]
 [3.47302988e-01 3.03764512e-01 4.32212367e-01 2.35259641e-01]]
Matrix Adv:
[[4.19377879e-01 3.87484421e-01 4.92372344e-01 5.17692643e-01]
 [3.17073764e-01 2.26608234e-01 2.33644787e-01 8.75671170e-02]
 [5.65633516e-01 1.09758801e-01 2.54193794e-01 6.83237866e-02]
 [3.94753219e-63 0.00000000e+00 0.00000000e+00 0.00000000e+00]]
--------------------------------------------------
[2026-05-14 15:22:42] ERROR: 
Matrix Ego:
[[4.19377603e-01 3.87484307e-01 4.92372336e-01 7.50660093e-05]
 [3.14546737e-01 2.26562244e-01 2.33590012e-01 5.12054615e-03]
 [7.93705776e-03 1.09535797e-01 2.53788668e-01 4.20677745e-03]
 [3.47275470e-01 3.03764512e-01 4.32212367e-01 2.35259641e-01]]
Matrix Adv:
[[4.19377879e-01 3.87484421e-01 4.92372344e-01 5.17692643e-01]
 [3.17073764e-01 2.26608234e-01 2.33644787e-01 8.75671170e-02]
 [5.65633516e-01 1.09758801e-01 2.54193794e-01 6.83237866e-02]
 [3.55277897e-63 0.00000000e+00 0.00000000e+00 0.00000000e+00]]
--------------------------------------------------
[2026-05-14 15:22:42] ERROR: 
Matrix Ego:
[[4.19377603e-01 3.87484307e-01 4.92372336e-01 7.50660093e-05]
 [3.14546737e-01 2.26562244e-01 2.33590012e-01 5.12054615e-03]
 [7.93705776e-03 1.09535797e-01 2.53788668e-01 4.20677745e-03]
 [3.47275470e-01 3.03764512e-01 4.32212367e-01 2.35259641e-01]]
Matrix Adv:
[[4.19377879e-01 3.87484421e-01 4.92372344e-01 5.17692643e-01]
 [3.17073764e-01 2.26608234e-01 2.33644787e-01 8.75671170e-02]
 [5.65633516e-01 1.09758801e-01 2.54193794e-01 6.83237866e-02]
 [3.55277897e-63 0.00000000e+00 0.00000000e+00 0.00000000e+00]]
--------------------------------------------------
[2026-05-14 15:22:43] ERROR: 
Matrix Ego:
[[4.19377603e-01 3.87484307e-01 4.92372336e-01 7.50660093e-05]
 [3.14546737e-01 2.26562244e-01 2.33590012e-01 5.12054615e-03]
 [7.93705776e-03 1.09535797e-01 2.53788668e-01 4.20677745e-03]
 [3.47250703e-01 3.03764512e-01 4.32212367e-01 2.35259641e-01]]
Matrix Adv:
[[4.19377879e-01 3.87484421e-01 4.92372344e-01 5.17692643e-01]
 [3.17073764e-01 2.26608234e-01 2.33644787e-01 8.75671170e-02]
 [5.65633516e-01 1.09758801e-01 2.54193794e-01 6.83237866e-02]
 [3.19750107e-63 0.00000000e+00 0.00000000e+00 0.00000000e+00]]
--------------------------------------------------
[2026-05-14 15:22:43] ERROR: 
Matrix Ego:
[[4.19377603e-01 3.87484307e-01 4.92372336e-01 7.50660093e-05]
 [3.14546737e-01 2.26562244e-01 2.33590012e-01 5.12054615e-03]
 [7.93705776e-03 1.09535797e-01 2.53788668e-01 4.20677745e-03]
 [3.47250703e-01 3.03764512e-01 4.32212367e-01 2.35259641e-01]]
Matrix Adv:
[[4.19377879e-01 3.87484421e-01 4.92372344e-01 5.17692643e-01]
 [3.17073764e-01 2.26608234e-01 2.33644787e-01 8.75671170e-02]
 [5.65633516e-01 1.09758801e-01 2.54193794e-01 6.83237866e-02]
 [3.19750107e-63 0.00000000e+00 0.00000000e+00 0.00000000e+00]]
--------------------------------------------------
[2026-05-14 15:22:43] ERROR: 
Matrix Ego:
[[4.19377603e-01 3.87484307e-01 4.92372336e-01 7.50660093e-05]
 [3.14546737e-01 2.26562244e-01 2.33590012e-01 5.12054615e-03]
 [7.93705776e-03 1.09535797e-01 2.53788668e-01 4.20677745e-03]
 [3.47225548e-01 3.03764512e-01 4.32212367e-01 2.35259641e-01]]
Matrix Adv:
[[4.19377879e-01 3.87484421e-01 4.92372344e-01 5.17692643e-01]
 [3.17073764e-01 2.26608234e-01 2.33644787e-01 8.75671170e-02]
 [5.65633516e-01 1.09758801e-01 2.54193794e-01 6.83237866e-02]
 [2.87775097e-63 0.00000000e+00 0.00000000e+00 0.00000000e+00]]
--------------------------------------------------
[2026-05-14 15:22:43] ERROR: 
Matrix Ego:
[[4.19377603e-01 3.87484307e-01 4.92372336e-01 7.50660093e-05]
 [3.14546737e-01 2.26562244e-01 2.33590012e-01 5.12054615e-03]
 [7.93705776e-03 1.09535797e-01 2.53788668e-01 4.20677745e-03]
 [3.47225548e-01 3.03764512e-01 4.32212367e-01 2.35259641e-01]]
Matrix Adv:
[[4.19377879e-01 3.87484421e-01 4.92372344e-01 5.17692643e-01]
 [3.17073764e-01 2.26608234e-01 2.33644787e-01 8.75671170e-02]
 [5.65633516e-01 1.09758801e-01 2.54193794e-01 6.83237866e-02]
 [2.87775097e-63 0.00000000e+00 0.00000000e+00 0.00000000e+00]]
--------------------------------------------------
[2026-05-14 15:22:43] ERROR: 
Matrix Ego:
[[4.19377603e-01 3.87484307e-01 4.70383558e-01 7.50660093e-05]
 [3.14546737e-01 2.26562244e-01 2.33590012e-01 5.12054615e-03]
 [7.93705776e-03 1.09535797e-01 2.53788668e-01 4.20677745e-03]
 [3.47225548e-01 3.03764512e-01 4.32212367e-01 2.35259641e-01]]
Matrix Adv:
[[4.19377879e-01 3.87484421e-01 4.70384513e-01 5.17692643e-01]
 [3.17073764e-01 2.26608234e-01 2.33644787e-01 8.75671170e-02]
 [5.65633516e-01 1.09758801e-01 2.54193794e-01 6.83237866e-02]
 [2.87775097e-63 0.00000000e+00 0.00000000e+00 0.00000000e+00]]
--------------------------------------------------
[2026-05-14 15:22:43] ERROR: 
Matrix Ego:
[[4.19377603e-01 3.87484307e-01 4.70383558e-01 7.50660093e-05]
 [3.14546737e-01 2.26562244e-01 2.33590012e-01 5.12054615e-03]
 [7.93705776e-03 1.09535797e-01 2.53788668e-01 4.20677745e-03]
 [3.47225548e-01 3.03764512e-01 4.32212367e-01 2.35259641e-01]]
Matrix Adv:
[[4.19377879e-01 3.87484421e-01 4.70384513e-01 5.17692643e-01]
 [3.17073764e-01 2.26608234e-01 2.33644787e-01 8.75671170e-02]
 [5.65633516e-01 1.09758801e-01 2.54193794e-01 6.83237866e-02]
 [2.87775097e-63 0.00000000e+00 0.00000000e+00 0.00000000e+00]]
--------------------------------------------------
[2026-05-14 15:22:43] ERROR: 
Matrix Ego:
[[4.19377603e-01 3.87484307e-01 4.70383558e-01 7.50660093e-05]
 [3.14546737e-01 2.26562244e-01 2.33590012e-01 5.12054615e-03]
 [7.93705776e-03 1.09535797e-01 2.53788668e-01 4.20677745e-03]
 [3.47200259e-01 3.03764512e-01 4.32212367e-01 2.35259641e-01]]
Matrix Adv:
[[4.19377879e-01 3.87484421e-01 4.70384513e-01 5.17692643e-01]
 [3.17073764e-01 2.26608234e-01 2.33644787e-01 8.75671170e-02]
 [5.65633516e-01 1.09758801e-01 2.54193794e-01 6.83237866e-02]
 [2.58997587e-63 0.00000000e+00 0.00000000e+00 0.00000000e+00]]
--------------------------------------------------
[2026-05-14 15:22:43] ERROR: 
Matrix Ego:
[[4.19377603e-01 3.87484307e-01 4.70383558e-01 7.50660093e-05]
 [3.14546737e-01 2.26562244e-01 2.33590012e-01 5.12054615e-03]
 [7.93705776e-03 1.09535797e-01 2.53788668e-01 4.20677745e-03]
 [3.47200259e-01 3.03764512e-01 4.32212367e-01 2.35259641e-01]]
Matrix Adv:
[[4.19377879e-01 3.87484421e-01 4.70384513e-01 5.17692643e-01]
 [3.17073764e-01 2.26608234e-01 2.33644787e-01 8.75671170e-02]
 [5.65633516e-01 1.09758801e-01 2.54193794e-01 6.83237866e-02]
 [2.58997587e-63 0.00000000e+00 0.00000000e+00 0.00000000e+00]]
--------------------------------------------------
[2026-05-14 15:22:44] ERROR: 
Matrix Ego:
[[4.19377603e-01 3.87484307e-01 4.70383558e-01 7.50660093e-05]
 [3.14546737e-01 2.26562244e-01 2.33590012e-01 5.12054615e-03]
 [7.93705776e-03 1.09535797e-01 2.53788668e-01 4.20677745e-03]
 [3.47175052e-01 3.03764512e-01 4.32212367e-01 2.35259641e-01]]
Matrix Adv:
[[4.19377879e-01 3.87484421e-01 4.70384513e-01 5.17692643e-01]
 [3.17073764e-01 2.26608234e-01 2.33644787e-01 8.75671170e-02]
 [5.65633516e-01 1.09758801e-01 2.54193794e-01 6.83237866e-02]
 [2.33097828e-63 0.00000000e+00 0.00000000e+00 0.00000000e+00]]
--------------------------------------------------
[2026-05-14 15:22:44] ERROR: 
Matrix Ego:
[[4.19377603e-01 3.87484307e-01 4.70383558e-01 7.50660093e-05]
 [3.14546737e-01 2.26562244e-01 2.33590012e-01 5.12054615e-03]
 [7.93705776e-03 1.09535797e-01 2.53788668e-01 4.20677745e-03]
 [3.47175052e-01 3.03764512e-01 4.32212367e-01 2.35259641e-01]]
Matrix Adv:
[[4.19377879e-01 3.87484421e-01 4.70384513e-01 5.17692643e-01]
 [3.17073764e-01 2.26608234e-01 2.33644787e-01 8.75671170e-02]
 [5.65633516e-01 1.09758801e-01 2.54193794e-01 6.83237866e-02]
 [2.33097828e-63 0.00000000e+00 0.00000000e+00 0.00000000e+00]]
--------------------------------------------------
[2026-05-14 15:22:44] ERROR: 
Matrix Ego:
[[4.19377603e-01 3.87484307e-01 4.70383558e-01 7.50660093e-05]
 [3.14546737e-01 2.26562244e-01 2.33590012e-01 5.12054615e-03]
 [7.93705776e-03 1.09535797e-01 2.53788668e-01 4.20677745e-03]
 [3.47150164e-01 3.03764512e-01 4.32212367e-01 2.35259641e-01]]
Matrix Adv:
[[4.19377879e-01 3.87484421e-01 4.70384513e-01 5.17692643e-01]
 [3.17073764e-01 2.26608234e-01 2.33644787e-01 8.75671170e-02]
 [5.65633516e-01 1.09758801e-01 2.54193794e-01 6.83237866e-02]
 [2.09788045e-63 0.00000000e+00 0.00000000e+00 0.00000000e+00]]
--------------------------------------------------
[2026-05-14 15:22:44] ERROR: 
Matrix Ego:
[[4.19377603e-01 3.87484307e-01 4.70383558e-01 7.50660093e-05]
 [3.14546737e-01 2.26562244e-01 2.33590012e-01 5.12054615e-03]
 [7.93705776e-03 1.09535797e-01 2.53788668e-01 4.20677745e-03]
 [3.47150164e-01 3.03764512e-01 4.32212367e-01 2.35259641e-01]]
Matrix Adv:
[[4.19377879e-01 3.87484421e-01 4.70384513e-01 5.17692643e-01]
 [3.17073764e-01 2.26608234e-01 2.33644787e-01 8.75671170e-02]
 [5.65633516e-01 1.09758801e-01 2.54193794e-01 6.83237866e-02]
 [2.09788045e-63 0.00000000e+00 0.00000000e+00 0.00000000e+00]]
--------------------------------------------------
[2026-05-14 15:22:44] ERROR: 
Matrix Ego:
[[4.19377603e-01 3.87484307e-01 4.70383558e-01 7.50660093e-05]
 [3.14546737e-01 2.26562244e-01 2.33590012e-01 5.12054615e-03]
 [7.93705776e-03 1.09535797e-01 2.53788668e-01 4.20677745e-03]
 [3.45205530e-01 3.03764512e-01 4.32212367e-01 2.35259641e-01]]
Matrix Adv:
[[4.19377879e-01 3.87484421e-01 4.70384513e-01 5.17692643e-01]
 [3.17073764e-01 2.26608234e-01 2.33644787e-01 8.75671170e-02]
 [5.65633516e-01 1.09758801e-01 2.54193794e-01 6.83237866e-02]
 [1.88809241e-63 0.00000000e+00 0.00000000e+00 0.00000000e+00]]
--------------------------------------------------
[2026-05-14 15:22:44] ERROR: 
Matrix Ego:
[[4.19377603e-01 3.87484307e-01 4.70383558e-01 7.50660093e-05]
 [3.14546737e-01 2.26562244e-01 2.33590012e-01 5.12054615e-03]
 [7.93705776e-03 1.09535797e-01 2.53788668e-01 4.20677745e-03]
 [3.45205530e-01 3.03764512e-01 4.32212367e-01 2.35259641e-01]]
Matrix Adv:
[[4.19377879e-01 3.87484421e-01 4.70384513e-01 5.17692643e-01]
 [3.17073764e-01 2.26608234e-01 2.33644787e-01 8.75671170e-02]
 [5.65633516e-01 1.09758801e-01 2.54193794e-01 6.83237866e-02]
 [1.88809241e-63 0.00000000e+00 0.00000000e+00 0.00000000e+00]]
--------------------------------------------------
[2026-05-14 15:22:44] ERROR: 
Matrix Ego:
[[4.19377603e-01 3.87484307e-01 4.70383558e-01 7.50660093e-05]
 [3.14546737e-01 2.26562244e-01 2.33590012e-01 5.12054615e-03]
 [7.93705776e-03 1.09535797e-01 2.53788668e-01 4.20677745e-03]
 [3.45375563e-01 3.03764512e-01 4.32212367e-01 2.35259641e-01]]
Matrix Adv:
[[4.19377879e-01 3.87484421e-01 4.70384513e-01 5.17692643e-01]
 [3.17073764e-01 2.26608234e-01 2.33644787e-01 8.75671170e-02]
 [5.65633516e-01 1.09758801e-01 2.54193794e-01 6.83237866e-02]
 [1.69928317e-63 0.00000000e+00 0.00000000e+00 0.00000000e+00]]
--------------------------------------------------
[2026-05-14 15:22:44] ERROR: 
Matrix Ego:
[[4.19377603e-01 3.87484307e-01 4.70383558e-01 7.50660093e-05]
 [3.14546737e-01 2.26562244e-01 2.33590012e-01 5.12054615e-03]
 [7.93705776e-03 1.09535797e-01 2.53788668e-01 4.20677745e-03]
 [3.45375563e-01 3.03764512e-01 4.32212367e-01 2.35259641e-01]]
Matrix Adv:
[[4.19377879e-01 3.87484421e-01 4.70384513e-01 5.17692643e-01]
 [3.17073764e-01 2.26608234e-01 2.33644787e-01 8.75671170e-02]
 [5.65633516e-01 1.09758801e-01 2.54193794e-01 6.83237866e-02]
 [1.69928317e-63 0.00000000e+00 0.00000000e+00 0.00000000e+00]]
--------------------------------------------------
[2026-05-14 15:22:45] ERROR: 
Matrix Ego:
[[4.19377603e-01 3.87484307e-01 4.70383558e-01 7.50660093e-05]
 [3.14546737e-01 2.26562244e-01 2.33590012e-01 5.12054615e-03]
 [7.14335199e-03 1.09535797e-01 2.53788668e-01 4.20677745e-03]
 [3.45375563e-01 3.03764512e-01 4.32212367e-01 2.35259641e-01]]
Matrix Adv:
[[4.19377879e-01 3.87484421e-01 4.70384513e-01 5.17692643e-01]
 [3.17073764e-01 2.26608234e-01 2.33644787e-01 8.75671170e-02]
 [5.72053572e-01 1.09758801e-01 2.54193794e-01 6.83237866e-02]
 [1.69928317e-63 0.00000000e+00 0.00000000e+00 0.00000000e+00]]
--------------------------------------------------
[2026-05-14 15:22:45] ERROR: 
Matrix Ego:
[[4.19377603e-01 3.87484307e-01 4.70383558e-01 7.50660093e-05]
 [3.14546737e-01 2.26562244e-01 2.33590012e-01 5.12054615e-03]
 [7.14335199e-03 1.09535797e-01 2.53788668e-01 4.20677745e-03]
 [3.45375563e-01 3.03764512e-01 4.32212367e-01 2.35259641e-01]]
Matrix Adv:
[[4.19377879e-01 3.87484421e-01 4.70384513e-01 5.17692643e-01]
 [3.17073764e-01 2.26608234e-01 2.33644787e-01 8.75671170e-02]
 [5.72053572e-01 1.09758801e-01 2.54193794e-01 6.83237866e-02]
 [1.69928317e-63 0.00000000e+00 0.00000000e+00 0.00000000e+00]]
--------------------------------------------------
[2026-05-14 15:22:45] ERROR: 
Matrix Ego:
[[4.19377603e-01 3.87484307e-01 4.70383558e-01 7.50660093e-05]
 [3.14546737e-01 2.26562244e-01 2.33590012e-01 5.12054615e-03]
 [7.14335199e-03 1.09535797e-01 2.53788668e-01 4.20677745e-03]
 [3.45526765e-01 3.03764512e-01 4.32212367e-01 2.35259641e-01]]
Matrix Adv:
[[4.19377879e-01 3.87484421e-01 4.70384513e-01 5.17692643e-01]
 [3.17073764e-01 2.26608234e-01 2.33644787e-01 8.75671170e-02]
 [5.72053572e-01 1.09758801e-01 2.54193794e-01 6.83237866e-02]
 [1.52935485e-63 0.00000000e+00 0.00000000e+00 0.00000000e+00]]
--------------------------------------------------
[2026-05-14 15:22:45] ERROR: 
Matrix Ego:
[[4.19377603e-01 3.87484307e-01 4.70383558e-01 7.50660093e-05]
 [3.14546737e-01 2.26562244e-01 2.33590012e-01 5.12054615e-03]
 [7.14335199e-03 1.09535797e-01 2.53788668e-01 4.20677745e-03]
 [3.45526765e-01 3.03764512e-01 4.32212367e-01 2.35259641e-01]]
Matrix Adv:
[[4.19377879e-01 3.87484421e-01 4.70384513e-01 5.17692643e-01]
 [3.17073764e-01 2.26608234e-01 2.33644787e-01 8.75671170e-02]
 [5.72053572e-01 1.09758801e-01 2.54193794e-01 6.83237866e-02]
 [1.52935485e-63 0.00000000e+00 0.00000000e+00 0.00000000e+00]]
--------------------------------------------------
[2026-05-14 15:22:45] ERROR: 
Matrix Ego:
[[4.19377603e-01 3.87484307e-01 4.70383558e-01 7.50660093e-05]
 [3.14546737e-01 2.26562244e-01 2.33590012e-01 5.12054615e-03]
 [7.14335199e-03 1.09535797e-01 2.53788668e-01 4.20677745e-03]
 [3.45661161e-01 3.03764512e-01 4.32212367e-01 2.35259641e-01]]
Matrix Adv:
[[4.19377879e-01 3.87484421e-01 4.70384513e-01 5.17692643e-01]
 [3.17073764e-01 2.26608234e-01 2.33644787e-01 8.75671170e-02]
 [5.72053572e-01 1.09758801e-01 2.54193794e-01 6.83237866e-02]
 [1.37641937e-63 0.00000000e+00 0.00000000e+00 0.00000000e+00]]
--------------------------------------------------
[2026-05-14 15:22:45] ERROR: 
Matrix Ego:
[[4.19377603e-01 3.87484307e-01 4.70383558e-01 7.50660093e-05]
 [3.14546737e-01 2.26562244e-01 2.33590012e-01 5.12054615e-03]
 [7.14335199e-03 1.09535797e-01 2.53788668e-01 4.20677745e-03]
 [3.45661161e-01 3.03764512e-01 4.32212367e-01 2.35259641e-01]]
Matrix Adv:
[[4.19377879e-01 3.87484421e-01 4.70384513e-01 5.17692643e-01]
 [3.17073764e-01 2.26608234e-01 2.33644787e-01 8.75671170e-02]
 [5.72053572e-01 1.09758801e-01 2.54193794e-01 6.83237866e-02]
 [1.37641937e-63 0.00000000e+00 0.00000000e+00 0.00000000e+00]]
--------------------------------------------------
[2026-05-14 15:22:46] ERROR: 
Matrix Ego:
[[4.19377603e-01 3.87484307e-01 4.70383558e-01 7.50660093e-05]
 [3.14546737e-01 2.26562244e-01 2.33590012e-01 5.12054615e-03]
 [7.14335199e-03 1.09535797e-01 2.53788668e-01 4.20677745e-03]
 [3.45779236e-01 3.03764512e-01 4.32212367e-01 2.35259641e-01]]
Matrix Adv:
[[4.19377879e-01 3.87484421e-01 4.70384513e-01 5.17692643e-01]
 [3.17073764e-01 2.26608234e-01 2.33644787e-01 8.75671170e-02]
 [5.72053572e-01 1.09758801e-01 2.54193794e-01 6.83237866e-02]
 [1.23877743e-63 0.00000000e+00 0.00000000e+00 0.00000000e+00]]
--------------------------------------------------
[2026-05-14 15:22:46] ERROR: 
Matrix Ego:
[[4.19377603e-01 3.87484307e-01 4.70383558e-01 7.50660093e-05]
 [3.14546737e-01 2.26562244e-01 2.33590012e-01 5.12054615e-03]
 [7.14335199e-03 1.09535797e-01 2.53788668e-01 4.20677745e-03]
 [3.45779236e-01 3.03764512e-01 4.32212367e-01 2.35259641e-01]]
Matrix Adv:
[[4.19377879e-01 3.87484421e-01 4.70384513e-01 5.17692643e-01]
 [3.17073764e-01 2.26608234e-01 2.33644787e-01 8.75671170e-02]
 [5.72053572e-01 1.09758801e-01 2.54193794e-01 6.83237866e-02]
 [1.23877743e-63 0.00000000e+00 0.00000000e+00 0.00000000e+00]]
--------------------------------------------------
[2026-05-14 15:22:46] ERROR: 
Matrix Ego:
[[4.19377603e-01 3.87484307e-01 4.70383558e-01 7.50660093e-05]
 [3.14546737e-01 2.26562244e-01 2.33590012e-01 5.12054615e-03]
 [7.14335199e-03 1.09535797e-01 2.53788668e-01 4.20677745e-03]
 [3.45884242e-01 3.03764512e-01 4.32212367e-01 2.35259641e-01]]
Matrix Adv:
[[4.19377879e-01 3.87484421e-01 4.70384513e-01 5.17692643e-01]
 [3.17073764e-01 2.26608234e-01 2.33644787e-01 8.75671170e-02]
 [5.72053572e-01 1.09758801e-01 2.54193794e-01 6.83237866e-02]
 [1.11489969e-63 0.00000000e+00 0.00000000e+00 0.00000000e+00]]
--------------------------------------------------
[2026-05-14 15:22:46] ERROR: 
Matrix Ego:
[[4.19377603e-01 3.87484307e-01 4.70383558e-01 7.50660093e-05]
 [3.14546737e-01 2.26562244e-01 2.33590012e-01 5.12054615e-03]
 [7.14335199e-03 1.09535797e-01 2.53788668e-01 4.20677745e-03]
 [3.45884242e-01 3.03764512e-01 4.32212367e-01 2.35259641e-01]]
Matrix Adv:
[[4.19377879e-01 3.87484421e-01 4.70384513e-01 5.17692643e-01]
 [3.17073764e-01 2.26608234e-01 2.33644787e-01 8.75671170e-02]
 [5.72053572e-01 1.09758801e-01 2.54193794e-01 6.83237866e-02]
 [1.11489969e-63 0.00000000e+00 0.00000000e+00 0.00000000e+00]]
--------------------------------------------------
[2026-05-14 15:22:46] ERROR: 
Matrix Ego:
[[4.19377603e-01 3.87484307e-01 4.70383558e-01 7.50660093e-05]
 [3.14546737e-01 2.26562244e-01 2.33590012e-01 5.12054615e-03]
 [7.14335199e-03 1.09535797e-01 2.53788668e-01 4.20677745e-03]
 [3.45977568e-01 3.03764512e-01 4.32212367e-01 2.35259641e-01]]
Matrix Adv:
[[4.19377879e-01 3.87484421e-01 4.70384513e-01 5.17692643e-01]
 [3.17073764e-01 2.26608234e-01 2.33644787e-01 8.75671170e-02]
 [5.72053572e-01 1.09758801e-01 2.54193794e-01 6.83237866e-02]
 [1.00340972e-63 0.00000000e+00 0.00000000e+00 0.00000000e+00]]
--------------------------------------------------
[2026-05-14 15:22:46] ERROR: 
Matrix Ego:
[[4.19377603e-01 3.87484307e-01 4.70383558e-01 7.50660093e-05]
 [3.14546737e-01 2.26562244e-01 2.33590012e-01 5.12054615e-03]
 [7.14335199e-03 1.09535797e-01 2.53788668e-01 4.20677745e-03]
 [3.45977568e-01 3.03764512e-01 4.32212367e-01 2.35259641e-01]]
Matrix Adv:
[[4.19377879e-01 3.87484421e-01 4.70384513e-01 5.17692643e-01]
 [3.17073764e-01 2.26608234e-01 2.33644787e-01 8.75671170e-02]
 [5.72053572e-01 1.09758801e-01 2.54193794e-01 6.83237866e-02]
 [1.00340972e-63 0.00000000e+00 0.00000000e+00 0.00000000e+00]]
--------------------------------------------------
[2026-05-14 15:22:46] ERROR: 
Matrix Ego:
[[4.19377603e-01 3.87484307e-01 4.70383558e-01 7.50660093e-05]
 [3.14546737e-01 2.26562244e-01 2.33590012e-01 5.12054615e-03]
 [7.14335199e-03 1.09535797e-01 2.53788668e-01 4.20677745e-03]
 [3.46060450e-01 3.03764512e-01 4.32212367e-01 2.35259641e-01]]
Matrix Adv:
[[4.19377879e-01 3.87484421e-01 4.70384513e-01 5.17692643e-01]
 [3.17073764e-01 2.26608234e-01 2.33644787e-01 8.75671170e-02]
 [5.72053572e-01 1.09758801e-01 2.54193794e-01 6.83237866e-02]
 [9.03068746e-64 0.00000000e+00 0.00000000e+00 0.00000000e+00]]
--------------------------------------------------
[2026-05-14 15:22:46] ERROR: 
Matrix Ego:
[[4.19377603e-01 3.87484307e-01 4.70383558e-01 7.50660093e-05]
 [3.14546737e-01 2.26562244e-01 2.33590012e-01 5.12054615e-03]
 [7.14335199e-03 1.09535797e-01 2.53788668e-01 4.20677745e-03]
 [3.46060450e-01 3.03764512e-01 4.32212367e-01 2.35259641e-01]]
Matrix Adv:
[[4.19377879e-01 3.87484421e-01 4.70384513e-01 5.17692643e-01]
 [3.17073764e-01 2.26608234e-01 2.33644787e-01 8.75671170e-02]
 [5.72053572e-01 1.09758801e-01 2.54193794e-01 6.83237866e-02]
 [9.03068746e-64 0.00000000e+00 0.00000000e+00 0.00000000e+00]]
--------------------------------------------------
[2026-05-14 15:22:46] ERROR: 
Matrix Ego:
[[4.19377603e-01 3.87484307e-01 4.70383558e-01 7.50660093e-05]
 [3.14546737e-01 2.26562244e-01 2.33590012e-01 5.12054615e-03]
 [7.14335199e-03 1.09535797e-01 2.53788668e-01 4.20677745e-03]
 [3.46134044e-01 3.03764512e-01 4.32212367e-01 2.35259641e-01]]
Matrix Adv:
[[4.19377879e-01 3.87484421e-01 4.70384513e-01 5.17692643e-01]
 [3.17073764e-01 2.26608234e-01 2.33644787e-01 8.75671170e-02]
 [5.72053572e-01 1.09758801e-01 2.54193794e-01 6.83237866e-02]
 [8.12761871e-64 0.00000000e+00 0.00000000e+00 0.00000000e+00]]
--------------------------------------------------
[2026-05-14 15:22:46] ERROR: 
Matrix Ego:
[[4.19377603e-01 3.87484307e-01 4.70383558e-01 7.50660093e-05]
 [3.14546737e-01 2.26562244e-01 2.33590012e-01 5.12054615e-03]
 [7.14335199e-03 1.09535797e-01 2.53788668e-01 4.20677745e-03]
 [3.46134044e-01 3.03764512e-01 4.32212367e-01 2.35259641e-01]]
Matrix Adv:
[[4.19377879e-01 3.87484421e-01 4.70384513e-01 5.17692643e-01]
 [3.17073764e-01 2.26608234e-01 2.33644787e-01 8.75671170e-02]
 [5.72053572e-01 1.09758801e-01 2.54193794e-01 6.83237866e-02]
 [8.12761871e-64 0.00000000e+00 0.00000000e+00 0.00000000e+00]]
--------------------------------------------------
[2026-05-14 15:22:46] ERROR: 
Matrix Ego:
[[4.19377603e-01 3.87484307e-01 4.70383558e-01 7.50660093e-05]
 [3.14546737e-01 2.26562244e-01 2.33590012e-01 5.12054615e-03]
 [7.14335199e-03 1.09535797e-01 2.53788668e-01 4.20677745e-03]
 [3.46200279e-01 3.03764512e-01 4.32212367e-01 2.35259641e-01]]
Matrix Adv:
[[4.19377879e-01 3.87484421e-01 4.70384513e-01 5.17692643e-01]
 [3.17073764e-01 2.26608234e-01 2.33644787e-01 8.75671170e-02]
 [5.72053572e-01 1.09758801e-01 2.54193794e-01 6.83237866e-02]
 [7.31485684e-64 0.00000000e+00 0.00000000e+00 0.00000000e+00]]
--------------------------------------------------
[2026-05-14 15:22:46] ERROR: 
Matrix Ego:
[[4.19377603e-01 3.87484307e-01 4.70383558e-01 7.50660093e-05]
 [3.14546737e-01 2.26562244e-01 2.33590012e-01 5.12054615e-03]
 [7.14335199e-03 1.09535797e-01 2.53788668e-01 4.20677745e-03]
 [3.46200279e-01 3.03764512e-01 4.32212367e-01 2.35259641e-01]]
Matrix Adv:
[[4.19377879e-01 3.87484421e-01 4.70384513e-01 5.17692643e-01]
 [3.17073764e-01 2.26608234e-01 2.33644787e-01 8.75671170e-02]
 [5.72053572e-01 1.09758801e-01 2.54193794e-01 6.83237866e-02]
 [7.31485684e-64 0.00000000e+00 0.00000000e+00 0.00000000e+00]]
--------------------------------------------------
[2026-05-14 15:22:47] ERROR: 
Matrix Ego:
[[4.19377603e-01 3.87484307e-01 4.70383558e-01 7.50660093e-05]
 [3.14546737e-01 2.26562244e-01 2.33590012e-01 5.12054615e-03]
 [7.14335199e-03 1.09535797e-01 2.53788668e-01 4.20677745e-03]
 [3.46259890e-01 3.03764512e-01 4.32212367e-01 2.35259641e-01]]
Matrix Adv:
[[4.19377879e-01 3.87484421e-01 4.70384513e-01 5.17692643e-01]
 [3.17073764e-01 2.26608234e-01 2.33644787e-01 8.75671170e-02]
 [5.72053572e-01 1.09758801e-01 2.54193794e-01 6.83237866e-02]
 [6.58337116e-64 0.00000000e+00 0.00000000e+00 0.00000000e+00]]
--------------------------------------------------
[2026-05-14 15:22:47] ERROR: 
Matrix Ego:
[[4.19377603e-01 3.87484307e-01 4.70383558e-01 7.50660093e-05]
 [3.14546737e-01 2.26562244e-01 2.33590012e-01 5.12054615e-03]
 [7.14335199e-03 1.09535797e-01 2.53788668e-01 4.20677745e-03]
 [3.46259890e-01 3.03764512e-01 4.32212367e-01 2.35259641e-01]]
Matrix Adv:
[[4.19377879e-01 3.87484421e-01 4.70384513e-01 5.17692643e-01]
 [3.17073764e-01 2.26608234e-01 2.33644787e-01 8.75671170e-02]
 [5.72053572e-01 1.09758801e-01 2.54193794e-01 6.83237866e-02]
 [6.58337116e-64 0.00000000e+00 0.00000000e+00 0.00000000e+00]]
--------------------------------------------------
[2026-05-14 15:22:47] ERROR: 
Matrix Ego:
[[4.19377603e-01 3.87484307e-01 4.70383558e-01 7.50660093e-05]
 [3.14546737e-01 2.26562244e-01 2.33590012e-01 5.12054615e-03]
 [7.14335199e-03 1.09535797e-01 2.53788668e-01 4.20677745e-03]
 [3.46312581e-01 3.03764512e-01 4.32212367e-01 2.35259641e-01]]
Matrix Adv:
[[4.19377879e-01 3.87484421e-01 4.70384513e-01 5.17692643e-01]
 [3.17073764e-01 2.26608234e-01 2.33644787e-01 8.75671170e-02]
 [5.72053572e-01 1.09758801e-01 2.54193794e-01 6.83237866e-02]
 [5.92503404e-64 0.00000000e+00 0.00000000e+00 0.00000000e+00]]
--------------------------------------------------
[2026-05-14 15:22:47] ERROR: 
Matrix Ego:
[[4.19377603e-01 3.87484307e-01 4.70383558e-01 7.50660093e-05]
 [3.14546737e-01 2.26562244e-01 2.33590012e-01 5.12054615e-03]
 [7.14335199e-03 1.09535797e-01 2.53788668e-01 4.20677745e-03]
 [3.46312581e-01 3.03764512e-01 4.32212367e-01 2.35259641e-01]]
Matrix Adv:
[[4.19377879e-01 3.87484421e-01 4.70384513e-01 5.17692643e-01]
 [3.17073764e-01 2.26608234e-01 2.33644787e-01 8.75671170e-02]
 [5.72053572e-01 1.09758801e-01 2.54193794e-01 6.83237866e-02]
 [5.92503404e-64 0.00000000e+00 0.00000000e+00 0.00000000e+00]]
--------------------------------------------------
[2026-05-14 15:22:47] ERROR: 
Matrix Ego:
[[4.19377603e-01 3.87484307e-01 4.70383558e-01 7.50660093e-05]
 [3.14546737e-01 2.26562244e-01 2.33590012e-01 5.12054615e-03]
 [7.14335199e-03 1.09535797e-01 2.53788668e-01 4.20677745e-03]
 [3.46359070e-01 3.03764512e-01 4.32212367e-01 2.35259641e-01]]
Matrix Adv:
[[4.19377879e-01 3.87484421e-01 4.70384513e-01 5.17692643e-01]
 [3.17073764e-01 2.26608234e-01 2.33644787e-01 8.75671170e-02]
 [5.72053572e-01 1.09758801e-01 2.54193794e-01 6.83237866e-02]
 [5.33253064e-64 0.00000000e+00 0.00000000e+00 0.00000000e+00]]
--------------------------------------------------
[2026-05-14 15:22:47] ERROR: 
Matrix Ego:
[[4.19377603e-01 3.87484307e-01 4.70383558e-01 7.50660093e-05]
 [3.14546737e-01 2.26562244e-01 2.33590012e-01 5.12054615e-03]
 [7.14335199e-03 1.09535797e-01 2.53788668e-01 4.20677745e-03]
 [3.46359070e-01 3.03764512e-01 4.32212367e-01 2.35259641e-01]]
Matrix Adv:
[[4.19377879e-01 3.87484421e-01 4.70384513e-01 5.17692643e-01]
 [3.17073764e-01 2.26608234e-01 2.33644787e-01 8.75671170e-02]
 [5.72053572e-01 1.09758801e-01 2.54193794e-01 6.83237866e-02]
 [5.33253064e-64 0.00000000e+00 0.00000000e+00 0.00000000e+00]]
--------------------------------------------------
[2026-05-14 15:22:47] ERROR: 
Matrix Ego:
[[4.19377603e-01 3.87484307e-01 4.70383558e-01 7.50660093e-05]
 [3.14546737e-01 2.26562244e-01 2.33590012e-01 5.12054615e-03]
 [7.14335199e-03 1.09535797e-01 2.53788668e-01 4.20677745e-03]
 [3.46399991e-01 3.03764512e-01 4.32212367e-01 2.35259641e-01]]
Matrix Adv:
[[4.19377879e-01 3.87484421e-01 4.70384513e-01 5.17692643e-01]
 [3.17073764e-01 2.26608234e-01 2.33644787e-01 8.75671170e-02]
 [5.72053572e-01 1.09758801e-01 2.54193794e-01 6.83237866e-02]
 [4.79927757e-64 0.00000000e+00 0.00000000e+00 0.00000000e+00]]
--------------------------------------------------
[2026-05-14 15:22:47] ERROR: 
Matrix Ego:
[[4.19377603e-01 3.87484307e-01 4.70383558e-01 7.50660093e-05]
 [3.14546737e-01 2.26562244e-01 2.33590012e-01 5.12054615e-03]
 [7.14335199e-03 1.09535797e-01 2.53788668e-01 4.20677745e-03]
 [3.46399991e-01 3.03764512e-01 4.32212367e-01 2.35259641e-01]]
Matrix Adv:
[[4.19377879e-01 3.87484421e-01 4.70384513e-01 5.17692643e-01]
 [3.17073764e-01 2.26608234e-01 2.33644787e-01 8.75671170e-02]
 [5.72053572e-01 1.09758801e-01 2.54193794e-01 6.83237866e-02]
 [4.79927757e-64 0.00000000e+00 0.00000000e+00 0.00000000e+00]]
--------------------------------------------------
[2026-05-14 15:22:47] ERROR: 
Matrix Ego:
[[4.19377603e-01 3.87484307e-01 4.70383558e-01 7.50660093e-05]
 [3.14546737e-01 2.26562244e-01 2.33590012e-01 5.12054615e-03]
 [7.14335199e-03 1.09535797e-01 2.53788668e-01 4.20677745e-03]
 [3.46435902e-01 3.03764512e-01 4.32212367e-01 2.35259641e-01]]
Matrix Adv:
[[4.19377879e-01 3.87484421e-01 4.70384513e-01 5.17692643e-01]
 [3.17073764e-01 2.26608234e-01 2.33644787e-01 8.75671170e-02]
 [5.72053572e-01 1.09758801e-01 2.54193794e-01 6.83237866e-02]
 [4.31934982e-64 0.00000000e+00 0.00000000e+00 0.00000000e+00]]
--------------------------------------------------
[2026-05-14 15:22:47] ERROR: 
Matrix Ego:
[[4.19377603e-01 3.87484307e-01 4.70383558e-01 7.50660093e-05]
 [3.14546737e-01 2.26562244e-01 2.33590012e-01 5.12054615e-03]
 [7.14335199e-03 1.09535797e-01 2.53788668e-01 4.20677745e-03]
 [3.46435902e-01 3.03764512e-01 4.32212367e-01 2.35259641e-01]]
Matrix Adv:
[[4.19377879e-01 3.87484421e-01 4.70384513e-01 5.17692643e-01]
 [3.17073764e-01 2.26608234e-01 2.33644787e-01 8.75671170e-02]
 [5.72053572e-01 1.09758801e-01 2.54193794e-01 6.83237866e-02]
 [4.31934982e-64 0.00000000e+00 0.00000000e+00 0.00000000e+00]]
--------------------------------------------------
[2026-05-14 15:22:47] ERROR: 
Matrix Ego:
[[4.19377603e-01 3.87484307e-01 4.70383558e-01 7.50660093e-05]
 [3.14546737e-01 2.26562244e-01 2.33590012e-01 5.12054615e-03]
 [7.14335199e-03 1.09535797e-01 2.53788668e-01 4.20677745e-03]
 [3.46467293e-01 3.03764512e-01 4.32212367e-01 2.35259641e-01]]
Matrix Adv:
[[4.19377879e-01 3.87484421e-01 4.70384513e-01 5.17692643e-01]
 [3.17073764e-01 2.26608234e-01 2.33644787e-01 8.75671170e-02]
 [5.72053572e-01 1.09758801e-01 2.54193794e-01 6.83237866e-02]
 [3.88741484e-64 0.00000000e+00 0.00000000e+00 0.00000000e+00]]
--------------------------------------------------
[2026-05-14 15:22:47] ERROR: 
Matrix Ego:
[[4.19377603e-01 3.87484307e-01 4.70383558e-01 7.50660093e-05]
 [3.14546737e-01 2.26562244e-01 2.33590012e-01 5.12054615e-03]
 [7.14335199e-03 1.09535797e-01 2.53788668e-01 4.20677745e-03]
 [3.46467293e-01 3.03764512e-01 4.32212367e-01 2.35259641e-01]]
Matrix Adv:
[[4.19377879e-01 3.87484421e-01 4.70384513e-01 5.17692643e-01]
 [3.17073764e-01 2.26608234e-01 2.33644787e-01 8.75671170e-02]
 [5.72053572e-01 1.09758801e-01 2.54193794e-01 6.83237866e-02]
 [3.88741484e-64 0.00000000e+00 0.00000000e+00 0.00000000e+00]]
--------------------------------------------------
[2026-05-14 15:22:47] ERROR: 
Matrix Ego:
[[4.19377603e-01 3.87484307e-01 4.70383558e-01 7.50660093e-05]
 [3.14546737e-01 2.26562244e-01 2.33590012e-01 5.12054615e-03]
 [7.14335199e-03 1.09535797e-01 2.53788668e-01 4.20677745e-03]
 [3.46494599e-01 3.03764512e-01 4.32212367e-01 2.35259641e-01]]
Matrix Adv:
[[4.19377879e-01 3.87484421e-01 4.70384513e-01 5.17692643e-01]
 [3.17073764e-01 2.26608234e-01 2.33644787e-01 8.75671170e-02]
 [5.72053572e-01 1.09758801e-01 2.54193794e-01 6.83237866e-02]
 [3.49867335e-64 0.00000000e+00 0.00000000e+00 0.00000000e+00]]
--------------------------------------------------
[2026-05-14 15:22:47] ERROR: 
Matrix Ego:
[[4.19377603e-01 3.87484307e-01 4.70383558e-01 7.50660093e-05]
 [3.14546737e-01 2.26562244e-01 2.33590012e-01 5.12054615e-03]
 [7.14335199e-03 1.09535797e-01 2.53788668e-01 4.20677745e-03]
 [3.46494599e-01 3.03764512e-01 4.32212367e-01 2.35259641e-01]]
Matrix Adv:
[[4.19377879e-01 3.87484421e-01 4.70384513e-01 5.17692643e-01]
 [3.17073764e-01 2.26608234e-01 2.33644787e-01 8.75671170e-02]
 [5.72053572e-01 1.09758801e-01 2.54193794e-01 6.83237866e-02]
 [3.49867335e-64 0.00000000e+00 0.00000000e+00 0.00000000e+00]]
--------------------------------------------------
[2026-05-14 15:22:48] ERROR: 
Matrix Ego:
[[4.19377603e-01 3.87484307e-01 4.70383558e-01 7.50660093e-05]
 [3.14546737e-01 2.26562244e-01 2.33590012e-01 5.12054615e-03]
 [7.14335199e-03 1.09535797e-01 2.53788668e-01 4.20677745e-03]
 [3.46518204e-01 3.03764512e-01 4.32212367e-01 2.35259641e-01]]
Matrix Adv:
[[4.19377879e-01 3.87484421e-01 4.70384513e-01 5.17692643e-01]
 [3.17073764e-01 2.26608234e-01 2.33644787e-01 8.75671170e-02]
 [5.72053572e-01 1.09758801e-01 2.54193794e-01 6.83237866e-02]
 [3.14880602e-64 0.00000000e+00 0.00000000e+00 0.00000000e+00]]
--------------------------------------------------
[2026-05-14 15:22:48] ERROR: 
Matrix Ego:
[[4.19377603e-01 3.87484307e-01 4.70383558e-01 7.50660093e-05]
 [3.14546737e-01 2.26562244e-01 2.33590012e-01 5.12054615e-03]
 [7.14335199e-03 1.09535797e-01 2.53788668e-01 4.20677745e-03]
 [3.46518204e-01 3.03764512e-01 4.32212367e-01 2.35259641e-01]]
Matrix Adv:
[[4.19377879e-01 3.87484421e-01 4.70384513e-01 5.17692643e-01]
 [3.17073764e-01 2.26608234e-01 2.33644787e-01 8.75671170e-02]
 [5.72053572e-01 1.09758801e-01 2.54193794e-01 6.83237866e-02]
 [3.14880602e-64 0.00000000e+00 0.00000000e+00 0.00000000e+00]]
--------------------------------------------------
[2026-05-14 15:22:48] ERROR: 
Matrix Ego:
[[4.19377603e-01 3.87484307e-01 4.70383558e-01 7.50660093e-05]
 [3.14546737e-01 2.26562244e-01 2.33590012e-01 5.12054615e-03]
 [7.14335199e-03 1.09535797e-01 2.53788668e-01 4.20677745e-03]
 [3.46538468e-01 3.03764512e-01 4.32212367e-01 2.35259641e-01]]
Matrix Adv:
[[4.19377879e-01 3.87484421e-01 4.70384513e-01 5.17692643e-01]
 [3.17073764e-01 2.26608234e-01 2.33644787e-01 8.75671170e-02]
 [5.72053572e-01 1.09758801e-01 2.54193794e-01 6.83237866e-02]
 [2.83392541e-64 0.00000000e+00 0.00000000e+00 0.00000000e+00]]
--------------------------------------------------
[2026-05-14 15:22:48] ERROR: 
Matrix Ego:
[[4.19377603e-01 3.87484307e-01 4.70383558e-01 7.50660093e-05]
 [3.14546737e-01 2.26562244e-01 2.33590012e-01 5.12054615e-03]
 [7.14335199e-03 1.09535797e-01 2.53788668e-01 4.20677745e-03]
 [3.46538468e-01 3.03764512e-01 4.32212367e-01 2.35259641e-01]]
Matrix Adv:
[[4.19377879e-01 3.87484421e-01 4.70384513e-01 5.17692643e-01]
 [3.17073764e-01 2.26608234e-01 2.33644787e-01 8.75671170e-02]
 [5.72053572e-01 1.09758801e-01 2.54193794e-01 6.83237866e-02]
 [2.83392541e-64 0.00000000e+00 0.00000000e+00 0.00000000e+00]]
--------------------------------------------------
[2026-05-14 15:22:49] ERROR: 
Matrix Ego:
[[4.19377603e-01 3.87484307e-01 4.70383558e-01 7.50660093e-05]
 [3.14546737e-01 2.26562244e-01 2.33590012e-01 5.12054615e-03]
 [7.14335199e-03 1.09535797e-01 2.53788668e-01 4.20677745e-03]
 [3.46555707e-01 3.03764512e-01 4.32212367e-01 2.35259641e-01]]
Matrix Adv:
[[4.19377879e-01 3.87484421e-01 4.70384513e-01 5.17692643e-01]
 [3.17073764e-01 2.26608234e-01 2.33644787e-01 8.75671170e-02]
 [5.72053572e-01 1.09758801e-01 2.54193794e-01 6.83237866e-02]
 [2.55053287e-64 0.00000000e+00 0.00000000e+00 0.00000000e+00]]
--------------------------------------------------
[2026-05-14 15:22:49] ERROR: 
Matrix Ego:
[[4.19377603e-01 3.87484307e-01 4.70383558e-01 7.50660093e-05]
 [3.14546737e-01 2.26562244e-01 2.33590012e-01 5.12054615e-03]
 [7.14335199e-03 1.09535797e-01 2.53788668e-01 4.20677745e-03]
 [3.46555707e-01 3.03764512e-01 4.32212367e-01 2.35259641e-01]]
Matrix Adv:
[[4.19377879e-01 3.87484421e-01 4.70384513e-01 5.17692643e-01]
 [3.17073764e-01 2.26608234e-01 2.33644787e-01 8.75671170e-02]
 [5.72053572e-01 1.09758801e-01 2.54193794e-01 6.83237866e-02]
 [2.55053287e-64 0.00000000e+00 0.00000000e+00 0.00000000e+00]]
--------------------------------------------------
[2026-05-14 15:22:50] ERROR: 
Matrix Ego:
[[4.19377603e-01 3.87484307e-01 4.70383558e-01 7.50660093e-05]
 [3.14546737e-01 2.26562244e-01 2.33590012e-01 5.12054615e-03]
 [7.14335199e-03 1.09535797e-01 2.53788668e-01 4.20677745e-03]
 [3.46570196e-01 3.03764512e-01 4.32212367e-01 2.35259641e-01]]
Matrix Adv:
[[4.19377879e-01 3.87484421e-01 4.70384513e-01 5.17692643e-01]
 [3.17073764e-01 2.26608234e-01 2.33644787e-01 8.75671170e-02]
 [5.72053572e-01 1.09758801e-01 2.54193794e-01 6.83237866e-02]
 [2.29547959e-64 0.00000000e+00 0.00000000e+00 0.00000000e+00]]
--------------------------------------------------
[2026-05-14 15:22:50] ERROR: 
Matrix Ego:
[[4.19377603e-01 3.87484307e-01 4.70383558e-01 7.50660093e-05]
 [3.14546737e-01 2.26562244e-01 2.33590012e-01 5.12054615e-03]
 [7.14335199e-03 1.09535797e-01 2.53788668e-01 4.20677745e-03]
 [3.46570196e-01 3.03764512e-01 4.32212367e-01 2.35259641e-01]]
Matrix Adv:
[[4.19377879e-01 3.87484421e-01 4.70384513e-01 5.17692643e-01]
 [3.17073764e-01 2.26608234e-01 2.33644787e-01 8.75671170e-02]
 [5.72053572e-01 1.09758801e-01 2.54193794e-01 6.83237866e-02]
 [2.29547959e-64 0.00000000e+00 0.00000000e+00 0.00000000e+00]]
--------------------------------------------------
[2026-05-14 15:22:50] ERROR: 
Matrix Ego:
[[4.19377603e-01 3.87484307e-01 4.70383558e-01 7.50660093e-05]
 [3.14546737e-01 2.26562244e-01 2.33590012e-01 5.12054615e-03]
 [7.14335199e-03 1.09535797e-01 2.53788668e-01 4.20677745e-03]
 [3.46582181e-01 3.03764512e-01 4.32212367e-01 2.35259641e-01]]
Matrix Adv:
[[4.19377879e-01 3.87484421e-01 4.70384513e-01 5.17692643e-01]
 [3.17073764e-01 2.26608234e-01 2.33644787e-01 8.75671170e-02]
 [5.72053572e-01 1.09758801e-01 2.54193794e-01 6.83237866e-02]
 [2.06593163e-64 0.00000000e+00 0.00000000e+00 0.00000000e+00]]
--------------------------------------------------
[2026-05-14 15:22:50] ERROR: 
Matrix Ego:
[[4.19377603e-01 3.87484307e-01 4.70383558e-01 7.50660093e-05]
 [3.14546737e-01 2.26562244e-01 2.33590012e-01 5.12054615e-03]
 [7.14335199e-03 1.09535797e-01 2.53788668e-01 4.20677745e-03]
 [3.46582181e-01 3.03764512e-01 4.32212367e-01 2.35259641e-01]]
Matrix Adv:
[[4.19377879e-01 3.87484421e-01 4.70384513e-01 5.17692643e-01]
 [3.17073764e-01 2.26608234e-01 2.33644787e-01 8.75671170e-02]
 [5.72053572e-01 1.09758801e-01 2.54193794e-01 6.83237866e-02]
 [2.06593163e-64 0.00000000e+00 0.00000000e+00 0.00000000e+00]]
--------------------------------------------------
[2026-05-14 15:22:50] ERROR: 
Matrix Ego:
[[4.19377603e-01 3.87484307e-01 4.70383558e-01 7.50660093e-05]
 [3.14546737e-01 2.26562244e-01 2.33590012e-01 5.12054615e-03]
 [7.14335199e-03 1.09535797e-01 2.53788668e-01 4.20677745e-03]
 [3.46591730e-01 3.03764512e-01 4.32212367e-01 2.35259641e-01]]
Matrix Adv:
[[4.19377879e-01 3.87484421e-01 4.70384513e-01 5.17692643e-01]
 [3.17073764e-01 2.26608234e-01 2.33644787e-01 8.75671170e-02]
 [5.72053572e-01 1.09758801e-01 2.54193794e-01 6.83237866e-02]
 [1.85933846e-64 0.00000000e+00 0.00000000e+00 0.00000000e+00]]
--------------------------------------------------
[2026-05-14 15:22:50] ERROR: 
Matrix Ego:
[[4.19377603e-01 3.87484307e-01 4.70383558e-01 7.50660093e-05]
 [3.14546737e-01 2.26562244e-01 2.33590012e-01 5.12054615e-03]
 [7.14335199e-03 1.09535797e-01 2.53788668e-01 4.20677745e-03]
 [3.46591730e-01 3.03764512e-01 4.32212367e-01 2.35259641e-01]]
Matrix Adv:
[[4.19377879e-01 3.87484421e-01 4.70384513e-01 5.17692643e-01]
 [3.17073764e-01 2.26608234e-01 2.33644787e-01 8.75671170e-02]
 [5.72053572e-01 1.09758801e-01 2.54193794e-01 6.83237866e-02]
 [1.85933846e-64 0.00000000e+00 0.00000000e+00 0.00000000e+00]]
--------------------------------------------------
[2026-05-14 15:22:50] ERROR: 
Matrix Ego:
[[4.19377603e-01 3.87484307e-01 4.70383558e-01 7.50660093e-05]
 [3.14546737e-01 2.26562244e-01 2.33590012e-01 5.12054615e-03]
 [7.14335199e-03 1.09535797e-01 2.53788668e-01 4.20677745e-03]
 [3.46599211e-01 3.03764512e-01 4.32212367e-01 2.35259641e-01]]
Matrix Adv:
[[4.19377879e-01 3.87484421e-01 4.70384513e-01 5.17692643e-01]
 [3.17073764e-01 2.26608234e-01 2.33644787e-01 8.75671170e-02]
 [5.72053572e-01 1.09758801e-01 2.54193794e-01 6.83237866e-02]
 [1.67340462e-64 0.00000000e+00 0.00000000e+00 0.00000000e+00]]
--------------------------------------------------
[2026-05-14 15:22:50] ERROR: 
Matrix Ego:
[[4.19377603e-01 3.87484307e-01 4.70383558e-01 7.50660093e-05]
 [3.14546737e-01 2.26562244e-01 2.33590012e-01 5.12054615e-03]
 [7.14335199e-03 1.09535797e-01 2.53788668e-01 4.20677745e-03]
 [3.46599211e-01 3.03764512e-01 4.32212367e-01 2.35259641e-01]]
Matrix Adv:
[[4.19377879e-01 3.87484421e-01 4.70384513e-01 5.17692643e-01]
 [3.17073764e-01 2.26608234e-01 2.33644787e-01 8.75671170e-02]
 [5.72053572e-01 1.09758801e-01 2.54193794e-01 6.83237866e-02]
 [1.67340462e-64 0.00000000e+00 0.00000000e+00 0.00000000e+00]]
--------------------------------------------------
[2026-05-14 15:22:51] ERROR: 
Matrix Ego:
[[4.19377603e-01 3.87484307e-01 4.70383558e-01 7.50660093e-05]
 [3.14546737e-01 2.26562244e-01 2.33590012e-01 5.12054615e-03]
 [7.14335199e-03 1.09535797e-01 2.53788668e-01 4.20677745e-03]
 [3.46604776e-01 3.03764512e-01 4.32212367e-01 2.35259641e-01]]
Matrix Adv:
[[4.19377879e-01 3.87484421e-01 4.70384513e-01 5.17692643e-01]
 [3.17073764e-01 2.26608234e-01 2.33644787e-01 8.75671170e-02]
 [5.72053572e-01 1.09758801e-01 2.54193794e-01 6.83237866e-02]
 [1.50606416e-64 0.00000000e+00 0.00000000e+00 0.00000000e+00]]
--------------------------------------------------
[2026-05-14 15:22:51] ERROR: 
Matrix Ego:
[[4.19377603e-01 3.87484307e-01 4.70383558e-01 7.50660093e-05]
 [3.14546737e-01 2.26562244e-01 2.33590012e-01 5.12054615e-03]
 [7.14335199e-03 1.09535797e-01 2.53788668e-01 4.20677745e-03]
 [3.46604776e-01 3.03764512e-01 4.32212367e-01 2.35259641e-01]]
Matrix Adv:
[[4.19377879e-01 3.87484421e-01 4.70384513e-01 5.17692643e-01]
 [3.17073764e-01 2.26608234e-01 2.33644787e-01 8.75671170e-02]
 [5.72053572e-01 1.09758801e-01 2.54193794e-01 6.83237866e-02]
 [1.50606416e-64 0.00000000e+00 0.00000000e+00 0.00000000e+00]]
--------------------------------------------------
[2026-05-14 15:22:51] ERROR: 
Matrix Ego:
[[4.19377603e-01 3.87484307e-01 4.70383558e-01 7.50660093e-05]
 [3.14546737e-01 2.26562244e-01 2.33590012e-01 5.12054615e-03]
 [7.14335199e-03 1.09535797e-01 2.53788668e-01 4.20677745e-03]
 [3.46608565e-01 3.03764512e-01 4.32212367e-01 2.35259641e-01]]
Matrix Adv:
[[4.19377879e-01 3.87484421e-01 4.70384513e-01 5.17692643e-01]
 [3.17073764e-01 2.26608234e-01 2.33644787e-01 8.75671170e-02]
 [5.72053572e-01 1.09758801e-01 2.54193794e-01 6.83237866e-02]
 [1.35545774e-64 0.00000000e+00 0.00000000e+00 0.00000000e+00]]
--------------------------------------------------
[2026-05-14 15:22:51] ERROR: 
Matrix Ego:
[[4.19377603e-01 3.87484307e-01 4.70383558e-01 7.50660093e-05]
 [3.14546737e-01 2.26562244e-01 2.33590012e-01 5.12054615e-03]
 [7.14335199e-03 1.09535797e-01 2.53788668e-01 4.20677745e-03]
 [3.46608565e-01 3.03764512e-01 4.32212367e-01 2.35259641e-01]]
Matrix Adv:
[[4.19377879e-01 3.87484421e-01 4.70384513e-01 5.17692643e-01]
 [3.17073764e-01 2.26608234e-01 2.33644787e-01 8.75671170e-02]
 [5.72053572e-01 1.09758801e-01 2.54193794e-01 6.83237866e-02]
 [1.35545774e-64 0.00000000e+00 0.00000000e+00 0.00000000e+00]]
--------------------------------------------------
[2026-05-14 15:22:51] ERROR: 
Matrix Ego:
[[4.19377603e-01 3.87484307e-01 4.70383558e-01 7.50660093e-05]
 [3.14546737e-01 2.26562244e-01 2.33590012e-01 5.12054615e-03]
 [7.14335199e-03 1.09535797e-01 2.53788668e-01 4.20677745e-03]
 [3.46611976e-01 3.03764512e-01 4.32212367e-01 2.35259641e-01]]
Matrix Adv:
[[4.19377879e-01 3.87484421e-01 4.70384513e-01 5.17692643e-01]
 [3.17073764e-01 2.26608234e-01 2.33644787e-01 8.75671170e-02]
 [5.72053572e-01 1.09758801e-01 2.54193794e-01 6.83237866e-02]
 [1.21991197e-64 0.00000000e+00 0.00000000e+00 0.00000000e+00]]
--------------------------------------------------
[2026-05-14 15:22:51] ERROR: 
Matrix Ego:
[[4.19377603e-01 3.87484307e-01 4.70383558e-01 7.50660093e-05]
 [3.14546737e-01 2.26562244e-01 2.33590012e-01 5.12054615e-03]
 [7.14335199e-03 1.09535797e-01 2.53788668e-01 4.20677745e-03]
 [3.46611976e-01 3.03764512e-01 4.32212367e-01 2.35259641e-01]]
Matrix Adv:
[[4.19377879e-01 3.87484421e-01 4.70384513e-01 5.17692643e-01]
 [3.17073764e-01 2.26608234e-01 2.33644787e-01 8.75671170e-02]
 [5.72053572e-01 1.09758801e-01 2.54193794e-01 6.83237866e-02]
 [1.21991197e-64 0.00000000e+00 0.00000000e+00 0.00000000e+00]]
--------------------------------------------------
[2026-05-14 15:22:52] ERROR: 
Matrix Ego:
[[4.19377603e-01 3.87484307e-01 4.70383558e-01 7.50660093e-05]
 [3.14546737e-01 2.26562244e-01 2.33590012e-01 5.12054615e-03]
 [7.14335199e-03 1.09535797e-01 2.53788668e-01 4.20677745e-03]
 [3.46615045e-01 3.03764512e-01 4.32212367e-01 2.35259641e-01]]
Matrix Adv:
[[4.19377879e-01 3.87484421e-01 4.70384513e-01 5.17692643e-01]
 [3.17073764e-01 2.26608234e-01 2.33644787e-01 8.75671170e-02]
 [5.72053572e-01 1.09758801e-01 2.54193794e-01 6.83237866e-02]
 [1.09792077e-64 0.00000000e+00 0.00000000e+00 0.00000000e+00]]
--------------------------------------------------
[2026-05-14 15:22:52] ERROR: 
Matrix Ego:
[[4.19377603e-01 3.87484307e-01 4.70383558e-01 7.50660093e-05]
 [3.14546737e-01 2.26562244e-01 2.33590012e-01 5.12054615e-03]
 [7.14335199e-03 1.09535797e-01 2.53788668e-01 4.20677745e-03]
 [3.46615045e-01 3.03764512e-01 4.32212367e-01 2.35259641e-01]]
Matrix Adv:
[[4.19377879e-01 3.87484421e-01 4.70384513e-01 5.17692643e-01]
 [3.17073764e-01 2.26608234e-01 2.33644787e-01 8.75671170e-02]
 [5.72053572e-01 1.09758801e-01 2.54193794e-01 6.83237866e-02]
 [1.09792077e-64 0.00000000e+00 0.00000000e+00 0.00000000e+00]]
--------------------------------------------------
[2026-05-14 15:22:52] ERROR: 
Matrix Ego:
[[4.19377603e-01 3.87484307e-01 4.70383558e-01 7.50660093e-05]
 [3.14546737e-01 2.26562244e-01 2.33590012e-01 5.12054615e-03]
 [7.14335199e-03 1.09535797e-01 2.53788668e-01 4.20677745e-03]
 [3.46616545e-01 3.03764512e-01 4.32212367e-01 2.35259641e-01]]
Matrix Adv:
[[4.19377879e-01 3.87484421e-01 4.70384513e-01 5.17692643e-01]
 [3.17073764e-01 2.26608234e-01 2.33644787e-01 8.75671170e-02]
 [5.72053572e-01 1.09758801e-01 2.54193794e-01 6.83237866e-02]
 [9.88128693e-65 0.00000000e+00 0.00000000e+00 0.00000000e+00]]
--------------------------------------------------
[2026-05-14 15:22:52] ERROR: 
Matrix Ego:
[[4.19377603e-01 3.87484307e-01 4.70383558e-01 7.50660093e-05]
 [3.14546737e-01 2.26562244e-01 2.33590012e-01 5.12054615e-03]
 [7.14335199e-03 1.09535797e-01 2.53788668e-01 4.20677745e-03]
 [3.46616545e-01 3.03764512e-01 4.32212367e-01 2.35259641e-01]]
Matrix Adv:
[[4.19377879e-01 3.87484421e-01 4.70384513e-01 5.17692643e-01]
 [3.17073764e-01 2.26608234e-01 2.33644787e-01 8.75671170e-02]
 [5.72053572e-01 1.09758801e-01 2.54193794e-01 6.83237866e-02]
 [9.88128693e-65 0.00000000e+00 0.00000000e+00 0.00000000e+00]]
--------------------------------------------------
[2026-05-14 15:22:52] ERROR: 
Matrix Ego:
[[4.19377603e-01 3.87484307e-01 4.70383558e-01 7.50660093e-05]
 [3.14546737e-01 2.26562244e-01 2.33590012e-01 5.12054615e-03]
 [7.14335199e-03 1.09535797e-01 2.53788668e-01 4.20677745e-03]
 [3.46617895e-01 3.03764512e-01 4.32212367e-01 2.35259641e-01]]
Matrix Adv:
[[4.19377879e-01 3.87484421e-01 4.70384513e-01 5.17692643e-01]
 [3.17073764e-01 2.26608234e-01 2.33644787e-01 8.75671170e-02]
 [5.72053572e-01 1.09758801e-01 2.54193794e-01 6.83237866e-02]
 [8.89315824e-65 0.00000000e+00 0.00000000e+00 0.00000000e+00]]
--------------------------------------------------
[2026-05-14 15:22:52] ERROR: 
Matrix Ego:
[[4.19377603e-01 3.87484307e-01 4.70383558e-01 7.50660093e-05]
 [3.14546737e-01 2.26562244e-01 2.33590012e-01 5.12054615e-03]
 [7.14335199e-03 1.09535797e-01 2.53788668e-01 4.20677745e-03]
 [3.46617895e-01 3.03764512e-01 4.32212367e-01 2.35259641e-01]]
Matrix Adv:
[[4.19377879e-01 3.87484421e-01 4.70384513e-01 5.17692643e-01]
 [3.17073764e-01 2.26608234e-01 2.33644787e-01 8.75671170e-02]
 [5.72053572e-01 1.09758801e-01 2.54193794e-01 6.83237866e-02]
 [8.89315824e-65 0.00000000e+00 0.00000000e+00 0.00000000e+00]]
--------------------------------------------------
[2026-05-14 15:22:52] ERROR: 
Matrix Ego:
[[4.19377603e-01 3.87484307e-01 4.70383558e-01 7.50660093e-05]
 [3.14546737e-01 2.26562244e-01 2.33590012e-01 5.12054615e-03]
 [7.14335199e-03 1.09535797e-01 2.53788668e-01 4.20677745e-03]
 [3.46617795e-01 3.03764512e-01 4.32212367e-01 2.35259641e-01]]
Matrix Adv:
[[4.19377879e-01 3.87484421e-01 4.70384513e-01 5.17692643e-01]
 [3.17073764e-01 2.26608234e-01 2.33644787e-01 8.75671170e-02]
 [5.72053572e-01 1.09758801e-01 2.54193794e-01 6.83237866e-02]
 [8.00384241e-65 0.00000000e+00 0.00000000e+00 0.00000000e+00]]
--------------------------------------------------
[2026-05-14 15:22:52] ERROR: 
Matrix Ego:
[[4.19377603e-01 3.87484307e-01 4.70383558e-01 7.50660093e-05]
 [3.14546737e-01 2.26562244e-01 2.33590012e-01 5.12054615e-03]
 [7.14335199e-03 1.09535797e-01 2.53788668e-01 4.20677745e-03]
 [3.46617795e-01 3.03764512e-01 4.32212367e-01 2.35259641e-01]]
Matrix Adv:
[[4.19377879e-01 3.87484421e-01 4.70384513e-01 5.17692643e-01]
 [3.17073764e-01 2.26608234e-01 2.33644787e-01 8.75671170e-02]
 [5.72053572e-01 1.09758801e-01 2.54193794e-01 6.83237866e-02]
 [8.00384241e-65 0.00000000e+00 0.00000000e+00 0.00000000e+00]]
--------------------------------------------------
[2026-05-14 15:22:52] ERROR: 
Matrix Ego:
[[4.19377603e-01 3.87484307e-01 4.70383558e-01 7.50660093e-05]
 [3.14546737e-01 2.26562244e-01 2.33590012e-01 5.12054615e-03]
 [7.14335199e-03 1.09535797e-01 2.53788668e-01 4.20677745e-03]
 [3.46616348e-01 3.03764512e-01 4.32212367e-01 2.35259641e-01]]
Matrix Adv:
[[4.19377879e-01 3.87484421e-01 4.70384513e-01 5.17692643e-01]
 [3.17073764e-01 2.26608234e-01 2.33644787e-01 8.75671170e-02]
 [5.72053572e-01 1.09758801e-01 2.54193794e-01 6.83237866e-02]
 [7.20345817e-65 0.00000000e+00 0.00000000e+00 0.00000000e+00]]
--------------------------------------------------
[2026-05-14 15:22:52] ERROR: 
Matrix Ego:
[[4.19377603e-01 3.87484307e-01 4.70383558e-01 7.50660093e-05]
 [3.14546737e-01 2.26562244e-01 2.33590012e-01 5.12054615e-03]
 [7.14335199e-03 1.09535797e-01 2.53788668e-01 4.20677745e-03]
 [3.46616348e-01 3.03764512e-01 4.32212367e-01 2.35259641e-01]]
Matrix Adv:
[[4.19377879e-01 3.87484421e-01 4.70384513e-01 5.17692643e-01]
 [3.17073764e-01 2.26608234e-01 2.33644787e-01 8.75671170e-02]
 [5.72053572e-01 1.09758801e-01 2.54193794e-01 6.83237866e-02]
 [7.20345817e-65 0.00000000e+00 0.00000000e+00 0.00000000e+00]]
--------------------------------------------------
[2026-05-14 15:22:52] ERROR: 
Matrix Ego:
[[4.19377603e-01 3.87484307e-01 4.70383558e-01 7.50660093e-05]
 [3.14546737e-01 2.26562244e-01 2.33590012e-01 5.12054615e-03]
 [7.14335199e-03 1.09535797e-01 2.53788668e-01 4.20677745e-03]
 [3.46616348e-01 3.03764512e-01 4.32212367e-01 2.44696576e-01]]
Matrix Adv:
[[4.19377879e-01 3.87484421e-01 4.70384513e-01 5.17692643e-01]
 [3.17073764e-01 2.26608234e-01 2.33644787e-01 8.75671170e-02]
 [5.72053572e-01 1.09758801e-01 2.54193794e-01 6.83237866e-02]
 [7.20345817e-65 0.00000000e+00 0.00000000e+00 0.00000000e+00]]
--------------------------------------------------
[2026-05-14 15:22:52] ERROR: 
Matrix Ego:
[[4.19377603e-01 3.87484307e-01 4.70383558e-01 7.50660093e-05]
 [3.14546737e-01 2.26562244e-01 2.33590012e-01 5.12054615e-03]
 [7.14335199e-03 1.09535797e-01 2.53788668e-01 4.20677745e-03]
 [3.46616348e-01 3.03764512e-01 4.32212367e-01 2.44696576e-01]]
Matrix Adv:
[[4.19377879e-01 3.87484421e-01 4.70384513e-01 5.17692643e-01]
 [3.17073764e-01 2.26608234e-01 2.33644787e-01 8.75671170e-02]
 [5.72053572e-01 1.09758801e-01 2.54193794e-01 6.83237866e-02]
 [7.20345817e-65 0.00000000e+00 0.00000000e+00 0.00000000e+00]]
--------------------------------------------------
[2026-05-14 15:22:53] ERROR: 
Matrix Ego:
[[4.19377603e-01 3.87484307e-01 4.70383558e-01 7.50660093e-05]
 [3.14546737e-01 2.26562244e-01 2.33590012e-01 5.12054615e-03]
 [7.14335199e-03 1.09535797e-01 2.53788668e-01 4.20677745e-03]
 [3.46613635e-01 3.03764512e-01 4.32212367e-01 2.44696576e-01]]
Matrix Adv:
[[4.19377879e-01 3.87484421e-01 4.70384513e-01 5.17692643e-01]
 [3.17073764e-01 2.26608234e-01 2.33644787e-01 8.75671170e-02]
 [5.72053572e-01 1.09758801e-01 2.54193794e-01 6.83237866e-02]
 [6.48311235e-65 0.00000000e+00 0.00000000e+00 0.00000000e+00]]
--------------------------------------------------
[2026-05-14 15:22:53] ERROR: 
Matrix Ego:
[[4.19377603e-01 3.87484307e-01 4.70383558e-01 7.50660093e-05]
 [3.14546737e-01 2.26562244e-01 2.33590012e-01 5.12054615e-03]
 [7.14335199e-03 1.09535797e-01 2.53788668e-01 4.20677745e-03]
 [3.46613635e-01 3.03764512e-01 4.32212367e-01 2.44696576e-01]]
Matrix Adv:
[[4.19377879e-01 3.87484421e-01 4.70384513e-01 5.17692643e-01]
 [3.17073764e-01 2.26608234e-01 2.33644787e-01 8.75671170e-02]
 [5.72053572e-01 1.09758801e-01 2.54193794e-01 6.83237866e-02]
 [6.48311235e-65 0.00000000e+00 0.00000000e+00 0.00000000e+00]]
--------------------------------------------------
[2026-05-14 15:22:53] ERROR: 
Matrix Ego:
[[4.19377603e-01 3.87484307e-01 4.70383558e-01 7.50660093e-05]
 [3.14546737e-01 2.26562244e-01 2.33590012e-01 5.12054615e-03]
 [7.14335199e-03 1.09535797e-01 2.53788668e-01 4.20677745e-03]
 [3.46609742e-01 3.03764512e-01 4.32212367e-01 2.44696576e-01]]
Matrix Adv:
[[4.19377879e-01 3.87484421e-01 4.70384513e-01 5.17692643e-01]
 [3.17073764e-01 2.26608234e-01 2.33644787e-01 8.75671170e-02]
 [5.72053572e-01 1.09758801e-01 2.54193794e-01 6.83237866e-02]
 [5.83480112e-65 0.00000000e+00 0.00000000e+00 0.00000000e+00]]
--------------------------------------------------
[2026-05-14 15:22:53] ERROR: 
Matrix Ego:
[[4.19377603e-01 3.87484307e-01 4.70383558e-01 7.50660093e-05]
 [3.14546737e-01 2.26562244e-01 2.33590012e-01 5.12054615e-03]
 [7.14335199e-03 1.09535797e-01 2.53788668e-01 4.20677745e-03]
 [3.46609742e-01 3.03764512e-01 4.32212367e-01 2.44696576e-01]]
Matrix Adv:
[[4.19377879e-01 3.87484421e-01 4.70384513e-01 5.17692643e-01]
 [3.17073764e-01 2.26608234e-01 2.33644787e-01 8.75671170e-02]
 [5.72053572e-01 1.09758801e-01 2.54193794e-01 6.83237866e-02]
 [5.83480112e-65 0.00000000e+00 0.00000000e+00 0.00000000e+00]]
--------------------------------------------------
[2026-05-14 15:22:53] ERROR: 
Matrix Ego:
[[4.19377603e-01 3.87484307e-01 4.70383558e-01 7.50660093e-05]
 [3.14546737e-01 2.26562244e-01 2.33590012e-01 5.12054615e-03]
 [7.14335199e-03 1.09535797e-01 2.53788668e-01 4.20677745e-03]
 [3.46606240e-01 3.03764512e-01 4.32212367e-01 2.44696576e-01]]
Matrix Adv:
[[4.19377879e-01 3.87484421e-01 4.70384513e-01 5.17692643e-01]
 [3.17073764e-01 2.26608234e-01 2.33644787e-01 8.75671170e-02]
 [5.72053572e-01 1.09758801e-01 2.54193794e-01 6.83237866e-02]
 [5.25132101e-65 0.00000000e+00 0.00000000e+00 0.00000000e+00]]
--------------------------------------------------
[2026-05-14 15:22:53] ERROR: 
Matrix Ego:
[[4.19377603e-01 3.87484307e-01 4.70383558e-01 7.50660093e-05]
 [3.14546737e-01 2.26562244e-01 2.33590012e-01 5.12054615e-03]
 [7.14335199e-03 1.09535797e-01 2.53788668e-01 4.20677745e-03]
 [3.46606240e-01 3.03764512e-01 4.32212367e-01 2.44696576e-01]]
Matrix Adv:
[[4.19377879e-01 3.87484421e-01 4.70384513e-01 5.17692643e-01]
 [3.17073764e-01 2.26608234e-01 2.33644787e-01 8.75671170e-02]
 [5.72053572e-01 1.09758801e-01 2.54193794e-01 6.83237866e-02]
 [5.25132101e-65 0.00000000e+00 0.00000000e+00 0.00000000e+00]]
--------------------------------------------------
[2026-05-14 15:22:54] ERROR: 
Matrix Ego:
[[4.19377603e-01 3.87484307e-01 4.70383558e-01 7.50660093e-05]
 [3.14546737e-01 2.26562244e-01 2.33590012e-01 5.12054615e-03]
 [7.14335199e-03 1.09535797e-01 2.53788668e-01 4.20677745e-03]
 [3.46601612e-01 3.03764512e-01 4.32212367e-01 2.44696576e-01]]
Matrix Adv:
[[4.19377879e-01 3.87484421e-01 4.70384513e-01 5.17692643e-01]
 [3.17073764e-01 2.26608234e-01 2.33644787e-01 8.75671170e-02]
 [5.72053572e-01 1.09758801e-01 2.54193794e-01 6.83237866e-02]
 [4.72618891e-65 0.00000000e+00 0.00000000e+00 0.00000000e+00]]
--------------------------------------------------
[2026-05-14 15:22:54] ERROR: 
Matrix Ego:
[[4.19377603e-01 3.87484307e-01 4.70383558e-01 7.50660093e-05]
 [3.14546737e-01 2.26562244e-01 2.33590012e-01 5.12054615e-03]
 [7.14335199e-03 1.09535797e-01 2.53788668e-01 4.20677745e-03]
 [3.46601612e-01 3.03764512e-01 4.32212367e-01 2.44696576e-01]]
Matrix Adv:
[[4.19377879e-01 3.87484421e-01 4.70384513e-01 5.17692643e-01]
 [3.17073764e-01 2.26608234e-01 2.33644787e-01 8.75671170e-02]
 [5.72053572e-01 1.09758801e-01 2.54193794e-01 6.83237866e-02]
 [4.72618891e-65 0.00000000e+00 0.00000000e+00 0.00000000e+00]]
--------------------------------------------------
[2026-05-14 15:22:54] ERROR: 
Matrix Ego:
[[4.19377603e-01 3.87484307e-01 4.70383558e-01 7.50660093e-05]
 [3.14546737e-01 2.26562244e-01 2.33590012e-01 5.12054615e-03]
 [7.14335199e-03 1.09535797e-01 2.53788668e-01 4.20677745e-03]
 [3.46596120e-01 3.03764512e-01 4.32212367e-01 2.44696576e-01]]
Matrix Adv:
[[4.19377879e-01 3.87484421e-01 4.70384513e-01 5.17692643e-01]
 [3.17073764e-01 2.26608234e-01 2.33644787e-01 8.75671170e-02]
 [5.72053572e-01 1.09758801e-01 2.54193794e-01 6.83237866e-02]
 [4.25357002e-65 0.00000000e+00 0.00000000e+00 0.00000000e+00]]
--------------------------------------------------
[2026-05-14 15:22:54] ERROR: 
Matrix Ego:
[[4.19377603e-01 3.87484307e-01 4.70383558e-01 7.50660093e-05]
 [3.14546737e-01 2.26562244e-01 2.33590012e-01 5.12054615e-03]
 [7.14335199e-03 1.09535797e-01 2.53788668e-01 4.20677745e-03]
 [3.46596120e-01 3.03764512e-01 4.32212367e-01 2.44696576e-01]]
Matrix Adv:
[[4.19377879e-01 3.87484421e-01 4.70384513e-01 5.17692643e-01]
 [3.17073764e-01 2.26608234e-01 2.33644787e-01 8.75671170e-02]
 [5.72053572e-01 1.09758801e-01 2.54193794e-01 6.83237866e-02]
 [4.25357002e-65 0.00000000e+00 0.00000000e+00 0.00000000e+00]]
--------------------------------------------------
[2026-05-14 15:22:55] ERROR: 
Matrix Ego:
[[4.19377603e-01 3.87484307e-01 4.70383558e-01 7.50660093e-05]
 [3.14546737e-01 2.26562244e-01 2.33590012e-01 5.12054615e-03]
 [6.42901679e-03 1.09535797e-01 2.53788668e-01 4.20677745e-03]
 [3.46596120e-01 3.03764512e-01 4.32212367e-01 2.44696576e-01]]
Matrix Adv:
[[4.19377879e-01 3.87484421e-01 4.70384513e-01 5.17692643e-01]
 [3.17073764e-01 2.26608234e-01 2.33644787e-01 8.75671170e-02]
 [5.77879779e-01 1.09758801e-01 2.54193794e-01 6.83237866e-02]
 [4.25357002e-65 0.00000000e+00 0.00000000e+00 0.00000000e+00]]
--------------------------------------------------
[2026-05-14 15:22:55] ERROR: 
Matrix Ego:
[[4.19377603e-01 3.87484307e-01 4.70383558e-01 7.50660093e-05]
 [3.14546737e-01 2.26562244e-01 2.33590012e-01 5.12054615e-03]
 [6.42901679e-03 1.09535797e-01 2.53788668e-01 4.20677745e-03]
 [3.46596120e-01 3.03764512e-01 4.32212367e-01 2.44696576e-01]]
Matrix Adv:
[[4.19377879e-01 3.87484421e-01 4.70384513e-01 5.17692643e-01]
 [3.17073764e-01 2.26608234e-01 2.33644787e-01 8.75671170e-02]
 [5.77879779e-01 1.09758801e-01 2.54193794e-01 6.83237866e-02]
 [4.25357002e-65 0.00000000e+00 0.00000000e+00 0.00000000e+00]]
--------------------------------------------------
[2026-05-14 15:22:55] ERROR: 
Matrix Ego:
[[4.19377603e-01 3.87484307e-01 4.70383558e-01 7.50660093e-05]
 [3.14546737e-01 2.26562244e-01 2.33590012e-01 5.12054615e-03]
 [6.42901679e-03 1.09535797e-01 2.53788668e-01 4.20677745e-03]
 [3.46589822e-01 3.03764512e-01 4.32212367e-01 2.44696576e-01]]
Matrix Adv:
[[4.19377879e-01 3.87484421e-01 4.70384513e-01 5.17692643e-01]
 [3.17073764e-01 2.26608234e-01 2.33644787e-01 8.75671170e-02]
 [5.77879779e-01 1.09758801e-01 2.54193794e-01 6.83237866e-02]
 [3.82821301e-65 0.00000000e+00 0.00000000e+00 0.00000000e+00]]
--------------------------------------------------
[2026-05-14 15:22:55] ERROR: 
Matrix Ego:
[[4.19377603e-01 3.87484307e-01 4.70383558e-01 7.50660093e-05]
 [3.14546737e-01 2.26562244e-01 2.33590012e-01 5.12054615e-03]
 [6.42901679e-03 1.09535797e-01 2.53788668e-01 4.20677745e-03]
 [3.46589822e-01 3.03764512e-01 4.32212367e-01 2.44696576e-01]]
Matrix Adv:
[[4.19377879e-01 3.87484421e-01 4.70384513e-01 5.17692643e-01]
 [3.17073764e-01 2.26608234e-01 2.33644787e-01 8.75671170e-02]
 [5.77879779e-01 1.09758801e-01 2.54193794e-01 6.83237866e-02]
 [3.82821301e-65 0.00000000e+00 0.00000000e+00 0.00000000e+00]]
--------------------------------------------------
[2026-05-14 15:22:56] ERROR: 
Matrix Ego:
[[4.19377603e-01 3.87484307e-01 4.70383558e-01 7.50660093e-05]
 [3.14546737e-01 2.26562244e-01 2.33590012e-01 5.12054615e-03]
 [6.42901679e-03 1.09535797e-01 2.53788668e-01 4.20677745e-03]
 [3.46582785e-01 3.03764512e-01 4.32212367e-01 2.44696576e-01]]
Matrix Adv:
[[4.19377879e-01 3.87484421e-01 4.70384513e-01 5.17692643e-01]
 [3.17073764e-01 2.26608234e-01 2.33644787e-01 8.75671170e-02]
 [5.77879779e-01 1.09758801e-01 2.54193794e-01 6.83237866e-02]
 [3.44539171e-65 0.00000000e+00 0.00000000e+00 0.00000000e+00]]
--------------------------------------------------
[2026-05-14 15:22:56] ERROR: 
Matrix Ego:
[[4.19377603e-01 3.87484307e-01 4.70383558e-01 7.50660093e-05]
 [3.14546737e-01 2.26562244e-01 2.33590012e-01 5.12054615e-03]
 [6.42901679e-03 1.09535797e-01 2.53788668e-01 4.20677745e-03]
 [3.46582785e-01 3.03764512e-01 4.32212367e-01 2.44696576e-01]]
Matrix Adv:
[[4.19377879e-01 3.87484421e-01 4.70384513e-01 5.17692643e-01]
 [3.17073764e-01 2.26608234e-01 2.33644787e-01 8.75671170e-02]
 [5.77879779e-01 1.09758801e-01 2.54193794e-01 6.83237866e-02]
 [3.44539171e-65 0.00000000e+00 0.00000000e+00 0.00000000e+00]]
--------------------------------------------------
[2026-05-14 15:22:56] ERROR: 
Matrix Ego:
[[4.19377603e-01 3.87484307e-01 4.70383558e-01 7.50660093e-05]
 [3.14546737e-01 2.26562244e-01 2.33590012e-01 5.12054615e-03]
 [6.42901679e-03 1.09535797e-01 2.53788668e-01 4.20677745e-03]
 [3.46576451e-01 3.03764512e-01 4.32212367e-01 2.44696576e-01]]
Matrix Adv:
[[4.19377879e-01 3.87484421e-01 4.70384513e-01 5.17692643e-01]
 [3.17073764e-01 2.26608234e-01 2.33644787e-01 8.75671170e-02]
 [5.77879779e-01 1.09758801e-01 2.54193794e-01 6.83237866e-02]
 [3.10085254e-65 0.00000000e+00 0.00000000e+00 0.00000000e+00]]
--------------------------------------------------
[2026-05-14 15:22:56] ERROR: 
Matrix Ego:
[[4.19377603e-01 3.87484307e-01 4.70383558e-01 7.50660093e-05]
 [3.14546737e-01 2.26562244e-01 2.33590012e-01 5.12054615e-03]
 [6.42901679e-03 1.09535797e-01 2.53788668e-01 4.20677745e-03]
 [3.46576451e-01 3.03764512e-01 4.32212367e-01 2.44696576e-01]]
Matrix Adv:
[[4.19377879e-01 3.87484421e-01 4.70384513e-01 5.17692643e-01]
 [3.17073764e-01 2.26608234e-01 2.33644787e-01 8.75671170e-02]
 [5.77879779e-01 1.09758801e-01 2.54193794e-01 6.83237866e-02]
 [3.10085254e-65 0.00000000e+00 0.00000000e+00 0.00000000e+00]]
--------------------------------------------------
[2026-05-14 15:22:56] ERROR: 
Matrix Ego:
[[4.19377603e-01 3.87484307e-01 4.70383558e-01 7.50660093e-05]
 [3.14546737e-01 2.26562244e-01 2.33590012e-01 5.12054615e-03]
 [6.42901679e-03 1.09535797e-01 2.53788668e-01 4.20677745e-03]
 [3.46569371e-01 3.03764512e-01 4.32212367e-01 2.44696576e-01]]
Matrix Adv:
[[4.19377879e-01 3.87484421e-01 4.70384513e-01 5.17692643e-01]
 [3.17073764e-01 2.26608234e-01 2.33644787e-01 8.75671170e-02]
 [5.77879779e-01 1.09758801e-01 2.54193794e-01 6.83237866e-02]
 [2.79076729e-65 0.00000000e+00 0.00000000e+00 0.00000000e+00]]
--------------------------------------------------
[2026-05-14 15:22:56] ERROR: 
Matrix Ego:
[[4.19377603e-01 3.87484307e-01 4.70383558e-01 7.50660093e-05]
 [3.14546737e-01 2.26562244e-01 2.33590012e-01 5.12054615e-03]
 [6.42901679e-03 1.09535797e-01 2.53788668e-01 4.20677745e-03]
 [3.46569371e-01 3.03764512e-01 4.32212367e-01 2.44696576e-01]]
Matrix Adv:
[[4.19377879e-01 3.87484421e-01 4.70384513e-01 5.17692643e-01]
 [3.17073764e-01 2.26608234e-01 2.33644787e-01 8.75671170e-02]
 [5.77879779e-01 1.09758801e-01 2.54193794e-01 6.83237866e-02]
 [2.79076729e-65 0.00000000e+00 0.00000000e+00 0.00000000e+00]]
--------------------------------------------------
[2026-05-14 15:22:57] ERROR: 
Matrix Ego:
[[4.19377603e-01 3.87484307e-01 4.70383558e-01 7.50660093e-05]
 [3.14546737e-01 2.26562244e-01 2.33590012e-01 5.12054615e-03]
 [6.42901679e-03 1.09535797e-01 2.53788668e-01 4.20677745e-03]
 [3.46561626e-01 3.03764512e-01 4.32212367e-01 2.44696576e-01]]
Matrix Adv:
[[4.19377879e-01 3.87484421e-01 4.70384513e-01 5.17692643e-01]
 [3.17073764e-01 2.26608234e-01 2.33644787e-01 8.75671170e-02]
 [5.77879779e-01 1.09758801e-01 2.54193794e-01 6.83237866e-02]
 [2.51169056e-65 0.00000000e+00 0.00000000e+00 0.00000000e+00]]
--------------------------------------------------
[2026-05-14 15:22:57] ERROR: 
Matrix Ego:
[[4.19377603e-01 3.87484307e-01 4.70383558e-01 7.50660093e-05]
 [3.14546737e-01 2.26562244e-01 2.33590012e-01 5.12054615e-03]
 [6.42901679e-03 1.09535797e-01 2.53788668e-01 4.20677745e-03]
 [3.46561626e-01 3.03764512e-01 4.32212367e-01 2.44696576e-01]]
Matrix Adv:
[[4.19377879e-01 3.87484421e-01 4.70384513e-01 5.17692643e-01]
 [3.17073764e-01 2.26608234e-01 2.33644787e-01 8.75671170e-02]
 [5.77879779e-01 1.09758801e-01 2.54193794e-01 6.83237866e-02]
 [2.51169056e-65 0.00000000e+00 0.00000000e+00 0.00000000e+00]]
--------------------------------------------------
[2026-05-14 15:22:57] ERROR: 
Matrix Ego:
[[4.19377603e-01 3.87484307e-01 4.70383558e-01 7.50660093e-05]
 [3.14546737e-01 2.26562244e-01 2.33590012e-01 5.12054615e-03]
 [6.42901679e-03 1.09535797e-01 2.53788668e-01 4.20677745e-03]
 [3.46554655e-01 3.03764512e-01 4.32212367e-01 2.44696576e-01]]
Matrix Adv:
[[4.19377879e-01 3.87484421e-01 4.70384513e-01 5.17692643e-01]
 [3.17073764e-01 2.26608234e-01 2.33644787e-01 8.75671170e-02]
 [5.77879779e-01 1.09758801e-01 2.54193794e-01 6.83237866e-02]
 [2.26052150e-65 0.00000000e+00 0.00000000e+00 0.00000000e+00]]
--------------------------------------------------
[2026-05-14 15:22:57] ERROR: 
Matrix Ego:
[[4.19377603e-01 3.87484307e-01 4.70383558e-01 7.50660093e-05]
 [3.14546737e-01 2.26562244e-01 2.33590012e-01 5.12054615e-03]
 [6.42901679e-03 1.09535797e-01 2.53788668e-01 4.20677745e-03]
 [3.46554655e-01 3.03764512e-01 4.32212367e-01 2.44696576e-01]]
Matrix Adv:
[[4.19377879e-01 3.87484421e-01 4.70384513e-01 5.17692643e-01]
 [3.17073764e-01 2.26608234e-01 2.33644787e-01 8.75671170e-02]
 [5.77879779e-01 1.09758801e-01 2.54193794e-01 6.83237866e-02]
 [2.26052150e-65 0.00000000e+00 0.00000000e+00 0.00000000e+00]]
--------------------------------------------------
[2026-05-14 15:22:57] ERROR: 
Matrix Ego:
[[4.19377603e-01 3.87484307e-01 4.70383558e-01 7.50660093e-05]
 [3.14546737e-01 2.26562244e-01 2.33590012e-01 5.12054615e-03]
 [6.42901679e-03 1.09535797e-01 2.53788668e-01 4.20677745e-03]
 [3.46547145e-01 3.03764512e-01 4.32212367e-01 2.44696576e-01]]
Matrix Adv:
[[4.19377879e-01 3.87484421e-01 4.70384513e-01 5.17692643e-01]
 [3.17073764e-01 2.26608234e-01 2.33644787e-01 8.75671170e-02]
 [5.77879779e-01 1.09758801e-01 2.54193794e-01 6.83237866e-02]
 [2.03446935e-65 0.00000000e+00 0.00000000e+00 0.00000000e+00]]
--------------------------------------------------
[2026-05-14 15:22:57] ERROR: 
Matrix Ego:
[[4.19377603e-01 3.87484307e-01 4.70383558e-01 7.50660093e-05]
 [3.14546737e-01 2.26562244e-01 2.33590012e-01 5.12054615e-03]
 [6.42901679e-03 1.09535797e-01 2.53788668e-01 4.20677745e-03]
 [3.46547145e-01 3.03764512e-01 4.32212367e-01 2.44696576e-01]]
Matrix Adv:
[[4.19377879e-01 3.87484421e-01 4.70384513e-01 5.17692643e-01]
 [3.17073764e-01 2.26608234e-01 2.33644787e-01 8.75671170e-02]
 [5.77879779e-01 1.09758801e-01 2.54193794e-01 6.83237866e-02]
 [2.03446935e-65 0.00000000e+00 0.00000000e+00 0.00000000e+00]]
--------------------------------------------------
[2026-05-14 15:22:57] ERROR: 
Matrix Ego:
[[4.19377603e-01 3.87484307e-01 4.70383558e-01 7.50660093e-05]
 [3.14546737e-01 2.26562244e-01 2.33590012e-01 5.12054615e-03]
 [6.42901679e-03 1.09535797e-01 2.53788668e-01 4.20677745e-03]
 [3.46539274e-01 3.03764512e-01 4.32212367e-01 2.44696576e-01]]
Matrix Adv:
[[4.19377879e-01 3.87484421e-01 4.70384513e-01 5.17692643e-01]
 [3.17073764e-01 2.26608234e-01 2.33644787e-01 8.75671170e-02]
 [5.77879779e-01 1.09758801e-01 2.54193794e-01 6.83237866e-02]
 [1.83102242e-65 0.00000000e+00 0.00000000e+00 0.00000000e+00]]
--------------------------------------------------
[2026-05-14 15:22:57] ERROR: 
Matrix Ego:
[[4.19377603e-01 3.87484307e-01 4.70383558e-01 7.50660093e-05]
 [3.14546737e-01 2.26562244e-01 2.33590012e-01 5.12054615e-03]
 [6.42901679e-03 1.09535797e-01 2.53788668e-01 4.20677745e-03]
 [3.46539274e-01 3.03764512e-01 4.32212367e-01 2.44696576e-01]]
Matrix Adv:
[[4.19377879e-01 3.87484421e-01 4.70384513e-01 5.17692643e-01]
 [3.17073764e-01 2.26608234e-01 2.33644787e-01 8.75671170e-02]
 [5.77879779e-01 1.09758801e-01 2.54193794e-01 6.83237866e-02]
 [1.83102242e-65 0.00000000e+00 0.00000000e+00 0.00000000e+00]]
--------------------------------------------------
[2026-05-14 15:22:57] ERROR: 
Matrix Ego:
[[4.19377603e-01 3.87484307e-01 4.70383558e-01 7.50660093e-05]
 [3.14546737e-01 2.26562244e-01 2.33590012e-01 5.12054615e-03]
 [6.42901679e-03 1.09535797e-01 2.53788668e-01 4.20677745e-03]
 [3.46531055e-01 3.03764512e-01 4.32212367e-01 2.44696576e-01]]
Matrix Adv:
[[4.19377879e-01 3.87484421e-01 4.70384513e-01 5.17692643e-01]
 [3.17073764e-01 2.26608234e-01 2.33644787e-01 8.75671170e-02]
 [5.77879779e-01 1.09758801e-01 2.54193794e-01 6.83237866e-02]
 [1.64792018e-65 0.00000000e+00 0.00000000e+00 0.00000000e+00]]
--------------------------------------------------
[2026-05-14 15:22:57] ERROR: 
Matrix Ego:
[[4.19377603e-01 3.87484307e-01 4.70383558e-01 7.50660093e-05]
 [3.14546737e-01 2.26562244e-01 2.33590012e-01 5.12054615e-03]
 [6.42901679e-03 1.09535797e-01 2.53788668e-01 4.20677745e-03]
 [3.46531055e-01 3.03764512e-01 4.32212367e-01 2.44696576e-01]]
Matrix Adv:
[[4.19377879e-01 3.87484421e-01 4.70384513e-01 5.17692643e-01]
 [3.17073764e-01 2.26608234e-01 2.33644787e-01 8.75671170e-02]
 [5.77879779e-01 1.09758801e-01 2.54193794e-01 6.83237866e-02]
 [1.64792018e-65 0.00000000e+00 0.00000000e+00 0.00000000e+00]]
--------------------------------------------------
[2026-05-14 15:22:57] ERROR: 
Matrix Ego:
[[4.19377603e-01 3.87484307e-01 4.70383558e-01 7.50660093e-05]
 [3.14546737e-01 2.26562244e-01 2.33590012e-01 5.12054615e-03]
 [6.42901679e-03 1.09535797e-01 2.53788668e-01 4.20677745e-03]
 [3.46522478e-01 3.03764512e-01 4.32212367e-01 2.44696576e-01]]
Matrix Adv:
[[4.19377879e-01 3.87484421e-01 4.70384513e-01 5.17692643e-01]
 [3.17073764e-01 2.26608234e-01 2.33644787e-01 8.75671170e-02]
 [5.77879779e-01 1.09758801e-01 2.54193794e-01 6.83237866e-02]
 [1.48312816e-65 0.00000000e+00 0.00000000e+00 0.00000000e+00]]
--------------------------------------------------
[2026-05-14 15:22:57] ERROR: 
Matrix Ego:
[[4.19377603e-01 3.87484307e-01 4.70383558e-01 7.50660093e-05]
 [3.14546737e-01 2.26562244e-01 2.33590012e-01 5.12054615e-03]
 [6.42901679e-03 1.09535797e-01 2.53788668e-01 4.20677745e-03]
 [3.46522478e-01 3.03764512e-01 4.32212367e-01 2.44696576e-01]]
Matrix Adv:
[[4.19377879e-01 3.87484421e-01 4.70384513e-01 5.17692643e-01]
 [3.17073764e-01 2.26608234e-01 2.33644787e-01 8.75671170e-02]
 [5.77879779e-01 1.09758801e-01 2.54193794e-01 6.83237866e-02]
 [1.48312816e-65 0.00000000e+00 0.00000000e+00 0.00000000e+00]]
--------------------------------------------------
[2026-05-14 15:22:58] ERROR: 
Matrix Ego:
[[4.19377603e-01 3.87484307e-01 4.70383558e-01 7.50660093e-05]
 [3.14546737e-01 2.26562244e-01 2.33590012e-01 5.12054615e-03]
 [6.42901679e-03 1.09535797e-01 2.53788668e-01 4.20677745e-03]
 [3.46513475e-01 3.03764512e-01 4.32212367e-01 2.44696576e-01]]
Matrix Adv:
[[4.19377879e-01 3.87484421e-01 4.70384513e-01 5.17692643e-01]
 [3.17073764e-01 2.26608234e-01 2.33644787e-01 8.75671170e-02]
 [5.77879779e-01 1.09758801e-01 2.54193794e-01 6.83237866e-02]
 [1.33481534e-65 0.00000000e+00 0.00000000e+00 0.00000000e+00]]
--------------------------------------------------
[2026-05-14 15:22:58] ERROR: 
Matrix Ego:
[[4.19377603e-01 3.87484307e-01 4.70383558e-01 7.50660093e-05]
 [3.14546737e-01 2.26562244e-01 2.33590012e-01 5.12054615e-03]
 [6.42901679e-03 1.09535797e-01 2.53788668e-01 4.20677745e-03]
 [3.46513475e-01 3.03764512e-01 4.32212367e-01 2.44696576e-01]]
Matrix Adv:
[[4.19377879e-01 3.87484421e-01 4.70384513e-01 5.17692643e-01]
 [3.17073764e-01 2.26608234e-01 2.33644787e-01 8.75671170e-02]
 [5.77879779e-01 1.09758801e-01 2.54193794e-01 6.83237866e-02]
 [1.33481534e-65 0.00000000e+00 0.00000000e+00 0.00000000e+00]]
--------------------------------------------------
[2026-05-14 15:22:58] ERROR: 
Matrix Ego:
[[4.19377603e-01 3.87484307e-01 4.70383558e-01 7.50660093e-05]
 [3.14546737e-01 2.26562244e-01 2.33590012e-01 5.12054615e-03]
 [6.42901679e-03 1.09535797e-01 2.53788668e-01 4.20677745e-03]
 [3.46503896e-01 3.03764512e-01 4.32212367e-01 2.44696576e-01]]
Matrix Adv:
[[4.19377879e-01 3.87484421e-01 4.70384513e-01 5.17692643e-01]
 [3.17073764e-01 2.26608234e-01 2.33644787e-01 8.75671170e-02]
 [5.77879779e-01 1.09758801e-01 2.54193794e-01 6.83237866e-02]
 [1.20133381e-65 0.00000000e+00 0.00000000e+00 0.00000000e+00]]
--------------------------------------------------
[2026-05-14 15:22:58] ERROR: 
Matrix Ego:
[[4.19377603e-01 3.87484307e-01 4.70383558e-01 7.50660093e-05]
 [3.14546737e-01 2.26562244e-01 2.33590012e-01 5.12054615e-03]
 [6.42901679e-03 1.09535797e-01 2.53788668e-01 4.20677745e-03]
 [3.46503896e-01 3.03764512e-01 4.32212367e-01 2.44696576e-01]]
Matrix Adv:
[[4.19377879e-01 3.87484421e-01 4.70384513e-01 5.17692643e-01]
 [3.17073764e-01 2.26608234e-01 2.33644787e-01 8.75671170e-02]
 [5.77879779e-01 1.09758801e-01 2.54193794e-01 6.83237866e-02]
 [1.20133381e-65 0.00000000e+00 0.00000000e+00 0.00000000e+00]]
--------------------------------------------------
[2026-05-14 15:22:58] ERROR: 
Matrix Ego:
[[4.19377603e-01 3.87484307e-01 4.70383558e-01 7.50660093e-05]
 [3.14546737e-01 2.26562244e-01 2.33590012e-01 5.12054615e-03]
 [6.42901679e-03 1.09535797e-01 2.53788668e-01 4.20677745e-03]
 [3.46493480e-01 3.03764512e-01 4.32212367e-01 2.44696576e-01]]
Matrix Adv:
[[4.19377879e-01 3.87484421e-01 4.70384513e-01 5.17692643e-01]
 [3.17073764e-01 2.26608234e-01 2.33644787e-01 8.75671170e-02]
 [5.77879779e-01 1.09758801e-01 2.54193794e-01 6.83237866e-02]
 [1.08120043e-65 0.00000000e+00 0.00000000e+00 0.00000000e+00]]
--------------------------------------------------
[2026-05-14 15:22:58] ERROR: 
Matrix Ego:
[[4.19377603e-01 3.87484307e-01 4.70383558e-01 7.50660093e-05]
 [3.14546737e-01 2.26562244e-01 2.33590012e-01 5.12054615e-03]
 [6.42901679e-03 1.09535797e-01 2.53788668e-01 4.20677745e-03]
 [3.46493480e-01 3.03764512e-01 4.32212367e-01 2.44696576e-01]]
Matrix Adv:
[[4.19377879e-01 3.87484421e-01 4.70384513e-01 5.17692643e-01]
 [3.17073764e-01 2.26608234e-01 2.33644787e-01 8.75671170e-02]
 [5.77879779e-01 1.09758801e-01 2.54193794e-01 6.83237866e-02]
 [1.08120043e-65 0.00000000e+00 0.00000000e+00 0.00000000e+00]]
--------------------------------------------------
[2026-05-14 15:22:58] ERROR: 
Matrix Ego:
[[4.19377603e-01 3.87484307e-01 4.70383558e-01 7.50660093e-05]
 [3.14546737e-01 2.26562244e-01 2.33590012e-01 5.12054615e-03]
 [6.42901679e-03 1.09535797e-01 2.53788668e-01 4.20677745e-03]
 [3.46481849e-01 3.03764512e-01 4.32212367e-01 2.44696576e-01]]
Matrix Adv:
[[4.19377879e-01 3.87484421e-01 4.70384513e-01 5.17692643e-01]
 [3.17073764e-01 2.26608234e-01 2.33644787e-01 8.75671170e-02]
 [5.77879779e-01 1.09758801e-01 2.54193794e-01 6.83237866e-02]
 [9.73080384e-66 0.00000000e+00 0.00000000e+00 0.00000000e+00]]
--------------------------------------------------
[2026-05-14 15:22:58] ERROR: 
Matrix Ego:
[[4.19377603e-01 3.87484307e-01 4.70383558e-01 7.50660093e-05]
 [3.14546737e-01 2.26562244e-01 2.33590012e-01 5.12054615e-03]
 [6.42901679e-03 1.09535797e-01 2.53788668e-01 4.20677745e-03]
 [3.46481849e-01 3.03764512e-01 4.32212367e-01 2.44696576e-01]]
Matrix Adv:
[[4.19377879e-01 3.87484421e-01 4.70384513e-01 5.17692643e-01]
 [3.17073764e-01 2.26608234e-01 2.33644787e-01 8.75671170e-02]
 [5.77879779e-01 1.09758801e-01 2.54193794e-01 6.83237866e-02]
 [9.73080384e-66 0.00000000e+00 0.00000000e+00 0.00000000e+00]]
--------------------------------------------------
[2026-05-14 15:22:59] ERROR: 
Matrix Ego:
[[4.19377603e-01 3.87484307e-01 4.70383558e-01 7.50660093e-05]
 [3.14546737e-01 2.26562244e-01 2.33590012e-01 5.12054615e-03]
 [6.42901679e-03 1.09535797e-01 2.53788668e-01 4.20677745e-03]
 [3.46468484e-01 3.03764512e-01 4.32212367e-01 2.44696576e-01]]
Matrix Adv:
[[4.19377879e-01 3.87484421e-01 4.70384513e-01 5.17692643e-01]
 [3.17073764e-01 2.26608234e-01 2.33644787e-01 8.75671170e-02]
 [5.77879779e-01 1.09758801e-01 2.54193794e-01 6.83237866e-02]
 [8.75772346e-66 0.00000000e+00 0.00000000e+00 0.00000000e+00]]
--------------------------------------------------
[2026-05-14 15:22:59] ERROR: 
Matrix Ego:
[[4.19377603e-01 3.87484307e-01 4.70383558e-01 7.50660093e-05]
 [3.14546737e-01 2.26562244e-01 2.33590012e-01 5.12054615e-03]
 [6.42901679e-03 1.09535797e-01 2.53788668e-01 4.20677745e-03]
 [3.46468484e-01 3.03764512e-01 4.32212367e-01 2.44696576e-01]]
Matrix Adv:
[[4.19377879e-01 3.87484421e-01 4.70384513e-01 5.17692643e-01]
 [3.17073764e-01 2.26608234e-01 2.33644787e-01 8.75671170e-02]
 [5.77879779e-01 1.09758801e-01 2.54193794e-01 6.83237866e-02]
 [8.75772346e-66 0.00000000e+00 0.00000000e+00 0.00000000e+00]]
--------------------------------------------------
[2026-05-14 15:22:59] ERROR: 
Matrix Ego:
[[4.19377603e-01 3.87484307e-01 4.70383558e-01 7.50660093e-05]
 [3.14546737e-01 2.26562244e-01 2.40859686e-01 5.12054615e-03]
 [6.42901679e-03 1.09535797e-01 2.53788668e-01 4.20677745e-03]
 [3.46468484e-01 3.03764512e-01 4.32212367e-01 2.44696576e-01]]
Matrix Adv:
[[4.19377879e-01 3.87484421e-01 4.70384513e-01 5.17692643e-01]
 [3.17073764e-01 2.26608234e-01 2.40911551e-01 8.75671170e-02]
 [5.77879779e-01 1.09758801e-01 2.54193794e-01 6.83237866e-02]
 [8.75772346e-66 0.00000000e+00 0.00000000e+00 0.00000000e+00]]
--------------------------------------------------
[2026-05-14 15:22:59] ERROR: 
Matrix Ego:
[[4.19377603e-01 3.87484307e-01 4.70383558e-01 7.50660093e-05]
 [3.14546737e-01 2.26562244e-01 2.40859686e-01 5.12054615e-03]
 [6.42901679e-03 1.09535797e-01 2.53788668e-01 4.20677745e-03]
 [3.46468484e-01 3.03764512e-01 4.32212367e-01 2.44696576e-01]]
Matrix Adv:
[[4.19377879e-01 3.87484421e-01 4.70384513e-01 5.17692643e-01]
 [3.17073764e-01 2.26608234e-01 2.40911551e-01 8.75671170e-02]
 [5.77879779e-01 1.09758801e-01 2.54193794e-01 6.83237866e-02]
 [8.75772346e-66 0.00000000e+00 0.00000000e+00 0.00000000e+00]]
--------------------------------------------------
[2026-05-14 15:22:59] ERROR: 
Matrix Ego:
[[4.19377603e-01 3.87484307e-01 4.70383558e-01 7.50660093e-05]
 [3.14546737e-01 2.26562244e-01 2.40859686e-01 5.12054615e-03]
 [6.42901679e-03 1.09535797e-01 2.53788668e-01 4.20677745e-03]
 [3.46452717e-01 3.03764512e-01 4.32212367e-01 2.44696576e-01]]
Matrix Adv:
[[4.19377879e-01 3.87484421e-01 4.70384513e-01 5.17692643e-01]
 [3.17073764e-01 2.26608234e-01 2.40911551e-01 8.75671170e-02]
 [5.77879779e-01 1.09758801e-01 2.54193794e-01 6.83237866e-02]
 [7.88195111e-66 0.00000000e+00 0.00000000e+00 0.00000000e+00]]
--------------------------------------------------
[2026-05-14 15:22:59] ERROR: 
Matrix Ego:
[[4.19377603e-01 3.87484307e-01 4.70383558e-01 7.50660093e-05]
 [3.14546737e-01 2.26562244e-01 2.40859686e-01 5.12054615e-03]
 [6.42901679e-03 1.09535797e-01 2.53788668e-01 4.20677745e-03]
 [3.46452717e-01 3.03764512e-01 4.32212367e-01 2.44696576e-01]]
Matrix Adv:
[[4.19377879e-01 3.87484421e-01 4.70384513e-01 5.17692643e-01]
 [3.17073764e-01 2.26608234e-01 2.40911551e-01 8.75671170e-02]
 [5.77879779e-01 1.09758801e-01 2.54193794e-01 6.83237866e-02]
 [7.88195111e-66 0.00000000e+00 0.00000000e+00 0.00000000e+00]]
--------------------------------------------------
[2026-05-14 15:23:00] ERROR: 
Matrix Ego:
[[4.19377603e-01 3.87484307e-01 4.70383558e-01 7.50660093e-05]
 [3.14546737e-01 2.26562244e-01 2.40859686e-01 5.12054615e-03]
 [6.42901679e-03 1.09535797e-01 2.53788668e-01 4.20677745e-03]
 [3.46433724e-01 3.03764512e-01 4.32212367e-01 2.44696576e-01]]
Matrix Adv:
[[4.19377879e-01 3.87484421e-01 4.70384513e-01 5.17692643e-01]
 [3.17073764e-01 2.26608234e-01 2.40911551e-01 8.75671170e-02]
 [5.77879779e-01 1.09758801e-01 2.54193794e-01 6.83237866e-02]
 [7.09375600e-66 0.00000000e+00 0.00000000e+00 0.00000000e+00]]
--------------------------------------------------
[2026-05-14 15:23:00] ERROR: 
Matrix Ego:
[[4.19377603e-01 3.87484307e-01 4.70383558e-01 7.50660093e-05]
 [3.14546737e-01 2.26562244e-01 2.40859686e-01 5.12054615e-03]
 [6.42901679e-03 1.09535797e-01 2.53788668e-01 4.20677745e-03]
 [3.46433724e-01 3.03764512e-01 4.32212367e-01 2.44696576e-01]]
Matrix Adv:
[[4.19377879e-01 3.87484421e-01 4.70384513e-01 5.17692643e-01]
 [3.17073764e-01 2.26608234e-01 2.40911551e-01 8.75671170e-02]
 [5.77879779e-01 1.09758801e-01 2.54193794e-01 6.83237866e-02]
 [7.09375600e-66 0.00000000e+00 0.00000000e+00 0.00000000e+00]]
--------------------------------------------------
[2026-05-14 15:23:00] ERROR: 
Matrix Ego:
[[4.19377603e-01 3.87484307e-01 4.70383558e-01 7.50660093e-05]
 [3.14546737e-01 2.26562244e-01 2.40859686e-01 5.12054615e-03]
 [6.42901679e-03 1.09535797e-01 2.53788668e-01 4.20677745e-03]
 [3.46411016e-01 3.03764512e-01 4.32212367e-01 2.44696576e-01]]
Matrix Adv:
[[4.19377879e-01 3.87484421e-01 4.70384513e-01 5.17692643e-01]
 [3.17073764e-01 2.26608234e-01 2.40911551e-01 8.75671170e-02]
 [5.77879779e-01 1.09758801e-01 2.54193794e-01 6.83237866e-02]
 [6.38438040e-66 0.00000000e+00 0.00000000e+00 0.00000000e+00]]
--------------------------------------------------
[2026-05-14 15:23:00] ERROR: 
Matrix Ego:
[[4.19377603e-01 3.87484307e-01 4.70383558e-01 7.50660093e-05]
 [3.14546737e-01 2.26562244e-01 2.40859686e-01 5.12054615e-03]
 [6.42901679e-03 1.09535797e-01 2.53788668e-01 4.20677745e-03]
 [3.46411016e-01 3.03764512e-01 4.32212367e-01 2.44696576e-01]]
Matrix Adv:
[[4.19377879e-01 3.87484421e-01 4.70384513e-01 5.17692643e-01]
 [3.17073764e-01 2.26608234e-01 2.40911551e-01 8.75671170e-02]
 [5.77879779e-01 1.09758801e-01 2.54193794e-01 6.83237866e-02]
 [6.38438040e-66 0.00000000e+00 0.00000000e+00 0.00000000e+00]]
--------------------------------------------------
[2026-05-14 15:23:00] ERROR: 
Matrix Ego:
[[4.19377603e-01 3.87484307e-01 4.70383558e-01 7.50660093e-05]
 [3.14546737e-01 2.26562244e-01 2.40859686e-01 5.12054615e-03]
 [6.42901679e-03 1.09535797e-01 2.53788668e-01 4.20677745e-03]
 [3.46390579e-01 3.03764512e-01 4.32212367e-01 2.44696576e-01]]
Matrix Adv:
[[4.19377879e-01 3.87484421e-01 4.70384513e-01 5.17692643e-01]
 [3.17073764e-01 2.26608234e-01 2.40911551e-01 8.75671170e-02]
 [5.77879779e-01 1.09758801e-01 2.54193794e-01 6.83237866e-02]
 [5.74594236e-66 0.00000000e+00 0.00000000e+00 0.00000000e+00]]
--------------------------------------------------
[2026-05-14 15:23:00] ERROR: 
Matrix Ego:
[[4.19377603e-01 3.87484307e-01 4.70383558e-01 7.50660093e-05]
 [3.14546737e-01 2.26562244e-01 2.40859686e-01 5.12054615e-03]
 [6.42901679e-03 1.09535797e-01 2.53788668e-01 4.20677745e-03]
 [3.46390579e-01 3.03764512e-01 4.32212367e-01 2.44696576e-01]]
Matrix Adv:
[[4.19377879e-01 3.87484421e-01 4.70384513e-01 5.17692643e-01]
 [3.17073764e-01 2.26608234e-01 2.40911551e-01 8.75671170e-02]
 [5.77879779e-01 1.09758801e-01 2.54193794e-01 6.83237866e-02]
 [5.74594236e-66 0.00000000e+00 0.00000000e+00 0.00000000e+00]]
--------------------------------------------------
[2026-05-14 15:23:00] ERROR: 
Matrix Ego:
[[4.19377603e-01 3.87484307e-01 4.70383558e-01 7.50660093e-05]
 [3.14546737e-01 2.26562244e-01 2.40859686e-01 5.12054615e-03]
 [6.42901679e-03 1.09535797e-01 2.53788668e-01 4.20677745e-03]
 [3.46367132e-01 3.03764512e-01 4.32212367e-01 2.44696576e-01]]
Matrix Adv:
[[4.19377879e-01 3.87484421e-01 4.70384513e-01 5.17692643e-01]
 [3.17073764e-01 2.26608234e-01 2.40911551e-01 8.75671170e-02]
 [5.77879779e-01 1.09758801e-01 2.54193794e-01 6.83237866e-02]
 [5.17134813e-66 0.00000000e+00 0.00000000e+00 0.00000000e+00]]
--------------------------------------------------
[2026-05-14 15:23:00] ERROR: 
Matrix Ego:
[[4.19377603e-01 3.87484307e-01 4.70383558e-01 7.50660093e-05]
 [3.14546737e-01 2.26562244e-01 2.40859686e-01 5.12054615e-03]
 [6.42901679e-03 1.09535797e-01 2.53788668e-01 4.20677745e-03]
 [3.46367132e-01 3.03764512e-01 4.32212367e-01 2.44696576e-01]]
Matrix Adv:
[[4.19377879e-01 3.87484421e-01 4.70384513e-01 5.17692643e-01]
 [3.17073764e-01 2.26608234e-01 2.40911551e-01 8.75671170e-02]
 [5.77879779e-01 1.09758801e-01 2.54193794e-01 6.83237866e-02]
 [5.17134813e-66 0.00000000e+00 0.00000000e+00 0.00000000e+00]]
--------------------------------------------------
[2026-05-14 15:23:00] ERROR: 
Matrix Ego:
[[4.19377603e-01 3.87484307e-01 4.70383558e-01 7.50660093e-05]
 [3.14546737e-01 2.26562244e-01 2.40859686e-01 5.12054615e-03]
 [6.42901679e-03 1.09535797e-01 2.53788668e-01 4.20677745e-03]
 [3.46339409e-01 3.03764512e-01 4.32212367e-01 2.44696576e-01]]
Matrix Adv:
[[4.19377879e-01 3.87484421e-01 4.70384513e-01 5.17692643e-01]
 [3.17073764e-01 2.26608234e-01 2.40911551e-01 8.75671170e-02]
 [5.77879779e-01 1.09758801e-01 2.54193794e-01 6.83237866e-02]
 [4.65421331e-66 0.00000000e+00 0.00000000e+00 0.00000000e+00]]
--------------------------------------------------
[2026-05-14 15:23:00] ERROR: 
Matrix Ego:
[[4.19377603e-01 3.87484307e-01 4.70383558e-01 7.50660093e-05]
 [3.14546737e-01 2.26562244e-01 2.40859686e-01 5.12054615e-03]
 [6.42901679e-03 1.09535797e-01 2.53788668e-01 4.20677745e-03]
 [3.46339409e-01 3.03764512e-01 4.32212367e-01 2.44696576e-01]]
Matrix Adv:
[[4.19377879e-01 3.87484421e-01 4.70384513e-01 5.17692643e-01]
 [3.17073764e-01 2.26608234e-01 2.40911551e-01 8.75671170e-02]
 [5.77879779e-01 1.09758801e-01 2.54193794e-01 6.83237866e-02]
 [4.65421331e-66 0.00000000e+00 0.00000000e+00 0.00000000e+00]]
--------------------------------------------------
[2026-05-14 15:23:01] ERROR: 
Matrix Ego:
[[4.19377603e-01 3.87484307e-01 4.70383558e-01 7.50660093e-05]
 [3.14546737e-01 2.26562244e-01 2.40859686e-01 5.12054615e-03]
 [6.42901679e-03 1.09535797e-01 2.53788668e-01 4.20677745e-03]
 [3.46303467e-01 3.03764512e-01 4.32212367e-01 2.44696576e-01]]
Matrix Adv:
[[4.19377879e-01 3.87484421e-01 4.70384513e-01 5.17692643e-01]
 [3.17073764e-01 2.26608234e-01 2.40911551e-01 8.75671170e-02]
 [5.77879779e-01 1.09758801e-01 2.54193794e-01 6.83237866e-02]
 [4.18879198e-66 0.00000000e+00 0.00000000e+00 0.00000000e+00]]
--------------------------------------------------
[2026-05-14 15:23:01] ERROR: 
Matrix Ego:
[[4.19377603e-01 3.87484307e-01 4.70383558e-01 7.50660093e-05]
 [3.14546737e-01 2.26562244e-01 2.40859686e-01 5.12054615e-03]
 [6.42901679e-03 1.09535797e-01 2.53788668e-01 4.20677745e-03]
 [3.46303467e-01 3.03764512e-01 4.32212367e-01 2.44696576e-01]]
Matrix Adv:
[[4.19377879e-01 3.87484421e-01 4.70384513e-01 5.17692643e-01]
 [3.17073764e-01 2.26608234e-01 2.40911551e-01 8.75671170e-02]
 [5.77879779e-01 1.09758801e-01 2.54193794e-01 6.83237866e-02]
 [4.18879198e-66 0.00000000e+00 0.00000000e+00 0.00000000e+00]]
--------------------------------------------------
[2026-05-14 15:23:01] ERROR: 
Matrix Ego:
[[4.19377603e-01 3.87484307e-01 4.70383558e-01 7.50660093e-05]
 [3.14546737e-01 2.26562244e-01 2.40859686e-01 5.12054615e-03]
 [6.42901679e-03 1.09535797e-01 2.53788668e-01 4.20677745e-03]
 [3.46252556e-01 3.03764512e-01 4.32212367e-01 2.44696576e-01]]
Matrix Adv:
[[4.19377879e-01 3.87484421e-01 4.70384513e-01 5.17692643e-01]
 [3.17073764e-01 2.26608234e-01 2.40911551e-01 8.75671170e-02]
 [5.77879779e-01 1.09758801e-01 2.54193794e-01 6.83237866e-02]
 [3.76991278e-66 0.00000000e+00 0.00000000e+00 0.00000000e+00]]
--------------------------------------------------
[2026-05-14 15:23:01] ERROR: 
Matrix Ego:
[[4.19377603e-01 3.87484307e-01 4.70383558e-01 7.50660093e-05]
 [3.14546737e-01 2.26562244e-01 2.40859686e-01 5.12054615e-03]
 [6.42901679e-03 1.09535797e-01 2.53788668e-01 4.20677745e-03]
 [3.46252556e-01 3.03764512e-01 4.32212367e-01 2.44696576e-01]]
Matrix Adv:
[[4.19377879e-01 3.87484421e-01 4.70384513e-01 5.17692643e-01]
 [3.17073764e-01 2.26608234e-01 2.40911551e-01 8.75671170e-02]
 [5.77879779e-01 1.09758801e-01 2.54193794e-01 6.83237866e-02]
 [3.76991278e-66 0.00000000e+00 0.00000000e+00 0.00000000e+00]]
--------------------------------------------------
[2026-05-14 15:23:01] ERROR: 
Matrix Ego:
[[4.19377603e-01 3.87484307e-01 4.70383558e-01 7.50660093e-05]
 [3.14546737e-01 2.26562244e-01 2.40859686e-01 5.12054615e-03]
 [6.42901679e-03 1.09535797e-01 2.53788668e-01 4.20677745e-03]
 [3.46178212e-01 3.03764512e-01 4.32212367e-01 2.44696576e-01]]
Matrix Adv:
[[4.19377879e-01 3.87484421e-01 4.70384513e-01 5.17692643e-01]
 [3.17073764e-01 2.26608234e-01 2.40911551e-01 8.75671170e-02]
 [5.77879779e-01 1.09758801e-01 2.54193794e-01 6.83237866e-02]
 [3.39292151e-66 0.00000000e+00 0.00000000e+00 0.00000000e+00]]
--------------------------------------------------
[2026-05-14 15:23:01] ERROR: 
Matrix Ego:
[[4.19377603e-01 3.87484307e-01 4.70383558e-01 7.50660093e-05]
 [3.14546737e-01 2.26562244e-01 2.40859686e-01 5.12054615e-03]
 [6.42901679e-03 1.09535797e-01 2.53788668e-01 4.20677745e-03]
 [3.46178212e-01 3.03764512e-01 4.32212367e-01 2.44696576e-01]]
Matrix Adv:
[[4.19377879e-01 3.87484421e-01 4.70384513e-01 5.17692643e-01]
 [3.17073764e-01 2.26608234e-01 2.40911551e-01 8.75671170e-02]
 [5.77879779e-01 1.09758801e-01 2.54193794e-01 6.83237866e-02]
 [3.39292151e-66 0.00000000e+00 0.00000000e+00 0.00000000e+00]]
--------------------------------------------------
[2026-05-14 15:23:02] ERROR: 
Matrix Ego:
[[4.19377603e-01 3.87484307e-01 4.70383558e-01 7.50660093e-05]
 [3.14546737e-01 2.26562244e-01 2.40859686e-01 5.12054615e-03]
 [6.42901679e-03 1.09535797e-01 2.53788668e-01 4.20677745e-03]
 [3.46111302e-01 3.03764512e-01 4.32212367e-01 2.44696576e-01]]
Matrix Adv:
[[4.19377879e-01 3.87484421e-01 4.70384513e-01 5.17692643e-01]
 [3.17073764e-01 2.26608234e-01 2.40911551e-01 8.75671170e-02]
 [5.77879779e-01 1.09758801e-01 2.54193794e-01 6.83237866e-02]
 [3.05362935e-66 0.00000000e+00 0.00000000e+00 0.00000000e+00]]
--------------------------------------------------
[2026-05-14 15:23:02] ERROR: 
Matrix Ego:
[[4.19377603e-01 3.87484307e-01 4.70383558e-01 7.50660093e-05]
 [3.14546737e-01 2.26562244e-01 2.40859686e-01 5.12054615e-03]
 [6.42901679e-03 1.09535797e-01 2.53788668e-01 4.20677745e-03]
 [3.46111302e-01 3.03764512e-01 4.32212367e-01 2.44696576e-01]]
Matrix Adv:
[[4.19377879e-01 3.87484421e-01 4.70384513e-01 5.17692643e-01]
 [3.17073764e-01 2.26608234e-01 2.40911551e-01 8.75671170e-02]
 [5.77879779e-01 1.09758801e-01 2.54193794e-01 6.83237866e-02]
 [3.05362935e-66 0.00000000e+00 0.00000000e+00 0.00000000e+00]]
--------------------------------------------------
[2026-05-14 15:23:02] ERROR: 
Matrix Ego:
[[4.19377603e-01 3.87484307e-01 4.70383558e-01 7.50660093e-05]
 [3.14546737e-01 2.26562244e-01 2.40859686e-01 5.12054615e-03]
 [6.42901679e-03 1.09535797e-01 2.53788668e-01 4.20677745e-03]
 [3.46014775e-01 3.03764512e-01 4.32212367e-01 2.44696576e-01]]
Matrix Adv:
[[4.19377879e-01 3.87484421e-01 4.70384513e-01 5.17692643e-01]
 [3.17073764e-01 2.26608234e-01 2.40911551e-01 8.75671170e-02]
 [5.77879779e-01 1.09758801e-01 2.54193794e-01 6.83237866e-02]
 [2.74826642e-66 0.00000000e+00 0.00000000e+00 0.00000000e+00]]
--------------------------------------------------
[2026-05-14 15:23:02] ERROR: 
Matrix Ego:
[[4.19377603e-01 3.87484307e-01 4.70383558e-01 7.50660093e-05]
 [3.14546737e-01 2.26562244e-01 2.40859686e-01 5.12054615e-03]
 [6.42901679e-03 1.09535797e-01 2.53788668e-01 4.20677745e-03]
 [3.46014775e-01 3.03764512e-01 4.32212367e-01 2.44696576e-01]]
Matrix Adv:
[[4.19377879e-01 3.87484421e-01 4.70384513e-01 5.17692643e-01]
 [3.17073764e-01 2.26608234e-01 2.40911551e-01 8.75671170e-02]
 [5.77879779e-01 1.09758801e-01 2.54193794e-01 6.83237866e-02]
 [2.74826642e-66 0.00000000e+00 0.00000000e+00 0.00000000e+00]]
--------------------------------------------------
[2026-05-14 15:23:02] ERROR: 
Matrix Ego:
[[4.19377603e-01 3.87484307e-01 4.70383558e-01 7.50660093e-05]
 [3.14546737e-01 2.26562244e-01 2.40859686e-01 5.12054615e-03]
 [6.42901679e-03 1.09535797e-01 2.53788668e-01 4.20677745e-03]
 [3.45880024e-01 3.03764512e-01 4.32212367e-01 2.44696576e-01]]
Matrix Adv:
[[4.19377879e-01 3.87484421e-01 4.70384513e-01 5.17692643e-01]
 [3.17073764e-01 2.26608234e-01 2.40911551e-01 8.75671170e-02]
 [5.77879779e-01 1.09758801e-01 2.54193794e-01 6.83237866e-02]
 [2.47343978e-66 0.00000000e+00 0.00000000e+00 0.00000000e+00]]
--------------------------------------------------
[2026-05-14 15:23:02] ERROR: 
Matrix Ego:
[[4.19377603e-01 3.87484307e-01 4.70383558e-01 7.50660093e-05]
 [3.14546737e-01 2.26562244e-01 2.40859686e-01 5.12054615e-03]
 [6.42901679e-03 1.09535797e-01 2.53788668e-01 4.20677745e-03]
 [3.45880024e-01 3.03764512e-01 4.32212367e-01 2.44696576e-01]]
Matrix Adv:
[[4.19377879e-01 3.87484421e-01 4.70384513e-01 5.17692643e-01]
 [3.17073764e-01 2.26608234e-01 2.40911551e-01 8.75671170e-02]
 [5.77879779e-01 1.09758801e-01 2.54193794e-01 6.83237866e-02]
 [2.47343978e-66 0.00000000e+00 0.00000000e+00 0.00000000e+00]]
--------------------------------------------------
[2026-05-14 15:23:02] ERROR: 
Matrix Ego:
[[4.19377603e-01 3.87484307e-01 4.70383558e-01 7.50660093e-05]
 [3.14546737e-01 2.26562244e-01 2.40859686e-01 5.12054615e-03]
 [6.42901679e-03 1.09535797e-01 2.53788668e-01 4.20677745e-03]
 [3.45692810e-01 3.03764512e-01 4.32212367e-01 2.44696576e-01]]
Matrix Adv:
[[4.19377879e-01 3.87484421e-01 4.70384513e-01 5.17692643e-01]
 [3.17073764e-01 2.26608234e-01 2.40911551e-01 8.75671170e-02]
 [5.77879779e-01 1.09758801e-01 2.54193794e-01 6.83237866e-02]
 [2.22609580e-66 0.00000000e+00 0.00000000e+00 0.00000000e+00]]
--------------------------------------------------
[2026-05-14 15:23:02] ERROR: 
Matrix Ego:
[[4.19377603e-01 3.87484307e-01 4.70383558e-01 7.50660093e-05]
 [3.14546737e-01 2.26562244e-01 2.40859686e-01 5.12054615e-03]
 [6.42901679e-03 1.09535797e-01 2.53788668e-01 4.20677745e-03]
 [3.45692810e-01 3.03764512e-01 4.32212367e-01 2.44696576e-01]]
Matrix Adv:
[[4.19377879e-01 3.87484421e-01 4.70384513e-01 5.17692643e-01]
 [3.17073764e-01 2.26608234e-01 2.40911551e-01 8.75671170e-02]
 [5.77879779e-01 1.09758801e-01 2.54193794e-01 6.83237866e-02]
 [2.22609580e-66 0.00000000e+00 0.00000000e+00 0.00000000e+00]]
--------------------------------------------------
[2026-05-14 15:23:03] ERROR: 
Matrix Ego:
[[4.19377603e-01 3.87484307e-01 4.70383558e-01 7.50660093e-05]
 [3.14546737e-01 2.26562244e-01 2.40859686e-01 5.12054615e-03]
 [6.42901679e-03 1.09535797e-01 2.53788668e-01 4.20677745e-03]
 [3.45435885e-01 3.03764512e-01 4.32212367e-01 2.44696576e-01]]
Matrix Adv:
[[4.19377879e-01 3.87484421e-01 4.70384513e-01 5.17692643e-01]
 [3.17073764e-01 2.26608234e-01 2.40911551e-01 8.75671170e-02]
 [5.77879779e-01 1.09758801e-01 2.54193794e-01 6.83237866e-02]
 [2.00348622e-66 0.00000000e+00 0.00000000e+00 0.00000000e+00]]
--------------------------------------------------
[2026-05-14 15:23:03] ERROR: 
Matrix Ego:
[[4.19377603e-01 3.87484307e-01 4.70383558e-01 7.50660093e-05]
 [3.14546737e-01 2.26562244e-01 2.40859686e-01 5.12054615e-03]
 [6.42901679e-03 1.09535797e-01 2.53788668e-01 4.20677745e-03]
 [3.45435885e-01 3.03764512e-01 4.32212367e-01 2.44696576e-01]]
Matrix Adv:
[[4.19377879e-01 3.87484421e-01 4.70384513e-01 5.17692643e-01]
 [3.17073764e-01 2.26608234e-01 2.40911551e-01 8.75671170e-02]
 [5.77879779e-01 1.09758801e-01 2.54193794e-01 6.83237866e-02]
 [2.00348622e-66 0.00000000e+00 0.00000000e+00 0.00000000e+00]]
--------------------------------------------------
[2026-05-14 15:23:03] ERROR: 
Matrix Ego:
[[4.19377603e-01 3.87484307e-01 4.70383558e-01 7.50660093e-05]
 [3.14546737e-01 2.26562244e-01 2.40859686e-01 5.12054615e-03]
 [6.42901679e-03 1.09535797e-01 2.53788668e-01 4.20677745e-03]
 [3.45090380e-01 3.03764512e-01 4.32212367e-01 2.44696576e-01]]
Matrix Adv:
[[4.19377879e-01 3.87484421e-01 4.70384513e-01 5.17692643e-01]
 [3.17073764e-01 2.26608234e-01 2.40911551e-01 8.75671170e-02]
 [5.77879779e-01 1.09758801e-01 2.54193794e-01 6.83237866e-02]
 [1.80313760e-66 0.00000000e+00 0.00000000e+00 0.00000000e+00]]
--------------------------------------------------
[2026-05-14 15:23:03] ERROR: 
Matrix Ego:
[[4.19377603e-01 3.87484307e-01 4.70383558e-01 7.50660093e-05]
 [3.14546737e-01 2.26562244e-01 2.40859686e-01 5.12054615e-03]
 [6.42901679e-03 1.09535797e-01 2.53788668e-01 4.20677745e-03]
 [3.45090380e-01 3.03764512e-01 4.32212367e-01 2.44696576e-01]]
Matrix Adv:
[[4.19377879e-01 3.87484421e-01 4.70384513e-01 5.17692643e-01]
 [3.17073764e-01 2.26608234e-01 2.40911551e-01 8.75671170e-02]
 [5.77879779e-01 1.09758801e-01 2.54193794e-01 6.83237866e-02]
 [1.80313760e-66 0.00000000e+00 0.00000000e+00 0.00000000e+00]]
--------------------------------------------------
[2026-05-14 15:23:03] ERROR: 
Matrix Ego:
[[4.19377603e-01 3.87484307e-01 4.70383558e-01 7.50660093e-05]
 [3.14546737e-01 2.26562244e-01 2.40859686e-01 5.12054615e-03]
 [6.42901679e-03 1.09535797e-01 2.53788668e-01 4.20677745e-03]
 [3.44637361e-01 3.03764512e-01 4.32212367e-01 2.44696576e-01]]
Matrix Adv:
[[4.19377879e-01 3.87484421e-01 4.70384513e-01 5.17692643e-01]
 [3.17073764e-01 2.26608234e-01 2.40911551e-01 8.75671170e-02]
 [5.77879779e-01 1.09758801e-01 2.54193794e-01 6.83237866e-02]
 [1.62282384e-66 0.00000000e+00 0.00000000e+00 0.00000000e+00]]
--------------------------------------------------
[2026-05-14 15:23:03] ERROR: 
Matrix Ego:
[[4.19377603e-01 3.87484307e-01 4.70383558e-01 7.50660093e-05]
 [3.14546737e-01 2.26562244e-01 2.40859686e-01 5.12054615e-03]
 [6.42901679e-03 1.09535797e-01 2.53788668e-01 4.20677745e-03]
 [3.44637361e-01 3.03764512e-01 4.32212367e-01 2.44696576e-01]]
Matrix Adv:
[[4.19377879e-01 3.87484421e-01 4.70384513e-01 5.17692643e-01]
 [3.17073764e-01 2.26608234e-01 2.40911551e-01 8.75671170e-02]
 [5.77879779e-01 1.09758801e-01 2.54193794e-01 6.83237866e-02]
 [1.62282384e-66 0.00000000e+00 0.00000000e+00 0.00000000e+00]]
--------------------------------------------------
[2026-05-14 15:23:03] ERROR: 
Matrix Ego:
[[4.19377603e-01 3.87484307e-01 4.70383558e-01 7.50660093e-05]
 [3.14546737e-01 2.26562244e-01 2.40859686e-01 5.12054615e-03]
 [6.42901679e-03 1.09535797e-01 2.53788668e-01 4.20677745e-03]
 [3.44064712e-01 3.03764512e-01 4.32212367e-01 2.44696576e-01]]
Matrix Adv:
[[4.19377879e-01 3.87484421e-01 4.70384513e-01 5.17692643e-01]
 [3.17073764e-01 2.26608234e-01 2.40911551e-01 8.75671170e-02]
 [5.77879779e-01 1.09758801e-01 2.54193794e-01 6.83237866e-02]
 [1.46054145e-66 0.00000000e+00 0.00000000e+00 0.00000000e+00]]
--------------------------------------------------
[2026-05-14 15:23:03] ERROR: 
Matrix Ego:
[[4.19377603e-01 3.87484307e-01 4.70383558e-01 7.50660093e-05]
 [3.14546737e-01 2.26562244e-01 2.40859686e-01 5.12054615e-03]
 [6.42901679e-03 1.09535797e-01 2.53788668e-01 4.20677745e-03]
 [3.44064712e-01 3.03764512e-01 4.32212367e-01 2.44696576e-01]]
Matrix Adv:
[[4.19377879e-01 3.87484421e-01 4.70384513e-01 5.17692643e-01]
 [3.17073764e-01 2.26608234e-01 2.40911551e-01 8.75671170e-02]
 [5.77879779e-01 1.09758801e-01 2.54193794e-01 6.83237866e-02]
 [1.46054145e-66 0.00000000e+00 0.00000000e+00 0.00000000e+00]]
--------------------------------------------------
[2026-05-14 15:23:03] ERROR: 
Matrix Ego:
[[4.19377603e-01 3.87484307e-01 4.70383558e-01 7.50660093e-05]
 [3.14546737e-01 2.26562244e-01 2.40859686e-01 5.12054615e-03]
 [6.42901679e-03 1.09535797e-01 2.53788668e-01 4.20677745e-03]
 [3.43549328e-01 3.03764512e-01 4.32212367e-01 2.44696576e-01]]
Matrix Adv:
[[4.19377879e-01 3.87484421e-01 4.70384513e-01 5.17692643e-01]
 [3.17073764e-01 2.26608234e-01 2.40911551e-01 8.75671170e-02]
 [5.77879779e-01 1.09758801e-01 2.54193794e-01 6.83237866e-02]
 [1.31448731e-66 0.00000000e+00 0.00000000e+00 0.00000000e+00]]
--------------------------------------------------
[2026-05-14 15:23:04] ERROR: 
Matrix Ego:
[[4.19377603e-01 3.87484307e-01 4.70383558e-01 7.50660093e-05]
 [3.14546737e-01 2.26562244e-01 2.40859686e-01 5.12054615e-03]
 [6.42901679e-03 1.09535797e-01 2.53788668e-01 4.20677745e-03]
 [3.43549328e-01 3.03764512e-01 4.32212367e-01 2.44696576e-01]]
Matrix Adv:
[[4.19377879e-01 3.87484421e-01 4.70384513e-01 5.17692643e-01]
 [3.17073764e-01 2.26608234e-01 2.40911551e-01 8.75671170e-02]
 [5.77879779e-01 1.09758801e-01 2.54193794e-01 6.83237866e-02]
 [1.31448731e-66 0.00000000e+00 0.00000000e+00 0.00000000e+00]]
--------------------------------------------------
[2026-05-14 15:23:04] ERROR: 
Matrix Ego:
[[4.19377603e-01 3.87484307e-01 4.70383558e-01 7.50660093e-05]
 [3.14546737e-01 2.26562244e-01 2.40859686e-01 5.12054615e-03]
 [6.42901679e-03 1.09535797e-01 2.53788668e-01 4.20677745e-03]
 [3.42902759e-01 3.03764512e-01 4.32212367e-01 2.44696576e-01]]
Matrix Adv:
[[4.19377879e-01 3.87484421e-01 4.70384513e-01 5.17692643e-01]
 [3.17073764e-01 2.26608234e-01 2.40911551e-01 8.75671170e-02]
 [5.77879779e-01 1.09758801e-01 2.54193794e-01 6.83237866e-02]
 [1.18303858e-66 0.00000000e+00 0.00000000e+00 0.00000000e+00]]
--------------------------------------------------
[2026-05-14 15:23:04] ERROR: 
Matrix Ego:
[[4.19377603e-01 3.87484307e-01 4.70383558e-01 7.50660093e-05]
 [3.14546737e-01 2.26562244e-01 2.40859686e-01 5.12054615e-03]
 [6.42901679e-03 1.09535797e-01 2.53788668e-01 4.20677745e-03]
 [3.42902759e-01 3.03764512e-01 4.32212367e-01 2.44696576e-01]]
Matrix Adv:
[[4.19377879e-01 3.87484421e-01 4.70384513e-01 5.17692643e-01]
 [3.17073764e-01 2.26608234e-01 2.40911551e-01 8.75671170e-02]
 [5.77879779e-01 1.09758801e-01 2.54193794e-01 6.83237866e-02]
 [1.18303858e-66 0.00000000e+00 0.00000000e+00 0.00000000e+00]]
--------------------------------------------------
[2026-05-14 15:23:04] ERROR: 
Matrix Ego:
[[4.19377603e-01 3.87484307e-01 4.70383558e-01 7.50660093e-05]
 [3.14546737e-01 2.26562244e-01 2.40859686e-01 5.12054615e-03]
 [6.42901679e-03 1.09535797e-01 2.53788668e-01 4.20677745e-03]
 [3.42125408e-01 3.03764512e-01 4.32212367e-01 2.44696576e-01]]
Matrix Adv:
[[4.19377879e-01 3.87484421e-01 4.70384513e-01 5.17692643e-01]
 [3.17073764e-01 2.26608234e-01 2.40911551e-01 8.75671170e-02]
 [5.77879779e-01 1.09758801e-01 2.54193794e-01 6.83237866e-02]
 [1.06473472e-66 0.00000000e+00 0.00000000e+00 0.00000000e+00]]
--------------------------------------------------
[2026-05-14 15:23:04] ERROR: 
Matrix Ego:
[[4.19377603e-01 3.87484307e-01 4.70383558e-01 7.50660093e-05]
 [3.14546737e-01 2.26562244e-01 2.40859686e-01 5.12054615e-03]
 [6.42901679e-03 1.09535797e-01 2.53788668e-01 4.20677745e-03]
 [3.42125408e-01 3.03764512e-01 4.32212367e-01 2.44696576e-01]]
Matrix Adv:
[[4.19377879e-01 3.87484421e-01 4.70384513e-01 5.17692643e-01]
 [3.17073764e-01 2.26608234e-01 2.40911551e-01 8.75671170e-02]
 [5.77879779e-01 1.09758801e-01 2.54193794e-01 6.83237866e-02]
 [1.06473472e-66 0.00000000e+00 0.00000000e+00 0.00000000e+00]]
--------------------------------------------------
[2026-05-14 15:23:04] ERROR: 
Matrix Ego:
[[4.19377603e-01 3.87484307e-01 4.70383558e-01 7.50660093e-05]
 [3.14546737e-01 2.26562244e-01 2.40859686e-01 5.12054615e-03]
 [6.42901679e-03 1.09535797e-01 2.53788668e-01 4.20677745e-03]
 [3.41223841e-01 3.03764512e-01 4.32212367e-01 2.44696576e-01]]
Matrix Adv:
[[4.19377879e-01 3.87484421e-01 4.70384513e-01 5.17692643e-01]
 [3.17073764e-01 2.26608234e-01 2.40911551e-01 8.75671170e-02]
 [5.77879779e-01 1.09758801e-01 2.54193794e-01 6.83237866e-02]
 [9.58261248e-67 0.00000000e+00 0.00000000e+00 0.00000000e+00]]
--------------------------------------------------
[2026-05-14 15:23:04] ERROR: 
Matrix Ego:
[[4.19377603e-01 3.87484307e-01 4.70383558e-01 7.50660093e-05]
 [3.14546737e-01 2.26562244e-01 2.40859686e-01 5.12054615e-03]
 [6.42901679e-03 1.09535797e-01 2.53788668e-01 4.20677745e-03]
 [3.41223841e-01 3.03764512e-01 4.32212367e-01 2.44696576e-01]]
Matrix Adv:
[[4.19377879e-01 3.87484421e-01 4.70384513e-01 5.17692643e-01]
 [3.17073764e-01 2.26608234e-01 2.40911551e-01 8.75671170e-02]
 [5.77879779e-01 1.09758801e-01 2.54193794e-01 6.83237866e-02]
 [9.58261248e-67 0.00000000e+00 0.00000000e+00 0.00000000e+00]]
--------------------------------------------------
[2026-05-14 15:23:04] ERROR: 
Matrix Ego:
[[4.19377603e-01 3.87484307e-01 4.70383558e-01 7.50660093e-05]
 [3.14546737e-01 2.26562244e-01 2.40859686e-01 5.12054615e-03]
 [6.42901679e-03 1.09535797e-01 2.53788668e-01 4.20677745e-03]
 [3.40208974e-01 3.03764512e-01 4.32212367e-01 2.44696576e-01]]
Matrix Adv:
[[4.19377879e-01 3.87484421e-01 4.70384513e-01 5.17692643e-01]
 [3.17073764e-01 2.26608234e-01 2.40911551e-01 8.75671170e-02]
 [5.77879779e-01 1.09758801e-01 2.54193794e-01 6.83237866e-02]
 [8.62435123e-67 0.00000000e+00 0.00000000e+00 0.00000000e+00]]
--------------------------------------------------
[2026-05-14 15:23:04] ERROR: 
Matrix Ego:
[[4.19377603e-01 3.87484307e-01 4.70383558e-01 7.50660093e-05]
 [3.14546737e-01 2.26562244e-01 2.40859686e-01 5.12054615e-03]
 [6.42901679e-03 1.09535797e-01 2.53788668e-01 4.20677745e-03]
 [3.40208974e-01 3.03764512e-01 4.32212367e-01 2.44696576e-01]]
Matrix Adv:
[[4.19377879e-01 3.87484421e-01 4.70384513e-01 5.17692643e-01]
 [3.17073764e-01 2.26608234e-01 2.40911551e-01 8.75671170e-02]
 [5.77879779e-01 1.09758801e-01 2.54193794e-01 6.83237866e-02]
 [8.62435123e-67 0.00000000e+00 0.00000000e+00 0.00000000e+00]]
--------------------------------------------------
[2026-05-14 15:23:04] ERROR: 
Matrix Ego:
[[4.19377603e-01 3.87484307e-01 4.70383558e-01 7.50660093e-05]
 [3.14546737e-01 2.26562244e-01 2.40859686e-01 5.12054615e-03]
 [6.42901679e-03 1.09535797e-01 2.53788668e-01 4.20677745e-03]
 [3.39095165e-01 3.03764512e-01 4.32212367e-01 2.44696576e-01]]
Matrix Adv:
[[4.19377879e-01 3.87484421e-01 4.70384513e-01 5.17692643e-01]
 [3.17073764e-01 2.26608234e-01 2.40911551e-01 8.75671170e-02]
 [5.77879779e-01 1.09758801e-01 2.54193794e-01 6.83237866e-02]
 [7.76191611e-67 0.00000000e+00 0.00000000e+00 0.00000000e+00]]
--------------------------------------------------
[2026-05-14 15:23:04] ERROR: 
Matrix Ego:
[[4.19377603e-01 3.87484307e-01 4.70383558e-01 7.50660093e-05]
 [3.14546737e-01 2.26562244e-01 2.40859686e-01 5.12054615e-03]
 [6.42901679e-03 1.09535797e-01 2.53788668e-01 4.20677745e-03]
 [3.39095165e-01 3.03764512e-01 4.32212367e-01 2.44696576e-01]]
Matrix Adv:
[[4.19377879e-01 3.87484421e-01 4.70384513e-01 5.17692643e-01]
 [3.17073764e-01 2.26608234e-01 2.40911551e-01 8.75671170e-02]
 [5.77879779e-01 1.09758801e-01 2.54193794e-01 6.83237866e-02]
 [7.76191611e-67 0.00000000e+00 0.00000000e+00 0.00000000e+00]]
--------------------------------------------------
[2026-05-14 15:23:05] ERROR: 
Matrix Ego:
[[4.19377603e-01 3.87484307e-01 4.70383558e-01 7.50660093e-05]
 [3.14546737e-01 2.26562244e-01 2.40859686e-01 5.12054615e-03]
 [6.42901679e-03 1.09535797e-01 2.53788668e-01 4.20677745e-03]
 [3.37899389e-01 3.03764512e-01 4.32212367e-01 2.44696576e-01]]
Matrix Adv:
[[4.19377879e-01 3.87484421e-01 4.70384513e-01 5.17692643e-01]
 [3.17073764e-01 2.26608234e-01 2.40911551e-01 8.75671170e-02]
 [5.77879779e-01 1.09758801e-01 2.54193794e-01 6.83237866e-02]
 [6.98572450e-67 0.00000000e+00 0.00000000e+00 0.00000000e+00]]
--------------------------------------------------
[2026-05-14 15:23:05] ERROR: 
Matrix Ego:
[[4.19377603e-01 3.87484307e-01 4.70383558e-01 7.50660093e-05]
 [3.14546737e-01 2.26562244e-01 2.40859686e-01 5.12054615e-03]
 [6.42901679e-03 1.09535797e-01 2.53788668e-01 4.20677745e-03]
 [3.37899389e-01 3.03764512e-01 4.32212367e-01 2.44696576e-01]]
Matrix Adv:
[[4.19377879e-01 3.87484421e-01 4.70384513e-01 5.17692643e-01]
 [3.17073764e-01 2.26608234e-01 2.40911551e-01 8.75671170e-02]
 [5.77879779e-01 1.09758801e-01 2.54193794e-01 6.83237866e-02]
 [6.98572450e-67 0.00000000e+00 0.00000000e+00 0.00000000e+00]]
--------------------------------------------------
[2026-05-14 15:23:05] ERROR: 
Matrix Ego:
[[4.19377603e-01 3.87484307e-01 4.70383558e-01 7.50660093e-05]
 [3.14546737e-01 2.26562244e-01 2.40859686e-01 5.12054615e-03]
 [5.78611511e-03 1.09535797e-01 2.53788668e-01 4.20677745e-03]
 [3.37899389e-01 3.03764512e-01 4.32212367e-01 2.44696576e-01]]
Matrix Adv:
[[4.19377879e-01 3.87484421e-01 4.70384513e-01 5.17692643e-01]
 [3.17073764e-01 2.26608234e-01 2.40911551e-01 8.75671170e-02]
 [5.83166706e-01 1.09758801e-01 2.54193794e-01 6.83237866e-02]
 [6.98572450e-67 0.00000000e+00 0.00000000e+00 0.00000000e+00]]
--------------------------------------------------
[2026-05-14 15:23:05] ERROR: 
Matrix Ego:
[[4.19377603e-01 3.87484307e-01 4.70383558e-01 7.50660093e-05]
 [3.14546737e-01 2.26562244e-01 2.40859686e-01 5.12054615e-03]
 [5.78611511e-03 1.09535797e-01 2.53788668e-01 4.20677745e-03]
 [3.37899389e-01 3.03764512e-01 4.32212367e-01 2.44696576e-01]]
Matrix Adv:
[[4.19377879e-01 3.87484421e-01 4.70384513e-01 5.17692643e-01]
 [3.17073764e-01 2.26608234e-01 2.40911551e-01 8.75671170e-02]
 [5.83166706e-01 1.09758801e-01 2.54193794e-01 6.83237866e-02]
 [6.98572450e-67 0.00000000e+00 0.00000000e+00 0.00000000e+00]]
--------------------------------------------------
[2026-05-14 15:23:05] ERROR: 
Matrix Ego:
[[4.19377603e-01 3.87484307e-01 4.70383558e-01 7.50660093e-05]
 [3.14546737e-01 2.26562244e-01 2.40859686e-01 5.12054615e-03]
 [5.78611511e-03 1.09535797e-01 2.53788668e-01 4.20677745e-03]
 [3.36645823e-01 3.03764512e-01 4.32212367e-01 2.44696576e-01]]
Matrix Adv:
[[4.19377879e-01 3.87484421e-01 4.70384513e-01 5.17692643e-01]
 [3.17073764e-01 2.26608234e-01 2.40911551e-01 8.75671170e-02]
 [5.83166706e-01 1.09758801e-01 2.54193794e-01 6.83237866e-02]
 [6.28715205e-67 0.00000000e+00 0.00000000e+00 0.00000000e+00]]
--------------------------------------------------
[2026-05-14 15:23:05] ERROR: 
Matrix Ego:
[[4.19377603e-01 3.87484307e-01 4.70383558e-01 7.50660093e-05]
 [3.14546737e-01 2.26562244e-01 2.40859686e-01 5.12054615e-03]
 [5.78611511e-03 1.09535797e-01 2.53788668e-01 4.20677745e-03]
 [3.36645823e-01 3.03764512e-01 4.32212367e-01 2.44696576e-01]]
Matrix Adv:
[[4.19377879e-01 3.87484421e-01 4.70384513e-01 5.17692643e-01]
 [3.17073764e-01 2.26608234e-01 2.40911551e-01 8.75671170e-02]
 [5.83166706e-01 1.09758801e-01 2.54193794e-01 6.83237866e-02]
 [6.28715205e-67 0.00000000e+00 0.00000000e+00 0.00000000e+00]]
--------------------------------------------------
[2026-05-14 15:23:05] ERROR: 
Matrix Ego:
[[4.19377603e-01 3.87484307e-01 4.70383558e-01 7.50660093e-05]
 [3.14546737e-01 2.26562244e-01 2.40859686e-01 5.12054615e-03]
 [5.78611511e-03 1.09535797e-01 2.53788668e-01 4.20677745e-03]
 [3.35357983e-01 3.03764512e-01 4.32212367e-01 2.44696576e-01]]
Matrix Adv:
[[4.19377879e-01 3.87484421e-01 4.70384513e-01 5.17692643e-01]
 [3.17073764e-01 2.26608234e-01 2.40911551e-01 8.75671170e-02]
 [5.83166706e-01 1.09758801e-01 2.54193794e-01 6.83237866e-02]
 [5.65843684e-67 0.00000000e+00 0.00000000e+00 0.00000000e+00]]
--------------------------------------------------
[2026-05-14 15:23:05] ERROR: 
Matrix Ego:
[[4.19377603e-01 3.87484307e-01 4.70383558e-01 7.50660093e-05]
 [3.14546737e-01 2.26562244e-01 2.40859686e-01 5.12054615e-03]
 [5.78611511e-03 1.09535797e-01 2.53788668e-01 4.20677745e-03]
 [3.35357983e-01 3.03764512e-01 4.32212367e-01 2.44696576e-01]]
Matrix Adv:
[[4.19377879e-01 3.87484421e-01 4.70384513e-01 5.17692643e-01]
 [3.17073764e-01 2.26608234e-01 2.40911551e-01 8.75671170e-02]
 [5.83166706e-01 1.09758801e-01 2.54193794e-01 6.83237866e-02]
 [5.65843684e-67 0.00000000e+00 0.00000000e+00 0.00000000e+00]]
--------------------------------------------------
[2026-05-14 15:23:06] ERROR: 
Matrix Ego:
[[4.19377603e-01 3.87484307e-01 4.70383558e-01 7.50660093e-05]
 [3.14546737e-01 2.26562244e-01 2.40859686e-01 5.12054615e-03]
 [5.78611511e-03 1.09535797e-01 2.53788668e-01 4.20677745e-03]
 [3.34086138e-01 3.03764512e-01 4.32212367e-01 2.44696576e-01]]
Matrix Adv:
[[4.19377879e-01 3.87484421e-01 4.70384513e-01 5.17692643e-01]
 [3.17073764e-01 2.26608234e-01 2.40911551e-01 8.75671170e-02]
 [5.83166706e-01 1.09758801e-01 2.54193794e-01 6.83237866e-02]
 [5.09259316e-67 0.00000000e+00 0.00000000e+00 0.00000000e+00]]
--------------------------------------------------
[2026-05-14 15:23:06] ERROR: 
Matrix Ego:
[[4.19377603e-01 3.87484307e-01 4.70383558e-01 7.50660093e-05]
 [3.14546737e-01 2.26562244e-01 2.40859686e-01 5.12054615e-03]
 [5.78611511e-03 1.09535797e-01 2.53788668e-01 4.20677745e-03]
 [3.34086138e-01 3.03764512e-01 4.32212367e-01 2.44696576e-01]]
Matrix Adv:
[[4.19377879e-01 3.87484421e-01 4.70384513e-01 5.17692643e-01]
 [3.17073764e-01 2.26608234e-01 2.40911551e-01 8.75671170e-02]
 [5.83166706e-01 1.09758801e-01 2.54193794e-01 6.83237866e-02]
 [5.09259316e-67 0.00000000e+00 0.00000000e+00 0.00000000e+00]]
--------------------------------------------------
[2026-05-14 15:23:06] ERROR: 
Matrix Ego:
[[4.19377603e-01 3.87484307e-01 4.70383558e-01 7.50660093e-05]
 [3.14546737e-01 2.26562244e-01 2.40859686e-01 5.12054615e-03]
 [5.78611511e-03 1.09535797e-01 2.53788668e-01 4.20677745e-03]
 [3.32801412e-01 3.03764512e-01 4.32212367e-01 2.44696576e-01]]
Matrix Adv:
[[4.19377879e-01 3.87484421e-01 4.70384513e-01 5.17692643e-01]
 [3.17073764e-01 2.26608234e-01 2.40911551e-01 8.75671170e-02]
 [5.83166706e-01 1.09758801e-01 2.54193794e-01 6.83237866e-02]
 [4.58333384e-67 0.00000000e+00 0.00000000e+00 0.00000000e+00]]
--------------------------------------------------
[2026-05-14 15:23:06] ERROR: 
Matrix Ego:
[[4.19377603e-01 3.87484307e-01 4.70383558e-01 7.50660093e-05]
 [3.14546737e-01 2.26562244e-01 2.40859686e-01 5.12054615e-03]
 [5.78611511e-03 1.09535797e-01 2.53788668e-01 4.20677745e-03]
 [3.32801412e-01 3.03764512e-01 4.32212367e-01 2.44696576e-01]]
Matrix Adv:
[[4.19377879e-01 3.87484421e-01 4.70384513e-01 5.17692643e-01]
 [3.17073764e-01 2.26608234e-01 2.40911551e-01 8.75671170e-02]
 [5.83166706e-01 1.09758801e-01 2.54193794e-01 6.83237866e-02]
 [4.58333384e-67 0.00000000e+00 0.00000000e+00 0.00000000e+00]]
--------------------------------------------------
[2026-05-14 15:23:07] ERROR: 
Matrix Ego:
[[4.19377603e-01 3.87484307e-01 4.70383558e-01 7.50660093e-05]
 [3.14546737e-01 2.26562244e-01 2.40859686e-01 5.12054615e-03]
 [5.78611511e-03 1.09535797e-01 2.53788668e-01 4.20677745e-03]
 [3.31612777e-01 3.03764512e-01 4.32212367e-01 2.44696576e-01]]
Matrix Adv:
[[4.19377879e-01 3.87484421e-01 4.70384513e-01 5.17692643e-01]
 [3.17073764e-01 2.26608234e-01 2.40911551e-01 8.75671170e-02]
 [5.83166706e-01 1.09758801e-01 2.54193794e-01 6.83237866e-02]
 [4.12500046e-67 0.00000000e+00 0.00000000e+00 0.00000000e+00]]
--------------------------------------------------
[2026-05-14 15:23:07] ERROR: 
Matrix Ego:
[[4.19377603e-01 3.87484307e-01 4.70383558e-01 7.50660093e-05]
 [3.14546737e-01 2.26562244e-01 2.40859686e-01 5.12054615e-03]
 [5.78611511e-03 1.09535797e-01 2.53788668e-01 4.20677745e-03]
 [3.31612777e-01 3.03764512e-01 4.32212367e-01 2.44696576e-01]]
Matrix Adv:
[[4.19377879e-01 3.87484421e-01 4.70384513e-01 5.17692643e-01]
 [3.17073764e-01 2.26608234e-01 2.40911551e-01 8.75671170e-02]
 [5.83166706e-01 1.09758801e-01 2.54193794e-01 6.83237866e-02]
 [4.12500046e-67 0.00000000e+00 0.00000000e+00 0.00000000e+00]]
--------------------------------------------------
[2026-05-14 15:23:07] ERROR: 
Matrix Ego:
[[4.19377603e-01 3.87484307e-01 4.70383558e-01 7.50660093e-05]
 [3.14546737e-01 2.26562244e-01 2.40859686e-01 5.12054615e-03]
 [5.78611511e-03 1.09535797e-01 2.53788668e-01 4.20677745e-03]
 [3.30541201e-01 3.03764512e-01 4.32212367e-01 2.44696576e-01]]
Matrix Adv:
[[4.19377879e-01 3.87484421e-01 4.70384513e-01 5.17692643e-01]
 [3.17073764e-01 2.26608234e-01 2.40911551e-01 8.75671170e-02]
 [5.83166706e-01 1.09758801e-01 2.54193794e-01 6.83237866e-02]
 [3.71250041e-67 0.00000000e+00 0.00000000e+00 0.00000000e+00]]
--------------------------------------------------
[2026-05-14 15:23:07] ERROR: 
Matrix Ego:
[[4.19377603e-01 3.87484307e-01 4.70383558e-01 7.50660093e-05]
 [3.14546737e-01 2.26562244e-01 2.40859686e-01 5.12054615e-03]
 [5.78611511e-03 1.09535797e-01 2.53788668e-01 4.20677745e-03]
 [3.30541201e-01 3.03764512e-01 4.32212367e-01 2.44696576e-01]]
Matrix Adv:
[[4.19377879e-01 3.87484421e-01 4.70384513e-01 5.17692643e-01]
 [3.17073764e-01 2.26608234e-01 2.40911551e-01 8.75671170e-02]
 [5.83166706e-01 1.09758801e-01 2.54193794e-01 6.83237866e-02]
 [3.71250041e-67 0.00000000e+00 0.00000000e+00 0.00000000e+00]]
--------------------------------------------------
[2026-05-14 15:23:07] ERROR: 
Matrix Ego:
[[4.19377603e-01 3.87484307e-01 4.70383558e-01 7.50660093e-05]
 [3.14546737e-01 2.26562244e-01 2.40859686e-01 5.12054615e-03]
 [5.78611511e-03 1.09535797e-01 2.53788668e-01 4.00365474e-03]
 [3.30541201e-01 3.03764512e-01 4.32212367e-01 2.44696576e-01]]
Matrix Adv:
[[4.19377879e-01 3.87484421e-01 4.70384513e-01 5.17692643e-01]
 [3.17073764e-01 2.26608234e-01 2.40911551e-01 8.75671170e-02]
 [5.83166706e-01 1.09758801e-01 2.54193794e-01 7.06205471e-02]
 [3.71250041e-67 0.00000000e+00 0.00000000e+00 0.00000000e+00]]
--------------------------------------------------
[2026-05-14 15:23:07] ERROR: 
Matrix Ego:
[[4.19377603e-01 3.87484307e-01 4.70383558e-01 7.50660093e-05]
 [3.14546737e-01 2.26562244e-01 2.40859686e-01 5.12054615e-03]
 [5.78611511e-03 1.09535797e-01 2.53788668e-01 4.00365474e-03]
 [3.30541201e-01 3.03764512e-01 4.32212367e-01 2.44696576e-01]]
Matrix Adv:
[[4.19377879e-01 3.87484421e-01 4.70384513e-01 5.17692643e-01]
 [3.17073764e-01 2.26608234e-01 2.40911551e-01 8.75671170e-02]
 [5.83166706e-01 1.09758801e-01 2.54193794e-01 7.06205471e-02]
 [3.71250041e-67 0.00000000e+00 0.00000000e+00 0.00000000e+00]]
--------------------------------------------------
[2026-05-14 15:23:07] ERROR: 
Matrix Ego:
[[4.19377603e-01 3.87484307e-01 4.70383558e-01 7.50660093e-05]
 [3.14546737e-01 2.26562244e-01 2.40859686e-01 5.12054615e-03]
 [5.78611511e-03 1.09535797e-01 2.53788668e-01 4.00365474e-03]
 [3.29603361e-01 3.03764512e-01 4.32212367e-01 2.44696576e-01]]
Matrix Adv:
[[4.19377879e-01 3.87484421e-01 4.70384513e-01 5.17692643e-01]
 [3.17073764e-01 2.26608234e-01 2.40911551e-01 8.75671170e-02]
 [5.83166706e-01 1.09758801e-01 2.54193794e-01 7.06205471e-02]
 [3.34125037e-67 0.00000000e+00 0.00000000e+00 0.00000000e+00]]
--------------------------------------------------
[2026-05-14 15:23:07] ERROR: 
Matrix Ego:
[[4.19377603e-01 3.87484307e-01 4.70383558e-01 7.50660093e-05]
 [3.14546737e-01 2.26562244e-01 2.40859686e-01 5.12054615e-03]
 [5.78611511e-03 1.09535797e-01 2.53788668e-01 4.00365474e-03]
 [3.29603361e-01 3.03764512e-01 4.32212367e-01 2.44696576e-01]]
Matrix Adv:
[[4.19377879e-01 3.87484421e-01 4.70384513e-01 5.17692643e-01]
 [3.17073764e-01 2.26608234e-01 2.40911551e-01 8.75671170e-02]
 [5.83166706e-01 1.09758801e-01 2.54193794e-01 7.06205471e-02]
 [3.34125037e-67 0.00000000e+00 0.00000000e+00 0.00000000e+00]]
--------------------------------------------------
[2026-05-14 15:23:08] ERROR: 
Matrix Ego:
[[4.19377603e-01 3.87484307e-01 4.70383558e-01 7.50660093e-05]
 [3.14546737e-01 2.26562244e-01 2.40859686e-01 5.12054615e-03]
 [5.78611511e-03 1.09535797e-01 2.53788668e-01 4.00365474e-03]
 [3.28812320e-01 3.03764512e-01 4.32212367e-01 2.44696576e-01]]
Matrix Adv:
[[4.19377879e-01 3.87484421e-01 4.70384513e-01 5.17692643e-01]
 [3.17073764e-01 2.26608234e-01 2.40911551e-01 8.75671170e-02]
 [5.83166706e-01 1.09758801e-01 2.54193794e-01 7.06205471e-02]
 [3.00712533e-67 0.00000000e+00 0.00000000e+00 0.00000000e+00]]
--------------------------------------------------
[2026-05-14 15:23:08] ERROR: 
Matrix Ego:
[[4.19377603e-01 3.87484307e-01 4.70383558e-01 7.50660093e-05]
 [3.14546737e-01 2.26562244e-01 2.40859686e-01 5.12054615e-03]
 [5.78611511e-03 1.09535797e-01 2.53788668e-01 4.00365474e-03]
 [3.28812320e-01 3.03764512e-01 4.32212367e-01 2.44696576e-01]]
Matrix Adv:
[[4.19377879e-01 3.87484421e-01 4.70384513e-01 5.17692643e-01]
 [3.17073764e-01 2.26608234e-01 2.40911551e-01 8.75671170e-02]
 [5.83166706e-01 1.09758801e-01 2.54193794e-01 7.06205471e-02]
 [3.00712533e-67 0.00000000e+00 0.00000000e+00 0.00000000e+00]]
--------------------------------------------------
[2026-05-14 15:23:08] ERROR: 
Matrix Ego:
[[4.19377603e-01 3.87484307e-01 4.70383558e-01 7.50660093e-05]
 [3.14546737e-01 2.26562244e-01 2.40859686e-01 5.12054615e-03]
 [5.78611511e-03 1.09535797e-01 2.53788668e-01 4.00365474e-03]
 [3.28174022e-01 3.03764512e-01 4.32212367e-01 2.44696576e-01]]
Matrix Adv:
[[4.19377879e-01 3.87484421e-01 4.70384513e-01 5.17692643e-01]
 [3.17073764e-01 2.26608234e-01 2.40911551e-01 8.75671170e-02]
 [5.83166706e-01 1.09758801e-01 2.54193794e-01 7.06205471e-02]
 [2.70641280e-67 0.00000000e+00 0.00000000e+00 0.00000000e+00]]
--------------------------------------------------
[2026-05-14 15:23:08] ERROR: 
Matrix Ego:
[[4.19377603e-01 3.87484307e-01 4.70383558e-01 7.50660093e-05]
 [3.14546737e-01 2.26562244e-01 2.40859686e-01 5.12054615e-03]
 [5.78611511e-03 1.09535797e-01 2.53788668e-01 4.00365474e-03]
 [3.28174022e-01 3.03764512e-01 4.32212367e-01 2.44696576e-01]]
Matrix Adv:
[[4.19377879e-01 3.87484421e-01 4.70384513e-01 5.17692643e-01]
 [3.17073764e-01 2.26608234e-01 2.40911551e-01 8.75671170e-02]
 [5.83166706e-01 1.09758801e-01 2.54193794e-01 7.06205471e-02]
 [2.70641280e-67 0.00000000e+00 0.00000000e+00 0.00000000e+00]]
--------------------------------------------------
[2026-05-14 15:23:08] ERROR: 
Matrix Ego:
[[4.19377603e-01 3.87484307e-01 4.70383558e-01 7.50660093e-05]
 [3.14546737e-01 2.26562244e-01 2.40859686e-01 5.12054615e-03]
 [5.78611511e-03 1.09535797e-01 2.53788668e-01 4.00365474e-03]
 [3.27678043e-01 3.03764512e-01 4.32212367e-01 2.44696576e-01]]
Matrix Adv:
[[4.19377879e-01 3.87484421e-01 4.70384513e-01 5.17692643e-01]
 [3.17073764e-01 2.26608234e-01 2.40911551e-01 8.75671170e-02]
 [5.83166706e-01 1.09758801e-01 2.54193794e-01 7.06205471e-02]
 [2.43577152e-67 0.00000000e+00 0.00000000e+00 0.00000000e+00]]
--------------------------------------------------
[2026-05-14 15:23:08] ERROR: 
Matrix Ego:
[[4.19377603e-01 3.87484307e-01 4.70383558e-01 7.50660093e-05]
 [3.14546737e-01 2.26562244e-01 2.40859686e-01 5.12054615e-03]
 [5.78611511e-03 1.09535797e-01 2.53788668e-01 4.00365474e-03]
 [3.27678043e-01 3.03764512e-01 4.32212367e-01 2.44696576e-01]]
Matrix Adv:
[[4.19377879e-01 3.87484421e-01 4.70384513e-01 5.17692643e-01]
 [3.17073764e-01 2.26608234e-01 2.40911551e-01 8.75671170e-02]
 [5.83166706e-01 1.09758801e-01 2.54193794e-01 7.06205471e-02]
 [2.43577152e-67 0.00000000e+00 0.00000000e+00 0.00000000e+00]]
--------------------------------------------------
[2026-05-14 15:23:08] ERROR: 
Matrix Ego:
[[4.19377603e-01 3.87484307e-01 4.70383558e-01 7.50660093e-05]
 [3.14546737e-01 2.26562244e-01 2.40859686e-01 5.12054615e-03]
 [5.78611511e-03 1.09535797e-01 2.53788668e-01 4.00365474e-03]
 [3.27303409e-01 3.03764512e-01 4.32212367e-01 2.44696576e-01]]
Matrix Adv:
[[4.19377879e-01 3.87484421e-01 4.70384513e-01 5.17692643e-01]
 [3.17073764e-01 2.26608234e-01 2.40911551e-01 8.75671170e-02]
 [5.83166706e-01 1.09758801e-01 2.54193794e-01 7.06205471e-02]
 [2.19219437e-67 0.00000000e+00 0.00000000e+00 0.00000000e+00]]
--------------------------------------------------
[2026-05-14 15:23:08] ERROR: 
Matrix Ego:
[[4.19377603e-01 3.87484307e-01 4.70383558e-01 7.50660093e-05]
 [3.14546737e-01 2.26562244e-01 2.40859686e-01 5.12054615e-03]
 [5.78611511e-03 1.09535797e-01 2.53788668e-01 4.00365474e-03]
 [3.27303409e-01 3.03764512e-01 4.32212367e-01 2.44696576e-01]]
Matrix Adv:
[[4.19377879e-01 3.87484421e-01 4.70384513e-01 5.17692643e-01]
 [3.17073764e-01 2.26608234e-01 2.40911551e-01 8.75671170e-02]
 [5.83166706e-01 1.09758801e-01 2.54193794e-01 7.06205471e-02]
 [2.19219437e-67 0.00000000e+00 0.00000000e+00 0.00000000e+00]]
--------------------------------------------------
[2026-05-14 15:23:09] ERROR: 
Matrix Ego:
[[4.19377603e-01 3.87484307e-01 4.70383558e-01 7.50660093e-05]
 [3.14546737e-01 2.26562244e-01 2.40859686e-01 5.12054615e-03]
 [5.78611511e-03 1.09535797e-01 2.53788668e-01 4.00365474e-03]
 [3.27035639e-01 3.03764512e-01 4.32212367e-01 2.44696576e-01]]
Matrix Adv:
[[4.19377879e-01 3.87484421e-01 4.70384513e-01 5.17692643e-01]
 [3.17073764e-01 2.26608234e-01 2.40911551e-01 8.75671170e-02]
 [5.83166706e-01 1.09758801e-01 2.54193794e-01 7.06205471e-02]
 [1.97297493e-67 0.00000000e+00 0.00000000e+00 0.00000000e+00]]
--------------------------------------------------
[2026-05-14 15:23:09] ERROR: 
Matrix Ego:
[[4.19377603e-01 3.87484307e-01 4.70383558e-01 7.50660093e-05]
 [3.14546737e-01 2.26562244e-01 2.40859686e-01 5.12054615e-03]
 [5.78611511e-03 1.09535797e-01 2.53788668e-01 4.00365474e-03]
 [3.27035639e-01 3.03764512e-01 4.32212367e-01 2.44696576e-01]]
Matrix Adv:
[[4.19377879e-01 3.87484421e-01 4.70384513e-01 5.17692643e-01]
 [3.17073764e-01 2.26608234e-01 2.40911551e-01 8.75671170e-02]
 [5.83166706e-01 1.09758801e-01 2.54193794e-01 7.06205471e-02]
 [1.97297493e-67 0.00000000e+00 0.00000000e+00 0.00000000e+00]]
--------------------------------------------------
[2026-05-14 15:23:09] ERROR: 
Matrix Ego:
[[4.19377603e-01 3.87484307e-01 4.70383558e-01 7.50660093e-05]
 [3.14546737e-01 2.26562244e-01 2.40859686e-01 5.12054615e-03]
 [5.78611511e-03 1.09535797e-01 2.53788668e-01 3.80645747e-03]
 [3.27035639e-01 3.03764512e-01 4.32212367e-01 2.44696576e-01]]
Matrix Adv:
[[4.19377879e-01 3.87484421e-01 4.70384513e-01 5.17692643e-01]
 [3.17073764e-01 2.26608234e-01 2.40911551e-01 8.75671170e-02]
 [5.83166706e-01 1.09758801e-01 2.54193794e-01 7.28375354e-02]
 [1.97297493e-67 0.00000000e+00 0.00000000e+00 0.00000000e+00]]
--------------------------------------------------
[2026-05-14 15:23:09] ERROR: 
Matrix Ego:
[[4.19377603e-01 3.87484307e-01 4.70383558e-01 7.50660093e-05]
 [3.14546737e-01 2.26562244e-01 2.40859686e-01 5.12054615e-03]
 [5.78611511e-03 1.09535797e-01 2.53788668e-01 3.80645747e-03]
 [3.27035639e-01 3.03764512e-01 4.32212367e-01 2.44696576e-01]]
Matrix Adv:
[[4.19377879e-01 3.87484421e-01 4.70384513e-01 5.17692643e-01]
 [3.17073764e-01 2.26608234e-01 2.40911551e-01 8.75671170e-02]
 [5.83166706e-01 1.09758801e-01 2.54193794e-01 7.28375354e-02]
 [1.97297493e-67 0.00000000e+00 0.00000000e+00 0.00000000e+00]]
--------------------------------------------------
[2026-05-14 15:23:09] ERROR: 
Matrix Ego:
[[4.19377603e-01 3.87484307e-01 4.70383558e-01 7.50660093e-05]
 [3.14546737e-01 2.26562244e-01 2.40859686e-01 5.12054615e-03]
 [5.78611511e-03 1.09535797e-01 2.53788668e-01 3.80645747e-03]
 [3.27055148e-01 3.03764512e-01 4.32212367e-01 2.44696576e-01]]
Matrix Adv:
[[4.19377879e-01 3.87484421e-01 4.70384513e-01 5.17692643e-01]
 [3.17073764e-01 2.26608234e-01 2.40911551e-01 8.75671170e-02]
 [5.83166706e-01 1.09758801e-01 2.54193794e-01 7.28375354e-02]
 [1.77567744e-67 0.00000000e+00 0.00000000e+00 0.00000000e+00]]
--------------------------------------------------
[2026-05-14 15:23:09] ERROR: 
Matrix Ego:
[[4.19377603e-01 3.87484307e-01 4.70383558e-01 7.50660093e-05]
 [3.14546737e-01 2.26562244e-01 2.40859686e-01 5.12054615e-03]
 [5.78611511e-03 1.09535797e-01 2.53788668e-01 3.80645747e-03]
 [3.27055148e-01 3.03764512e-01 4.32212367e-01 2.44696576e-01]]
Matrix Adv:
[[4.19377879e-01 3.87484421e-01 4.70384513e-01 5.17692643e-01]
 [3.17073764e-01 2.26608234e-01 2.40911551e-01 8.75671170e-02]
 [5.83166706e-01 1.09758801e-01 2.54193794e-01 7.28375354e-02]
 [1.77567744e-67 0.00000000e+00 0.00000000e+00 0.00000000e+00]]
--------------------------------------------------
[2026-05-14 15:23:09] ERROR: 
Matrix Ego:
[[4.19377603e-01 3.87484307e-01 4.70383558e-01 7.50660093e-05]
 [3.14546737e-01 2.26562244e-01 2.40859686e-01 5.12054615e-03]
 [5.78611511e-03 1.09535797e-01 2.53788668e-01 3.80645747e-03]
 [3.27485632e-01 3.03764512e-01 4.32212367e-01 2.44696576e-01]]
Matrix Adv:
[[4.19377879e-01 3.87484421e-01 4.70384513e-01 5.17692643e-01]
 [3.17073764e-01 2.26608234e-01 2.40911551e-01 8.75671170e-02]
 [5.83166706e-01 1.09758801e-01 2.54193794e-01 7.28375354e-02]
 [1.59810970e-67 0.00000000e+00 0.00000000e+00 0.00000000e+00]]
--------------------------------------------------
[2026-05-14 15:23:09] ERROR: 
Matrix Ego:
[[4.19377603e-01 3.87484307e-01 4.70383558e-01 7.50660093e-05]
 [3.14546737e-01 2.26562244e-01 2.40859686e-01 5.12054615e-03]
 [5.78611511e-03 1.09535797e-01 2.53788668e-01 3.80645747e-03]
 [3.27485632e-01 3.03764512e-01 4.32212367e-01 2.44696576e-01]]
Matrix Adv:
[[4.19377879e-01 3.87484421e-01 4.70384513e-01 5.17692643e-01]
 [3.17073764e-01 2.26608234e-01 2.40911551e-01 8.75671170e-02]
 [5.83166706e-01 1.09758801e-01 2.54193794e-01 7.28375354e-02]
 [1.59810970e-67 0.00000000e+00 0.00000000e+00 0.00000000e+00]]
--------------------------------------------------
[2026-05-14 15:23:10] ERROR: 
Matrix Ego:
[[4.19377603e-01 3.87484307e-01 4.70383558e-01 7.50660093e-05]
 [3.14546737e-01 2.26562244e-01 2.40859686e-01 5.12054615e-03]
 [5.78611511e-03 1.09535797e-01 2.53788668e-01 3.80645747e-03]
 [3.27485632e-01 3.03764512e-01 4.26324022e-01 2.44696576e-01]]
Matrix Adv:
[[4.19377879e-01 3.87484421e-01 4.70384513e-01 5.17692643e-01]
 [3.17073764e-01 2.26608234e-01 2.40911551e-01 8.75671170e-02]
 [5.83166706e-01 1.09758801e-01 2.54193794e-01 7.28375354e-02]
 [1.59810970e-67 0.00000000e+00 0.00000000e+00 0.00000000e+00]]
--------------------------------------------------
[2026-05-14 15:23:10] ERROR: 
Matrix Ego:
[[4.19377603e-01 3.87484307e-01 4.70383558e-01 7.50660093e-05]
 [3.14546737e-01 2.26562244e-01 2.40859686e-01 5.12054615e-03]
 [5.78611511e-03 1.09535797e-01 2.53788668e-01 3.80645747e-03]
 [3.27485632e-01 3.03764512e-01 4.26324022e-01 2.44696576e-01]]
Matrix Adv:
[[4.19377879e-01 3.87484421e-01 4.70384513e-01 5.17692643e-01]
 [3.17073764e-01 2.26608234e-01 2.40911551e-01 8.75671170e-02]
 [5.83166706e-01 1.09758801e-01 2.54193794e-01 7.28375354e-02]
 [1.59810970e-67 0.00000000e+00 0.00000000e+00 0.00000000e+00]]
--------------------------------------------------
[2026-05-14 15:23:10] ERROR: 
Matrix Ego:
[[4.19377603e-01 3.87484307e-01 4.70383558e-01 7.50660093e-05]
 [3.14546737e-01 2.26562244e-01 2.40859686e-01 5.12054615e-03]
 [5.78611511e-03 1.09535797e-01 2.53788668e-01 3.80645747e-03]
 [3.28405545e-01 3.03764512e-01 4.26324022e-01 2.44696576e-01]]
Matrix Adv:
[[4.19377879e-01 3.87484421e-01 4.70384513e-01 5.17692643e-01]
 [3.17073764e-01 2.26608234e-01 2.40911551e-01 8.75671170e-02]
 [5.83166706e-01 1.09758801e-01 2.54193794e-01 7.28375354e-02]
 [1.43829873e-67 0.00000000e+00 0.00000000e+00 0.00000000e+00]]
--------------------------------------------------
[2026-05-14 15:23:10] ERROR: 
Matrix Ego:
[[4.19377603e-01 3.87484307e-01 4.70383558e-01 7.50660093e-05]
 [3.14546737e-01 2.26562244e-01 2.40859686e-01 5.12054615e-03]
 [5.78611511e-03 1.09535797e-01 2.53788668e-01 3.80645747e-03]
 [3.28405545e-01 3.03764512e-01 4.26324022e-01 2.44696576e-01]]
Matrix Adv:
[[4.19377879e-01 3.87484421e-01 4.70384513e-01 5.17692643e-01]
 [3.17073764e-01 2.26608234e-01 2.40911551e-01 8.75671170e-02]
 [5.83166706e-01 1.09758801e-01 2.54193794e-01 7.28375354e-02]
 [1.43829873e-67 0.00000000e+00 0.00000000e+00 0.00000000e+00]]
--------------------------------------------------
[2026-05-14 15:23:10] ERROR: 
Matrix Ego:
[[4.19377603e-01 3.87484307e-01 4.70383558e-01 7.50660093e-05]
 [3.14546737e-01 2.26562244e-01 2.40859686e-01 5.17617691e-03]
 [5.78611511e-03 1.09535797e-01 2.53788668e-01 3.80645747e-03]
 [3.28405545e-01 3.03764512e-01 4.26324022e-01 2.44696576e-01]]
Matrix Adv:
[[4.19377879e-01 3.87484421e-01 4.70384513e-01 5.17692643e-01]
 [3.17073764e-01 2.26608234e-01 2.40911551e-01 8.86761656e-02]
 [5.83166706e-01 1.09758801e-01 2.54193794e-01 7.28375354e-02]
 [1.43829873e-67 0.00000000e+00 0.00000000e+00 0.00000000e+00]]
--------------------------------------------------
[2026-05-14 15:23:10] ERROR: 
Matrix Ego:
[[4.19377603e-01 3.87484307e-01 4.70383558e-01 7.50660093e-05]
 [3.14546737e-01 2.26562244e-01 2.40859686e-01 5.17617691e-03]
 [5.78611511e-03 1.09535797e-01 2.53788668e-01 3.80645747e-03]
 [3.28405545e-01 3.03764512e-01 4.26324022e-01 2.44696576e-01]]
Matrix Adv:
[[4.19377879e-01 3.87484421e-01 4.70384513e-01 5.17692643e-01]
 [3.17073764e-01 2.26608234e-01 2.40911551e-01 8.86761656e-02]
 [5.83166706e-01 1.09758801e-01 2.54193794e-01 7.28375354e-02]
 [1.43829873e-67 0.00000000e+00 0.00000000e+00 0.00000000e+00]]
--------------------------------------------------
[2026-05-14 15:23:10] ERROR: 
Matrix Ego:
[[4.19377603e-01 3.87484307e-01 4.70383558e-01 7.50660093e-05]
 [3.14546737e-01 2.26562244e-01 2.40859686e-01 5.17617691e-03]
 [5.78611511e-03 1.09535797e-01 2.53788668e-01 3.80645747e-03]
 [3.29233466e-01 3.03764512e-01 4.26324022e-01 2.44696576e-01]]
Matrix Adv:
[[4.19377879e-01 3.87484421e-01 4.70384513e-01 5.17692643e-01]
 [3.17073764e-01 2.26608234e-01 2.40911551e-01 8.86761656e-02]
 [5.83166706e-01 1.09758801e-01 2.54193794e-01 7.28375354e-02]
 [1.29446885e-67 0.00000000e+00 0.00000000e+00 0.00000000e+00]]
--------------------------------------------------
[2026-05-14 15:23:10] ERROR: 
Matrix Ego:
[[4.19377603e-01 3.87484307e-01 4.70383558e-01 7.50660093e-05]
 [3.14546737e-01 2.26562244e-01 2.40859686e-01 5.17617691e-03]
 [5.78611511e-03 1.09535797e-01 2.53788668e-01 3.80645747e-03]
 [3.29233466e-01 3.03764512e-01 4.26324022e-01 2.44696576e-01]]
Matrix Adv:
[[4.19377879e-01 3.87484421e-01 4.70384513e-01 5.17692643e-01]
 [3.17073764e-01 2.26608234e-01 2.40911551e-01 8.86761656e-02]
 [5.83166706e-01 1.09758801e-01 2.54193794e-01 7.28375354e-02]
 [1.29446885e-67 0.00000000e+00 0.00000000e+00 0.00000000e+00]]
--------------------------------------------------
[2026-05-14 15:23:10] ERROR: 
Matrix Ego:
[[4.19377603e-01 3.87484307e-01 4.70383558e-01 7.50660093e-05]
 [3.14546737e-01 2.26562244e-01 2.40859686e-01 5.17617691e-03]
 [5.78611511e-03 1.09535797e-01 2.53788668e-01 3.80645747e-03]
 [3.29978595e-01 3.03764512e-01 4.26324022e-01 2.44696576e-01]]
Matrix Adv:
[[4.19377879e-01 3.87484421e-01 4.70384513e-01 5.17692643e-01]
 [3.17073764e-01 2.26608234e-01 2.40911551e-01 8.86761656e-02]
 [5.83166706e-01 1.09758801e-01 2.54193794e-01 7.28375354e-02]
 [1.16502197e-67 0.00000000e+00 0.00000000e+00 0.00000000e+00]]
--------------------------------------------------
[2026-05-14 15:23:10] ERROR: 
Matrix Ego:
[[4.19377603e-01 3.87484307e-01 4.70383558e-01 7.50660093e-05]
 [3.14546737e-01 2.26562244e-01 2.40859686e-01 5.17617691e-03]
 [5.78611511e-03 1.09535797e-01 2.53788668e-01 3.80645747e-03]
 [3.29978595e-01 3.03764512e-01 4.26324022e-01 2.44696576e-01]]
Matrix Adv:
[[4.19377879e-01 3.87484421e-01 4.70384513e-01 5.17692643e-01]
 [3.17073764e-01 2.26608234e-01 2.40911551e-01 8.86761656e-02]
 [5.83166706e-01 1.09758801e-01 2.54193794e-01 7.28375354e-02]
 [1.16502197e-67 0.00000000e+00 0.00000000e+00 0.00000000e+00]]
--------------------------------------------------
[2026-05-14 15:23:10] ERROR: 
Matrix Ego:
[[4.19377603e-01 3.87484307e-01 4.70383558e-01 7.50660093e-05]
 [3.14546737e-01 2.26562244e-01 2.40859686e-01 5.17617691e-03]
 [5.78611511e-03 1.09535797e-01 2.53788668e-01 3.80645747e-03]
 [3.31404029e-01 3.03764512e-01 4.26324022e-01 2.44696576e-01]]
Matrix Adv:
[[4.19377879e-01 3.87484421e-01 4.70384513e-01 5.17692643e-01]
 [3.17073764e-01 2.26608234e-01 2.40911551e-01 8.86761656e-02]
 [5.83166706e-01 1.09758801e-01 2.54193794e-01 7.28375354e-02]
 [1.04851977e-67 0.00000000e+00 0.00000000e+00 0.00000000e+00]]
--------------------------------------------------
[2026-05-14 15:23:10] ERROR: 
Matrix Ego:
[[4.19377603e-01 3.87484307e-01 4.70383558e-01 7.50660093e-05]
 [3.14546737e-01 2.26562244e-01 2.40859686e-01 5.17617691e-03]
 [5.78611511e-03 1.09535797e-01 2.53788668e-01 3.80645747e-03]
 [3.31404029e-01 3.03764512e-01 4.26324022e-01 2.44696576e-01]]
Matrix Adv:
[[4.19377879e-01 3.87484421e-01 4.70384513e-01 5.17692643e-01]
 [3.17073764e-01 2.26608234e-01 2.40911551e-01 8.86761656e-02]
 [5.83166706e-01 1.09758801e-01 2.54193794e-01 7.28375354e-02]
 [1.04851977e-67 0.00000000e+00 0.00000000e+00 0.00000000e+00]]
--------------------------------------------------
[2026-05-14 15:23:11] ERROR: 
Matrix Ego:
[[4.19377603e-01 3.87484307e-01 4.70383558e-01 7.50660093e-05]
 [3.14546737e-01 2.26562244e-01 2.40859686e-01 5.17617691e-03]
 [5.78611511e-03 1.09535797e-01 2.53788668e-01 3.80645747e-03]
 [3.33483984e-01 3.03764512e-01 4.26324022e-01 2.44696576e-01]]
Matrix Adv:
[[4.19377879e-01 3.87484421e-01 4.70384513e-01 5.17692643e-01]
 [3.17073764e-01 2.26608234e-01 2.40911551e-01 8.86761656e-02]
 [5.83166706e-01 1.09758801e-01 2.54193794e-01 7.28375354e-02]
 [9.43667794e-68 0.00000000e+00 0.00000000e+00 0.00000000e+00]]
--------------------------------------------------
[2026-05-14 15:23:11] ERROR: 
Matrix Ego:
[[4.19377603e-01 3.87484307e-01 4.70383558e-01 7.50660093e-05]
 [3.14546737e-01 2.26562244e-01 2.40859686e-01 5.17617691e-03]
 [5.78611511e-03 1.09535797e-01 2.53788668e-01 3.80645747e-03]
 [3.33483984e-01 3.03764512e-01 4.26324022e-01 2.44696576e-01]]
Matrix Adv:
[[4.19377879e-01 3.87484421e-01 4.70384513e-01 5.17692643e-01]
 [3.17073764e-01 2.26608234e-01 2.40911551e-01 8.86761656e-02]
 [5.83166706e-01 1.09758801e-01 2.54193794e-01 7.28375354e-02]
 [9.43667794e-68 0.00000000e+00 0.00000000e+00 0.00000000e+00]]
--------------------------------------------------
[2026-05-14 15:23:11] ERROR: 
Matrix Ego:
[[4.19377603e-01 3.87484307e-01 4.70383558e-01 7.50660093e-05]
 [3.14546737e-01 2.26562244e-01 2.40859686e-01 5.17617691e-03]
 [5.78611511e-03 1.09535797e-01 2.53788668e-01 3.80645747e-03]
 [3.35355943e-01 3.03764512e-01 4.26324022e-01 2.44696576e-01]]
Matrix Adv:
[[4.19377879e-01 3.87484421e-01 4.70384513e-01 5.17692643e-01]
 [3.17073764e-01 2.26608234e-01 2.40911551e-01 8.86761656e-02]
 [5.83166706e-01 1.09758801e-01 2.54193794e-01 7.28375354e-02]
 [8.49301014e-68 0.00000000e+00 0.00000000e+00 0.00000000e+00]]
--------------------------------------------------
[2026-05-14 15:23:11] ERROR: 
Matrix Ego:
[[4.19377603e-01 3.87484307e-01 4.70383558e-01 7.50660093e-05]
 [3.14546737e-01 2.26562244e-01 2.40859686e-01 5.17617691e-03]
 [5.78611511e-03 1.09535797e-01 2.53788668e-01 3.80645747e-03]
 [3.35355943e-01 3.03764512e-01 4.26324022e-01 2.44696576e-01]]
Matrix Adv:
[[4.19377879e-01 3.87484421e-01 4.70384513e-01 5.17692643e-01]
 [3.17073764e-01 2.26608234e-01 2.40911551e-01 8.86761656e-02]
 [5.83166706e-01 1.09758801e-01 2.54193794e-01 7.28375354e-02]
 [8.49301014e-68 0.00000000e+00 0.00000000e+00 0.00000000e+00]]
--------------------------------------------------
[2026-05-14 15:23:11] ERROR: 
Matrix Ego:
[[4.19377603e-01 3.87484307e-01 4.70383558e-01 7.50660093e-05]
 [3.14546737e-01 2.26562244e-01 2.40859686e-01 5.17617691e-03]
 [5.78611511e-03 1.09535797e-01 2.53788668e-01 3.80645747e-03]
 [3.35355943e-01 3.05735943e-01 4.26324022e-01 2.44696576e-01]]
Matrix Adv:
[[4.19377879e-01 3.87484421e-01 4.70384513e-01 5.17692643e-01]
 [3.17073764e-01 2.26608234e-01 2.40911551e-01 8.86761656e-02]
 [5.83166706e-01 1.09758801e-01 2.54193794e-01 7.28375354e-02]
 [8.49301014e-68 0.00000000e+00 0.00000000e+00 0.00000000e+00]]
--------------------------------------------------
[2026-05-14 15:23:11] ERROR: 
Matrix Ego:
[[4.19377603e-01 3.87484307e-01 4.70383558e-01 7.50660093e-05]
 [3.14546737e-01 2.26562244e-01 2.40859686e-01 5.17617691e-03]
 [5.78611511e-03 1.09535797e-01 2.53788668e-01 3.80645747e-03]
 [3.35355943e-01 3.05735943e-01 4.26324022e-01 2.44696576e-01]]
Matrix Adv:
[[4.19377879e-01 3.87484421e-01 4.70384513e-01 5.17692643e-01]
 [3.17073764e-01 2.26608234e-01 2.40911551e-01 8.86761656e-02]
 [5.83166706e-01 1.09758801e-01 2.54193794e-01 7.28375354e-02]
 [8.49301014e-68 0.00000000e+00 0.00000000e+00 0.00000000e+00]]
--------------------------------------------------
[2026-05-14 15:23:12] ERROR: 
Matrix Ego:
[[4.19377603e-01 3.87484307e-01 4.70383558e-01 7.50660093e-05]
 [3.22250100e-01 2.26562244e-01 2.40859686e-01 5.17617691e-03]
 [5.78611511e-03 1.09535797e-01 2.53788668e-01 3.80645747e-03]
 [3.35355943e-01 3.05735943e-01 4.26324022e-01 2.44696576e-01]]
Matrix Adv:
[[4.19377879e-01 3.87484421e-01 4.70384513e-01 5.17692643e-01]
 [3.24624673e-01 2.26608234e-01 2.40911551e-01 8.86761656e-02]
 [5.83166706e-01 1.09758801e-01 2.54193794e-01 7.28375354e-02]
 [8.49301014e-68 0.00000000e+00 0.00000000e+00 0.00000000e+00]]
--------------------------------------------------
[2026-05-14 15:23:12] ERROR: 
Matrix Ego:
[[4.19377603e-01 3.87484307e-01 4.70383558e-01 7.50660093e-05]
 [3.22250100e-01 2.26562244e-01 2.40859686e-01 5.17617691e-03]
 [5.78611511e-03 1.09535797e-01 2.53788668e-01 3.80645747e-03]
 [3.35355943e-01 3.05735943e-01 4.26324022e-01 2.44696576e-01]]
Matrix Adv:
[[4.19377879e-01 3.87484421e-01 4.70384513e-01 5.17692643e-01]
 [3.24624673e-01 2.26608234e-01 2.40911551e-01 8.86761656e-02]
 [5.83166706e-01 1.09758801e-01 2.54193794e-01 7.28375354e-02]
 [8.49301014e-68 0.00000000e+00 0.00000000e+00 0.00000000e+00]]
--------------------------------------------------
[2026-05-14 15:23:12] ERROR: 
Matrix Ego:
[[4.19377603e-01 3.87484307e-01 4.70383558e-01 7.50660093e-05]
 [3.22250100e-01 2.26562244e-01 2.40859686e-01 5.17617691e-03]
 [5.78611511e-03 1.09535797e-01 2.53788668e-01 3.80645747e-03]
 [3.37864022e-01 3.05735943e-01 4.26324022e-01 2.44696576e-01]]
Matrix Adv:
[[4.19377879e-01 3.87484421e-01 4.70384513e-01 5.17692643e-01]
 [3.24624673e-01 2.26608234e-01 2.40911551e-01 8.86761656e-02]
 [5.83166706e-01 1.09758801e-01 2.54193794e-01 7.28375354e-02]
 [7.64370913e-68 0.00000000e+00 0.00000000e+00 0.00000000e+00]]
--------------------------------------------------
[2026-05-14 15:23:12] ERROR: 
Matrix Ego:
[[4.19377603e-01 3.87484307e-01 4.70383558e-01 7.50660093e-05]
 [3.22250100e-01 2.26562244e-01 2.40859686e-01 5.17617691e-03]
 [5.78611511e-03 1.09535797e-01 2.53788668e-01 3.80645747e-03]
 [3.37864022e-01 3.05735943e-01 4.26324022e-01 2.44696576e-01]]
Matrix Adv:
[[4.19377879e-01 3.87484421e-01 4.70384513e-01 5.17692643e-01]
 [3.24624673e-01 2.26608234e-01 2.40911551e-01 8.86761656e-02]
 [5.83166706e-01 1.09758801e-01 2.54193794e-01 7.28375354e-02]
 [7.64370913e-68 0.00000000e+00 0.00000000e+00 0.00000000e+00]]
--------------------------------------------------
[2026-05-14 15:23:12] ERROR: 
Matrix Ego:
[[4.19377603e-01 3.87484307e-01 4.70383558e-01 7.50660093e-05]
 [3.22250100e-01 2.26562244e-01 2.40859686e-01 5.17617691e-03]
 [5.78611511e-03 1.09535797e-01 2.53788668e-01 3.80645747e-03]
 [3.40121293e-01 3.05735943e-01 4.26324022e-01 2.44696576e-01]]
Matrix Adv:
[[4.19377879e-01 3.87484421e-01 4.70384513e-01 5.17692643e-01]
 [3.24624673e-01 2.26608234e-01 2.40911551e-01 8.86761656e-02]
 [5.83166706e-01 1.09758801e-01 2.54193794e-01 7.28375354e-02]
 [6.87933822e-68 0.00000000e+00 0.00000000e+00 0.00000000e+00]]
--------------------------------------------------
[2026-05-14 15:23:12] ERROR: 
Matrix Ego:
[[4.19377603e-01 3.87484307e-01 4.70383558e-01 7.50660093e-05]
 [3.22250100e-01 2.26562244e-01 2.40859686e-01 5.17617691e-03]
 [5.78611511e-03 1.09535797e-01 2.53788668e-01 3.80645747e-03]
 [3.40121293e-01 3.05735943e-01 4.26324022e-01 2.44696576e-01]]
Matrix Adv:
[[4.19377879e-01 3.87484421e-01 4.70384513e-01 5.17692643e-01]
 [3.24624673e-01 2.26608234e-01 2.40911551e-01 8.86761656e-02]
 [5.83166706e-01 1.09758801e-01 2.54193794e-01 7.28375354e-02]
 [6.87933822e-68 0.00000000e+00 0.00000000e+00 0.00000000e+00]]
--------------------------------------------------
[2026-05-14 15:23:12] ERROR: 
Matrix Ego:
[[4.19377603e-01 3.87484307e-01 4.70383558e-01 7.50660093e-05]
 [3.22250100e-01 2.26562244e-01 2.40859686e-01 5.17617691e-03]
 [5.78611511e-03 1.09535797e-01 2.53788668e-01 3.80645747e-03]
 [3.42849317e-01 3.05735943e-01 4.26324022e-01 2.44696576e-01]]
Matrix Adv:
[[4.19377879e-01 3.87484421e-01 4.70384513e-01 5.17692643e-01]
 [3.24624673e-01 2.26608234e-01 2.40911551e-01 8.86761656e-02]
 [5.83166706e-01 1.09758801e-01 2.54193794e-01 7.28375354e-02]
 [6.19140440e-68 0.00000000e+00 0.00000000e+00 0.00000000e+00]]
--------------------------------------------------
[2026-05-14 15:23:12] ERROR: 
Matrix Ego:
[[4.19377603e-01 3.87484307e-01 4.70383558e-01 7.50660093e-05]
 [3.22250100e-01 2.26562244e-01 2.40859686e-01 5.17617691e-03]
 [5.78611511e-03 1.09535797e-01 2.53788668e-01 3.80645747e-03]
 [3.42849317e-01 3.05735943e-01 4.26324022e-01 2.44696576e-01]]
Matrix Adv:
[[4.19377879e-01 3.87484421e-01 4.70384513e-01 5.17692643e-01]
 [3.24624673e-01 2.26608234e-01 2.40911551e-01 8.86761656e-02]
 [5.83166706e-01 1.09758801e-01 2.54193794e-01 7.28375354e-02]
 [6.19140440e-68 0.00000000e+00 0.00000000e+00 0.00000000e+00]]
--------------------------------------------------
[2026-05-14 15:23:12] ERROR: 
Matrix Ego:
[[4.19377603e-01 3.87484307e-01 4.70383558e-01 7.50660093e-05]
 [3.22250100e-01 2.26562244e-01 2.40859686e-01 5.17617691e-03]
 [5.78611511e-03 1.09535797e-01 2.53788668e-01 3.80645747e-03]
 [3.45931371e-01 3.05735943e-01 4.26324022e-01 2.44696576e-01]]
Matrix Adv:
[[4.19377879e-01 3.87484421e-01 4.70384513e-01 5.17692643e-01]
 [3.24624673e-01 2.26608234e-01 2.40911551e-01 8.86761656e-02]
 [5.83166706e-01 1.09758801e-01 2.54193794e-01 7.28375354e-02]
 [5.57226396e-68 0.00000000e+00 0.00000000e+00 0.00000000e+00]]
--------------------------------------------------
[2026-05-14 15:23:12] ERROR: 
Matrix Ego:
[[4.19377603e-01 3.87484307e-01 4.70383558e-01 7.50660093e-05]
 [3.22250100e-01 2.26562244e-01 2.40859686e-01 5.17617691e-03]
 [5.78611511e-03 1.09535797e-01 2.53788668e-01 3.80645747e-03]
 [3.45931371e-01 3.05735943e-01 4.26324022e-01 2.44696576e-01]]
Matrix Adv:
[[4.19377879e-01 3.87484421e-01 4.70384513e-01 5.17692643e-01]
 [3.24624673e-01 2.26608234e-01 2.40911551e-01 8.86761656e-02]
 [5.83166706e-01 1.09758801e-01 2.54193794e-01 7.28375354e-02]
 [5.57226396e-68 0.00000000e+00 0.00000000e+00 0.00000000e+00]]
--------------------------------------------------
[2026-05-14 15:23:13] ERROR: 
Matrix Ego:
[[4.19377603e-01 3.87484307e-01 4.70383558e-01 7.50660093e-05]
 [3.22250100e-01 2.26562244e-01 2.40859686e-01 5.17617691e-03]
 [5.78611511e-03 1.09535797e-01 2.53788668e-01 3.80645747e-03]
 [3.49369570e-01 3.05735943e-01 4.26324022e-01 2.44696576e-01]]
Matrix Adv:
[[4.19377879e-01 3.87484421e-01 4.70384513e-01 5.17692643e-01]
 [3.24624673e-01 2.26608234e-01 2.40911551e-01 8.86761656e-02]
 [5.83166706e-01 1.09758801e-01 2.54193794e-01 7.28375354e-02]
 [5.01503756e-68 0.00000000e+00 0.00000000e+00 0.00000000e+00]]
--------------------------------------------------
[2026-05-14 15:23:13] ERROR: 
Matrix Ego:
[[4.19377603e-01 3.87484307e-01 4.70383558e-01 7.50660093e-05]
 [3.22250100e-01 2.26562244e-01 2.40859686e-01 5.17617691e-03]
 [5.78611511e-03 1.09535797e-01 2.53788668e-01 3.80645747e-03]
 [3.49369570e-01 3.05735943e-01 4.26324022e-01 2.44696576e-01]]
Matrix Adv:
[[4.19377879e-01 3.87484421e-01 4.70384513e-01 5.17692643e-01]
 [3.24624673e-01 2.26608234e-01 2.40911551e-01 8.86761656e-02]
 [5.83166706e-01 1.09758801e-01 2.54193794e-01 7.28375354e-02]
 [5.01503756e-68 0.00000000e+00 0.00000000e+00 0.00000000e+00]]
--------------------------------------------------
[2026-05-14 15:23:13] ERROR: 
Matrix Ego:
[[4.19377603e-01 3.87484307e-01 4.70383558e-01 7.50660093e-05]
 [3.22250100e-01 2.26562244e-01 2.40859686e-01 5.17617691e-03]
 [5.78611511e-03 1.09535797e-01 2.53788668e-01 3.80645747e-03]
 [3.53152151e-01 3.05735943e-01 4.26324022e-01 2.44696576e-01]]
Matrix Adv:
[[4.19377879e-01 3.87484421e-01 4.70384513e-01 5.17692643e-01]
 [3.24624673e-01 2.26608234e-01 2.40911551e-01 8.86761656e-02]
 [5.83166706e-01 1.09758801e-01 2.54193794e-01 7.28375354e-02]
 [4.51353380e-68 0.00000000e+00 0.00000000e+00 0.00000000e+00]]
--------------------------------------------------
[2026-05-14 15:23:13] ERROR: 
Matrix Ego:
[[4.19377603e-01 3.87484307e-01 4.70383558e-01 7.50660093e-05]
 [3.22250100e-01 2.26562244e-01 2.40859686e-01 5.17617691e-03]
 [5.78611511e-03 1.09535797e-01 2.53788668e-01 3.80645747e-03]
 [3.53152151e-01 3.05735943e-01 4.26324022e-01 2.44696576e-01]]
Matrix Adv:
[[4.19377879e-01 3.87484421e-01 4.70384513e-01 5.17692643e-01]
 [3.24624673e-01 2.26608234e-01 2.40911551e-01 8.86761656e-02]
 [5.83166706e-01 1.09758801e-01 2.54193794e-01 7.28375354e-02]
 [4.51353380e-68 0.00000000e+00 0.00000000e+00 0.00000000e+00]]
--------------------------------------------------
[2026-05-14 15:23:13] ERROR: 
Matrix Ego:
[[4.19377603e-01 3.87484307e-01 4.70383558e-01 7.50660093e-05]
 [3.22250100e-01 2.26562244e-01 2.40859686e-01 5.17617691e-03]
 [5.78611511e-03 1.09535797e-01 2.53788668e-01 3.80645747e-03]
 [3.57257211e-01 3.05735943e-01 4.26324022e-01 2.44696576e-01]]
Matrix Adv:
[[4.19377879e-01 3.87484421e-01 4.70384513e-01 5.17692643e-01]
 [3.24624673e-01 2.26608234e-01 2.40911551e-01 8.86761656e-02]
 [5.83166706e-01 1.09758801e-01 2.54193794e-01 7.28375354e-02]
 [4.06218042e-68 0.00000000e+00 0.00000000e+00 0.00000000e+00]]
--------------------------------------------------
[2026-05-14 15:23:13] ERROR: 
Matrix Ego:
[[4.19377603e-01 3.87484307e-01 4.70383558e-01 7.50660093e-05]
 [3.22250100e-01 2.26562244e-01 2.40859686e-01 5.17617691e-03]
 [5.78611511e-03 1.09535797e-01 2.53788668e-01 3.80645747e-03]
 [3.57257211e-01 3.05735943e-01 4.26324022e-01 2.44696576e-01]]
Matrix Adv:
[[4.19377879e-01 3.87484421e-01 4.70384513e-01 5.17692643e-01]
 [3.24624673e-01 2.26608234e-01 2.40911551e-01 8.86761656e-02]
 [5.83166706e-01 1.09758801e-01 2.54193794e-01 7.28375354e-02]
 [4.06218042e-68 0.00000000e+00 0.00000000e+00 0.00000000e+00]]
--------------------------------------------------
[2026-05-14 15:23:14] ERROR: 
Matrix Ego:
[[4.19377603e-01 3.87484307e-01 4.70383558e-01 7.50660093e-05]
 [3.22250100e-01 2.26562244e-01 2.40859686e-01 5.17617691e-03]
 [5.78611511e-03 1.09535797e-01 2.53788668e-01 3.80645747e-03]
 [3.61655735e-01 3.05735943e-01 4.26324022e-01 2.44696576e-01]]
Matrix Adv:
[[4.19377879e-01 3.87484421e-01 4.70384513e-01 5.17692643e-01]
 [3.24624673e-01 2.26608234e-01 2.40911551e-01 8.86761656e-02]
 [5.83166706e-01 1.09758801e-01 2.54193794e-01 7.28375354e-02]
 [3.65596238e-68 0.00000000e+00 0.00000000e+00 0.00000000e+00]]
--------------------------------------------------
[2026-05-14 15:23:14] ERROR: 
Matrix Ego:
[[4.19377603e-01 3.87484307e-01 4.70383558e-01 7.50660093e-05]
 [3.22250100e-01 2.26562244e-01 2.40859686e-01 5.17617691e-03]
 [5.78611511e-03 1.09535797e-01 2.53788668e-01 3.80645747e-03]
 [3.61655735e-01 3.05735943e-01 4.26324022e-01 2.44696576e-01]]
Matrix Adv:
[[4.19377879e-01 3.87484421e-01 4.70384513e-01 5.17692643e-01]
 [3.24624673e-01 2.26608234e-01 2.40911551e-01 8.86761656e-02]
 [5.83166706e-01 1.09758801e-01 2.54193794e-01 7.28375354e-02]
 [3.65596238e-68 0.00000000e+00 0.00000000e+00 0.00000000e+00]]
--------------------------------------------------
[2026-05-14 15:23:14] ERROR: 
Matrix Ego:
[[4.19377603e-01 3.87484307e-01 4.70383558e-01 7.50660093e-05]
 [3.22250100e-01 2.26562244e-01 2.40859686e-01 5.17617691e-03]
 [5.78611511e-03 1.09535797e-01 2.53788668e-01 3.80645747e-03]
 [3.66313957e-01 3.05735943e-01 4.26324022e-01 2.44696576e-01]]
Matrix Adv:
[[4.19377879e-01 3.87484421e-01 4.70384513e-01 5.17692643e-01]
 [3.24624673e-01 2.26608234e-01 2.40911551e-01 8.86761656e-02]
 [5.83166706e-01 1.09758801e-01 2.54193794e-01 7.28375354e-02]
 [3.29036614e-68 0.00000000e+00 0.00000000e+00 0.00000000e+00]]
--------------------------------------------------
[2026-05-14 15:23:14] ERROR: 
Matrix Ego:
[[4.19377603e-01 3.87484307e-01 4.70383558e-01 7.50660093e-05]
 [3.22250100e-01 2.26562244e-01 2.40859686e-01 5.17617691e-03]
 [5.78611511e-03 1.09535797e-01 2.53788668e-01 3.80645747e-03]
 [3.66313957e-01 3.05735943e-01 4.26324022e-01 2.44696576e-01]]
Matrix Adv:
[[4.19377879e-01 3.87484421e-01 4.70384513e-01 5.17692643e-01]
 [3.24624673e-01 2.26608234e-01 2.40911551e-01 8.86761656e-02]
 [5.83166706e-01 1.09758801e-01 2.54193794e-01 7.28375354e-02]
 [3.29036614e-68 0.00000000e+00 0.00000000e+00 0.00000000e+00]]
--------------------------------------------------
[2026-05-14 15:23:14] ERROR: 
Matrix Ego:
[[4.19377603e-01 3.87484307e-01 4.70383558e-01 7.50660093e-05]
 [3.22250100e-01 2.26562244e-01 2.40859686e-01 5.17617691e-03]
 [5.78611511e-03 1.09535797e-01 2.53788668e-01 3.80645747e-03]
 [3.71195410e-01 3.05735943e-01 4.26324022e-01 2.44696576e-01]]
Matrix Adv:
[[4.19377879e-01 3.87484421e-01 4.70384513e-01 5.17692643e-01]
 [3.24624673e-01 2.26608234e-01 2.40911551e-01 8.86761656e-02]
 [5.83166706e-01 1.09758801e-01 2.54193794e-01 7.28375354e-02]
 [2.96132953e-68 0.00000000e+00 0.00000000e+00 0.00000000e+00]]
--------------------------------------------------
[2026-05-14 15:23:14] ERROR: 
Matrix Ego:
[[4.19377603e-01 3.87484307e-01 4.70383558e-01 7.50660093e-05]
 [3.22250100e-01 2.26562244e-01 2.40859686e-01 5.17617691e-03]
 [5.78611511e-03 1.09535797e-01 2.53788668e-01 3.80645747e-03]
 [3.71195410e-01 3.05735943e-01 4.26324022e-01 2.44696576e-01]]
Matrix Adv:
[[4.19377879e-01 3.87484421e-01 4.70384513e-01 5.17692643e-01]
 [3.24624673e-01 2.26608234e-01 2.40911551e-01 8.86761656e-02]
 [5.83166706e-01 1.09758801e-01 2.54193794e-01 7.28375354e-02]
 [2.96132953e-68 0.00000000e+00 0.00000000e+00 0.00000000e+00]]
--------------------------------------------------
[2026-05-14 15:23:14] ERROR: 
Matrix Ego:
[[4.19377603e-01 3.87484307e-01 4.70383558e-01 7.50660093e-05]
 [3.22250100e-01 2.26562244e-01 2.40859686e-01 5.17617691e-03]
 [5.78611511e-03 1.09535797e-01 2.53788668e-01 3.80645747e-03]
 [3.76262450e-01 3.05735943e-01 4.26324022e-01 2.44696576e-01]]
Matrix Adv:
[[4.19377879e-01 3.87484421e-01 4.70384513e-01 5.17692643e-01]
 [3.24624673e-01 2.26608234e-01 2.40911551e-01 8.86761656e-02]
 [5.83166706e-01 1.09758801e-01 2.54193794e-01 7.28375354e-02]
 [2.66519658e-68 0.00000000e+00 0.00000000e+00 0.00000000e+00]]
--------------------------------------------------
[2026-05-14 15:23:14] ERROR: 
Matrix Ego:
[[4.19377603e-01 3.87484307e-01 4.70383558e-01 7.50660093e-05]
 [3.22250100e-01 2.26562244e-01 2.40859686e-01 5.17617691e-03]
 [5.78611511e-03 1.09535797e-01 2.53788668e-01 3.80645747e-03]
 [3.76262450e-01 3.05735943e-01 4.26324022e-01 2.44696576e-01]]
Matrix Adv:
[[4.19377879e-01 3.87484421e-01 4.70384513e-01 5.17692643e-01]
 [3.24624673e-01 2.26608234e-01 2.40911551e-01 8.86761656e-02]
 [5.83166706e-01 1.09758801e-01 2.54193794e-01 7.28375354e-02]
 [2.66519658e-68 0.00000000e+00 0.00000000e+00 0.00000000e+00]]
--------------------------------------------------
[2026-05-14 15:23:14] ERROR: 
Matrix Ego:
[[4.19377603e-01 3.87484307e-01 4.70383558e-01 7.50660093e-05]
 [3.22250100e-01 2.26562244e-01 2.40859686e-01 5.22624460e-03]
 [5.78611511e-03 1.09535797e-01 2.53788668e-01 3.80645747e-03]
 [3.76262450e-01 3.05735943e-01 4.26324022e-01 2.44696576e-01]]
Matrix Adv:
[[4.19377879e-01 3.87484421e-01 4.70384513e-01 5.17692643e-01]
 [3.24624673e-01 2.26608234e-01 2.40911551e-01 8.96743093e-02]
 [5.83166706e-01 1.09758801e-01 2.54193794e-01 7.28375354e-02]
 [2.66519658e-68 0.00000000e+00 0.00000000e+00 0.00000000e+00]]
--------------------------------------------------
[2026-05-14 15:23:14] ERROR: 
Matrix Ego:
[[4.19377603e-01 3.87484307e-01 4.70383558e-01 7.50660093e-05]
 [3.22250100e-01 2.26562244e-01 2.40859686e-01 5.22624460e-03]
 [5.78611511e-03 1.09535797e-01 2.53788668e-01 3.80645747e-03]
 [3.76262450e-01 3.05735943e-01 4.26324022e-01 2.44696576e-01]]
Matrix Adv:
[[4.19377879e-01 3.87484421e-01 4.70384513e-01 5.17692643e-01]
 [3.24624673e-01 2.26608234e-01 2.40911551e-01 8.96743093e-02]
 [5.83166706e-01 1.09758801e-01 2.54193794e-01 7.28375354e-02]
 [2.66519658e-68 0.00000000e+00 0.00000000e+00 0.00000000e+00]]
--------------------------------------------------
[2026-05-14 15:23:14] ERROR: 
Matrix Ego:
[[4.19377603e-01 3.87484307e-01 4.70383558e-01 7.50660093e-05]
 [3.22250100e-01 2.26562244e-01 2.40859686e-01 5.22624460e-03]
 [5.78611511e-03 1.09535797e-01 2.53788668e-01 3.80645747e-03]
 [3.81477436e-01 3.05735943e-01 4.26324022e-01 2.44696576e-01]]
Matrix Adv:
[[4.19377879e-01 3.87484421e-01 4.70384513e-01 5.17692643e-01]
 [3.24624673e-01 2.26608234e-01 2.40911551e-01 8.96743093e-02]
 [5.83166706e-01 1.09758801e-01 2.54193794e-01 7.28375354e-02]
 [2.39867692e-68 0.00000000e+00 0.00000000e+00 0.00000000e+00]]
--------------------------------------------------
[2026-05-14 15:23:14] ERROR: 
Matrix Ego:
[[4.19377603e-01 3.87484307e-01 4.70383558e-01 7.50660093e-05]
 [3.22250100e-01 2.26562244e-01 2.40859686e-01 5.22624460e-03]
 [5.78611511e-03 1.09535797e-01 2.53788668e-01 3.80645747e-03]
 [3.81477436e-01 3.05735943e-01 4.26324022e-01 2.44696576e-01]]
Matrix Adv:
[[4.19377879e-01 3.87484421e-01 4.70384513e-01 5.17692643e-01]
 [3.24624673e-01 2.26608234e-01 2.40911551e-01 8.96743093e-02]
 [5.83166706e-01 1.09758801e-01 2.54193794e-01 7.28375354e-02]
 [2.39867692e-68 0.00000000e+00 0.00000000e+00 0.00000000e+00]]
--------------------------------------------------
[2026-05-14 15:23:15] ERROR: 
Matrix Ego:
[[4.19377603e-01 3.87484307e-01 4.70383558e-01 7.50660093e-05]
 [3.22250100e-01 2.26562244e-01 2.40859686e-01 5.22624460e-03]
 [5.78611511e-03 1.09535797e-01 2.53788668e-01 3.80645747e-03]
 [3.86803630e-01 3.05735943e-01 4.26324022e-01 2.44696576e-01]]
Matrix Adv:
[[4.19377879e-01 3.87484421e-01 4.70384513e-01 5.17692643e-01]
 [3.24624673e-01 2.26608234e-01 2.40911551e-01 8.96743093e-02]
 [5.83166706e-01 1.09758801e-01 2.54193794e-01 7.28375354e-02]
 [2.15880923e-68 0.00000000e+00 0.00000000e+00 0.00000000e+00]]
--------------------------------------------------
[2026-05-14 15:23:15] ERROR: 
Matrix Ego:
[[4.19377603e-01 3.87484307e-01 4.70383558e-01 7.50660093e-05]
 [3.22250100e-01 2.26562244e-01 2.40859686e-01 5.22624460e-03]
 [5.78611511e-03 1.09535797e-01 2.53788668e-01 3.80645747e-03]
 [3.86803630e-01 3.05735943e-01 4.26324022e-01 2.44696576e-01]]
Matrix Adv:
[[4.19377879e-01 3.87484421e-01 4.70384513e-01 5.17692643e-01]
 [3.24624673e-01 2.26608234e-01 2.40911551e-01 8.96743093e-02]
 [5.83166706e-01 1.09758801e-01 2.54193794e-01 7.28375354e-02]
 [2.15880923e-68 0.00000000e+00 0.00000000e+00 0.00000000e+00]]
--------------------------------------------------
[2026-05-14 15:23:15] ERROR: 
Matrix Ego:
[[4.19377603e-01 3.87484307e-01 4.70383558e-01 7.50660093e-05]
 [3.22250100e-01 2.26562244e-01 2.40859686e-01 5.22624460e-03]
 [5.78611511e-03 1.09535797e-01 2.53788668e-01 3.80645747e-03]
 [3.86803630e-01 3.05735943e-01 4.22571301e-01 2.44696576e-01]]
Matrix Adv:
[[4.19377879e-01 3.87484421e-01 4.70384513e-01 5.17692643e-01]
 [3.24624673e-01 2.26608234e-01 2.40911551e-01 8.96743093e-02]
 [5.83166706e-01 1.09758801e-01 2.54193794e-01 7.28375354e-02]
 [2.15880923e-68 0.00000000e+00 0.00000000e+00 0.00000000e+00]]
--------------------------------------------------
[2026-05-14 15:23:15] ERROR: 
Matrix Ego:
[[4.19377603e-01 3.87484307e-01 4.70383558e-01 7.50660093e-05]
 [3.22250100e-01 2.26562244e-01 2.40859686e-01 5.22624460e-03]
 [5.78611511e-03 1.09535797e-01 2.53788668e-01 3.80645747e-03]
 [3.86803630e-01 3.05735943e-01 4.22571301e-01 2.44696576e-01]]
Matrix Adv:
[[4.19377879e-01 3.87484421e-01 4.70384513e-01 5.17692643e-01]
 [3.24624673e-01 2.26608234e-01 2.40911551e-01 8.96743093e-02]
 [5.83166706e-01 1.09758801e-01 2.54193794e-01 7.28375354e-02]
 [2.15880923e-68 0.00000000e+00 0.00000000e+00 0.00000000e+00]]
--------------------------------------------------
[2026-05-14 15:23:15] ERROR: 
Matrix Ego:
[[4.19377603e-01 3.87484307e-01 4.70383558e-01 7.50660093e-05]
 [3.22250100e-01 2.26562244e-01 2.40859686e-01 5.22624460e-03]
 [5.78611511e-03 1.09535797e-01 2.53788668e-01 3.80645747e-03]
 [3.92205863e-01 3.05735943e-01 4.22571301e-01 2.44696576e-01]]
Matrix Adv:
[[4.19377879e-01 3.87484421e-01 4.70384513e-01 5.17692643e-01]
 [3.24624673e-01 2.26608234e-01 2.40911551e-01 8.96743093e-02]
 [5.83166706e-01 1.09758801e-01 2.54193794e-01 7.28375354e-02]
 [1.94292830e-68 0.00000000e+00 0.00000000e+00 0.00000000e+00]]
--------------------------------------------------
[2026-05-14 15:23:15] ERROR: 
Matrix Ego:
[[4.19377603e-01 3.87484307e-01 4.70383558e-01 7.50660093e-05]
 [3.22250100e-01 2.26562244e-01 2.40859686e-01 5.22624460e-03]
 [5.78611511e-03 1.09535797e-01 2.53788668e-01 3.80645747e-03]
 [3.92205863e-01 3.05735943e-01 4.22571301e-01 2.44696576e-01]]
Matrix Adv:
[[4.19377879e-01 3.87484421e-01 4.70384513e-01 5.17692643e-01]
 [3.24624673e-01 2.26608234e-01 2.40911551e-01 8.96743093e-02]
 [5.83166706e-01 1.09758801e-01 2.54193794e-01 7.28375354e-02]
 [1.94292830e-68 0.00000000e+00 0.00000000e+00 0.00000000e+00]]
--------------------------------------------------
[2026-05-14 15:23:16] ERROR: 
Matrix Ego:
[[4.19377603e-01 3.87484307e-01 4.70383558e-01 7.50660093e-05]
 [3.22250100e-01 2.26562244e-01 2.40859686e-01 5.22624460e-03]
 [5.78611511e-03 1.09535797e-01 2.53788668e-01 3.80645747e-03]
 [3.97067872e-01 3.05735943e-01 4.22571301e-01 2.44696576e-01]]
Matrix Adv:
[[4.19377879e-01 3.87484421e-01 4.70384513e-01 5.17692643e-01]
 [3.24624673e-01 2.26608234e-01 2.40911551e-01 8.96743093e-02]
 [5.83166706e-01 1.09758801e-01 2.54193794e-01 7.28375354e-02]
 [1.74863547e-68 0.00000000e+00 0.00000000e+00 0.00000000e+00]]
--------------------------------------------------
[2026-05-14 15:23:16] ERROR: 
Matrix Ego:
[[4.19377603e-01 3.87484307e-01 4.70383558e-01 7.50660093e-05]
 [3.22250100e-01 2.26562244e-01 2.40859686e-01 5.22624460e-03]
 [5.78611511e-03 1.09535797e-01 2.53788668e-01 3.80645747e-03]
 [3.97067872e-01 3.05735943e-01 4.22571301e-01 2.44696576e-01]]
Matrix Adv:
[[4.19377879e-01 3.87484421e-01 4.70384513e-01 5.17692643e-01]
 [3.24624673e-01 2.26608234e-01 2.40911551e-01 8.96743093e-02]
 [5.83166706e-01 1.09758801e-01 2.54193794e-01 7.28375354e-02]
 [1.74863547e-68 0.00000000e+00 0.00000000e+00 0.00000000e+00]]
--------------------------------------------------
[2026-05-14 15:23:16] ERROR: 
Matrix Ego:
[[4.19377603e-01 3.87484307e-01 4.70383558e-01 7.50660093e-05]
 [3.22250100e-01 2.26562244e-01 2.40859686e-01 5.22624460e-03]
 [5.78611511e-03 1.09535797e-01 2.53788668e-01 3.80645747e-03]
 [3.97067872e-01 3.05735943e-01 4.22571301e-01 2.53189817e-01]]
Matrix Adv:
[[4.19377879e-01 3.87484421e-01 4.70384513e-01 5.17692643e-01]
 [3.24624673e-01 2.26608234e-01 2.40911551e-01 8.96743093e-02]
 [5.83166706e-01 1.09758801e-01 2.54193794e-01 7.28375354e-02]
 [1.74863547e-68 0.00000000e+00 0.00000000e+00 0.00000000e+00]]
--------------------------------------------------
[2026-05-14 15:23:16] ERROR: 
Matrix Ego:
[[4.19377603e-01 3.87484307e-01 4.70383558e-01 7.50660093e-05]
 [3.22250100e-01 2.26562244e-01 2.40859686e-01 5.22624460e-03]
 [5.78611511e-03 1.09535797e-01 2.53788668e-01 3.80645747e-03]
 [3.97067872e-01 3.05735943e-01 4.22571301e-01 2.53189817e-01]]
Matrix Adv:
[[4.19377879e-01 3.87484421e-01 4.70384513e-01 5.17692643e-01]
 [3.24624673e-01 2.26608234e-01 2.40911551e-01 8.96743093e-02]
 [5.83166706e-01 1.09758801e-01 2.54193794e-01 7.28375354e-02]
 [1.74863547e-68 0.00000000e+00 0.00000000e+00 0.00000000e+00]]
--------------------------------------------------
[2026-05-14 15:23:16] ERROR: 
Matrix Ego:
[[4.19377603e-01 3.87484307e-01 4.70383558e-01 7.50660093e-05]
 [3.22250100e-01 2.26562244e-01 2.40859686e-01 5.22624460e-03]
 [5.78611511e-03 1.09535797e-01 2.53788668e-01 3.80645747e-03]
 [4.02026823e-01 3.05735943e-01 4.22571301e-01 2.53189817e-01]]
Matrix Adv:
[[4.19377879e-01 3.87484421e-01 4.70384513e-01 5.17692643e-01]
 [3.24624673e-01 2.26608234e-01 2.40911551e-01 8.96743093e-02]
 [5.83166706e-01 1.09758801e-01 2.54193794e-01 7.28375354e-02]
 [1.57377193e-68 0.00000000e+00 0.00000000e+00 0.00000000e+00]]
--------------------------------------------------
[2026-05-14 15:23:16] ERROR: 
Matrix Ego:
[[4.19377603e-01 3.87484307e-01 4.70383558e-01 7.50660093e-05]
 [3.22250100e-01 2.26562244e-01 2.40859686e-01 5.22624460e-03]
 [5.78611511e-03 1.09535797e-01 2.53788668e-01 3.80645747e-03]
 [4.02026823e-01 3.05735943e-01 4.22571301e-01 2.53189817e-01]]
Matrix Adv:
[[4.19377879e-01 3.87484421e-01 4.70384513e-01 5.17692643e-01]
 [3.24624673e-01 2.26608234e-01 2.40911551e-01 8.96743093e-02]
 [5.83166706e-01 1.09758801e-01 2.54193794e-01 7.28375354e-02]
 [1.57377193e-68 0.00000000e+00 0.00000000e+00 0.00000000e+00]]
--------------------------------------------------
[2026-05-14 15:23:17] ERROR: 
Matrix Ego:
[[4.19377603e-01 3.87484307e-01 4.70383558e-01 7.50660093e-05]
 [3.22250100e-01 2.26562244e-01 2.40859686e-01 5.22624460e-03]
 [6.77776925e-03 1.09535797e-01 2.53788668e-01 3.80645747e-03]
 [4.02026823e-01 3.05735943e-01 4.22571301e-01 2.53189817e-01]]
Matrix Adv:
[[4.19377879e-01 3.87484421e-01 4.70384513e-01 5.17692643e-01]
 [3.24624673e-01 2.26608234e-01 2.40911551e-01 8.96743093e-02]
 [5.83189205e-01 1.09758801e-01 2.54193794e-01 7.28375354e-02]
 [1.57377193e-68 0.00000000e+00 0.00000000e+00 0.00000000e+00]]
--------------------------------------------------
[2026-05-14 15:23:17] ERROR: 
Matrix Ego:
[[4.19377603e-01 3.87484307e-01 4.70383558e-01 7.50660093e-05]
 [3.22250100e-01 2.26562244e-01 2.40859686e-01 5.22624460e-03]
 [6.77776925e-03 1.09535797e-01 2.53788668e-01 3.80645747e-03]
 [4.02026823e-01 3.05735943e-01 4.22571301e-01 2.53189817e-01]]
Matrix Adv:
[[4.19377879e-01 3.87484421e-01 4.70384513e-01 5.17692643e-01]
 [3.24624673e-01 2.26608234e-01 2.40911551e-01 8.96743093e-02]
 [5.83189205e-01 1.09758801e-01 2.54193794e-01 7.28375354e-02]
 [1.57377193e-68 0.00000000e+00 0.00000000e+00 0.00000000e+00]]
--------------------------------------------------
[2026-05-14 15:23:17] ERROR: 
Matrix Ego:
[[4.19377603e-01 3.87484307e-01 4.70383558e-01 7.50660093e-05]
 [3.22250100e-01 2.26562244e-01 2.40859686e-01 5.22624460e-03]
 [6.77776925e-03 1.09535797e-01 2.53788668e-01 3.80645747e-03]
 [4.02026823e-01 3.07180118e-01 4.22571301e-01 2.53189817e-01]]
Matrix Adv:
[[4.19377879e-01 3.87484421e-01 4.70384513e-01 5.17692643e-01]
 [3.24624673e-01 2.26608234e-01 2.40911551e-01 8.96743093e-02]
 [5.83189205e-01 1.09758801e-01 2.54193794e-01 7.28375354e-02]
 [1.57377193e-68 0.00000000e+00 0.00000000e+00 0.00000000e+00]]
--------------------------------------------------
[2026-05-14 15:23:17] ERROR: 
Matrix Ego:
[[4.19377603e-01 3.87484307e-01 4.70383558e-01 7.50660093e-05]
 [3.22250100e-01 2.26562244e-01 2.40859686e-01 5.22624460e-03]
 [6.77776925e-03 1.09535797e-01 2.53788668e-01 3.80645747e-03]
 [4.02026823e-01 3.07180118e-01 4.22571301e-01 2.53189817e-01]]
Matrix Adv:
[[4.19377879e-01 3.87484421e-01 4.70384513e-01 5.17692643e-01]
 [3.24624673e-01 2.26608234e-01 2.40911551e-01 8.96743093e-02]
 [5.83189205e-01 1.09758801e-01 2.54193794e-01 7.28375354e-02]
 [1.57377193e-68 0.00000000e+00 0.00000000e+00 0.00000000e+00]]
--------------------------------------------------
[2026-05-14 15:23:17] ERROR: 
Matrix Ego:
[[4.19377603e-01 3.87484307e-01 4.70383558e-01 7.50660093e-05]
 [3.22250100e-01 2.26562244e-01 2.40859686e-01 5.22624460e-03]
 [6.77776925e-03 1.09535797e-01 2.53788668e-01 3.80645747e-03]
 [4.07014707e-01 3.07180118e-01 4.22571301e-01 2.53189817e-01]]
Matrix Adv:
[[4.19377879e-01 3.87484421e-01 4.70384513e-01 5.17692643e-01]
 [3.24624673e-01 2.26608234e-01 2.40911551e-01 8.96743093e-02]
 [5.83189205e-01 1.09758801e-01 2.54193794e-01 7.28375354e-02]
 [1.41639473e-68 0.00000000e+00 0.00000000e+00 0.00000000e+00]]
--------------------------------------------------
[2026-05-14 15:23:17] ERROR: 
Matrix Ego:
[[4.19377603e-01 3.87484307e-01 4.70383558e-01 7.50660093e-05]
 [3.22250100e-01 2.26562244e-01 2.40859686e-01 5.22624460e-03]
 [6.77776925e-03 1.09535797e-01 2.53788668e-01 3.80645747e-03]
 [4.07014707e-01 3.07180118e-01 4.22571301e-01 2.53189817e-01]]
Matrix Adv:
[[4.19377879e-01 3.87484421e-01 4.70384513e-01 5.17692643e-01]
 [3.24624673e-01 2.26608234e-01 2.40911551e-01 8.96743093e-02]
 [5.83189205e-01 1.09758801e-01 2.54193794e-01 7.28375354e-02]
 [1.41639473e-68 0.00000000e+00 0.00000000e+00 0.00000000e+00]]
--------------------------------------------------
[2026-05-14 15:23:17] ERROR: 
Matrix Ego:
[[4.19377603e-01 3.87484307e-01 4.70383558e-01 7.50660093e-05]
 [3.22250100e-01 2.26562244e-01 2.40859686e-01 5.22624460e-03]
 [6.77776925e-03 1.09535797e-01 2.53788668e-01 3.80645747e-03]
 [4.12036718e-01 3.07180118e-01 4.22571301e-01 2.53189817e-01]]
Matrix Adv:
[[4.19377879e-01 3.87484421e-01 4.70384513e-01 5.17692643e-01]
 [3.24624673e-01 2.26608234e-01 2.40911551e-01 8.96743093e-02]
 [5.83189205e-01 1.09758801e-01 2.54193794e-01 7.28375354e-02]
 [1.27475526e-68 0.00000000e+00 0.00000000e+00 0.00000000e+00]]
--------------------------------------------------
[2026-05-14 15:23:17] ERROR: 
Matrix Ego:
[[4.19377603e-01 3.87484307e-01 4.70383558e-01 7.50660093e-05]
 [3.22250100e-01 2.26562244e-01 2.40859686e-01 5.22624460e-03]
 [6.77776925e-03 1.09535797e-01 2.53788668e-01 3.80645747e-03]
 [4.12036718e-01 3.07180118e-01 4.22571301e-01 2.53189817e-01]]
Matrix Adv:
[[4.19377879e-01 3.87484421e-01 4.70384513e-01 5.17692643e-01]
 [3.24624673e-01 2.26608234e-01 2.40911551e-01 8.96743093e-02]
 [5.83189205e-01 1.09758801e-01 2.54193794e-01 7.28375354e-02]
 [1.27475526e-68 0.00000000e+00 0.00000000e+00 0.00000000e+00]]
--------------------------------------------------
[2026-05-14 15:23:18] ERROR: 
Matrix Ego:
[[4.19377603e-01 3.87484307e-01 4.70383558e-01 7.50660093e-05]
 [3.22250100e-01 2.26562244e-01 2.40859686e-01 5.22624460e-03]
 [6.77776925e-03 1.09535797e-01 2.53788668e-01 3.80645747e-03]
 [4.17062031e-01 3.07180118e-01 4.22571301e-01 2.53189817e-01]]
Matrix Adv:
[[4.19377879e-01 3.87484421e-01 4.70384513e-01 5.17692643e-01]
 [3.24624673e-01 2.26608234e-01 2.40911551e-01 8.96743093e-02]
 [5.83189205e-01 1.09758801e-01 2.54193794e-01 7.28375354e-02]
 [1.14727973e-68 0.00000000e+00 0.00000000e+00 0.00000000e+00]]
--------------------------------------------------
[2026-05-14 15:23:18] ERROR: 
Matrix Ego:
[[4.19377603e-01 3.87484307e-01 4.70383558e-01 7.50660093e-05]
 [3.22250100e-01 2.26562244e-01 2.40859686e-01 5.22624460e-03]
 [6.77776925e-03 1.09535797e-01 2.53788668e-01 3.80645747e-03]
 [4.17062031e-01 3.07180118e-01 4.22571301e-01 2.53189817e-01]]
Matrix Adv:
[[4.19377879e-01 3.87484421e-01 4.70384513e-01 5.17692643e-01]
 [3.24624673e-01 2.26608234e-01 2.40911551e-01 8.96743093e-02]
 [5.83189205e-01 1.09758801e-01 2.54193794e-01 7.28375354e-02]
 [1.14727973e-68 0.00000000e+00 0.00000000e+00 0.00000000e+00]]
--------------------------------------------------
